Nombre,Categoria,Distrito,Rating,Opiniones,Telefono,Tipo_Oportunidad,Subdominio_Sugerido,Enlace_WhatsApp
"U Y W A",cafeterias,"Miraflores",5,150,990271451,NEEDS_WEBSITE,u-y-w-a.cafeterias.todolima.com,"https://wa.me/51990271451?text=Hola%20equipo%20de%20*U%20Y%20W%20A*%20%F0%9F%91%8B%2C%20los%20saluda%20el%20equipo%20de%20*Todo%20Lima*%20(todolima.com).%0A%0AVimos%20que%20son%20uno%20de%20los%20negocios%20con%20mejor%20reputaci%C3%B3n%20en%20Google%20Maps%20en%20*Miraflores*%20(%E2%AD%90%20*5.0*%20con%20150%20opiniones)%20%C2%A1Felicitaciones%20por%20tan%20buen%20trabajo!%20%F0%9F%91%8F%0A%0ARevisamos%20su%20ficha%20y%20notamos%20que%20*a%C3%BAn%20no%20cuentan%20con%20una%20p%C3%A1gina%20web%20oficial*%20donde%20sus%20clientes%20puedan%20consultar%20sus%20servicios%20y%20agendar%20directamente%20por%20WhatsApp.%0A%0AEn%20*Todo%20Lima*%20creamos%20landing%20pages%20ultrarr%C3%A1pidas%20pensadas%20para%20negocios%20locales%3A%0A%E2%9C%85%20Subdominio%20verificado%3A%20*u-y-w-a.cafeterias.todolima.com*%0A%E2%9C%85%20Bot%C3%B3n%20de%20WhatsApp%20directo%20para%20recibir%20pedidos%20y%20citas%20al%20instante%0A%E2%9C%85%20Mapa%20interactivo%20para%20que%20lleguen%20a%20su%20local%20en%20Miraflores%0A%E2%9C%85%20Carga%20en%20menos%20de%201%20segundo%20en%20celulares%0A%E2%9C%85%20Ficha%20destacada%20en%20el%20directorio%20todolima.com%0A%0APreparamos%20una%20demostraci%C3%B3n%20sin%20costo%20de%20c%C3%B3mo%20se%20ver%C3%ADa%20la%20web%20de%20*U%20Y%20W%20A*.%20%C2%BFLes%20gustar%C3%ADa%20que%20les%20comparta%20el%20enlace%20de%20prueba%20por%20aqu%C3%AD%3F%20%F0%9F%9A%80"
"Casa Paloma",cafeterias,"Lima",5,70,992083450,UPGRADE_SOCIAL,casa-paloma.cafeterias.todolima.com,"https://wa.me/51992083450?text=Hola%20equipo%20de%20*Casa%20Paloma*%20%F0%9F%91%8B%2C%20les%20escribe%20el%20equipo%20de%20*Todo%20Lima*.%0A%0ARevisamos%20su%20destacada%20presencia%20en%20Google%20Maps%20en%20*Lima*%20(%E2%AD%90%20*5.0*%20estrellas).%20Notamos%20que%20su%20enlace%20de%20contacto%20actual%20es%20un%20perfil%20de%20*Instagram*.%0A%0AMuchos%20clientes%20que%20buscan%20servicios%20en%20Google%20prefieren%20una%20web%20r%C3%A1pida%20donde%20ver%20cat%C3%A1logo%2C%20fotos%20y%20tarifas%20sin%20tener%20que%20entrar%20a%20una%20red%20social%20o%20ver%20distracciones%20de%20la%20competencia.%0A%0A%C2%BFLes%20interesar%C3%ADa%20complementar%20su%20Instagram%20con%20una%20p%C3%A1gina%20web%20oficial%20(*casa-paloma.cafeterias.todolima.com*)%20con%20bot%C3%B3n%20directo%20a%20WhatsApp%20y%20presencia%20prioritaria%20en%20Todo%20Lima%3F%0A%0ATenemos%20una%20maqueta%20lista%20para%20mostrarles%20sin%20compromiso.%20%C2%BFSe%20las%20comparto%20por%20este%20medio%3F%20%F0%9F%93%B2"
"Varietal Desarrolladores de Café",cafeterias,"Barranco",5,57,916118149,NEEDS_WEBSITE,varietal-desarrolladores-de-ca.cafeterias.todolima.com,"https://wa.me/51916118149?text=Hola%20equipo%20de%20*Varietal%20Desarrolladores%20de%20Caf%C3%A9*%20%F0%9F%91%8B%2C%20los%20saluda%20el%20equipo%20de%20*Todo%20Lima*%20(todolima.com).%0A%0AVimos%20que%20son%20uno%20de%20los%20negocios%20con%20mejor%20reputaci%C3%B3n%20en%20Google%20Maps%20en%20*Barranco*%20(%E2%AD%90%20*5.0*%20con%2057%20opiniones)%20%C2%A1Felicitaciones%20por%20tan%20buen%20trabajo!%20%F0%9F%91%8F%0A%0ARevisamos%20su%20ficha%20y%20notamos%20que%20*a%C3%BAn%20no%20cuentan%20con%20una%20p%C3%A1gina%20web%20oficial*%20donde%20sus%20clientes%20puedan%20consultar%20sus%20servicios%20y%20agendar%20directamente%20por%20WhatsApp.%0A%0AEn%20*Todo%20Lima*%20creamos%20landing%20pages%20ultrarr%C3%A1pidas%20pensadas%20para%20negocios%20locales%3A%0A%E2%9C%85%20Subdominio%20verificado%3A%20*varietal-desarrolladores-de-ca.cafeterias.todolima.com*%0A%E2%9C%85%20Bot%C3%B3n%20de%20WhatsApp%20directo%20para%20recibir%20pedidos%20y%20citas%20al%20instante%0A%E2%9C%85%20Mapa%20interactivo%20para%20que%20lleguen%20a%20su%20local%20en%20Barranco%0A%E2%9C%85%20Carga%20en%20menos%20de%201%20segundo%20en%20celulares%0A%E2%9C%85%20Ficha%20destacada%20en%20el%20directorio%20todolima.com%0A%0APreparamos%20una%20demostraci%C3%B3n%20sin%20costo%20de%20c%C3%B3mo%20se%20ver%C3%ADa%20la%20web%20de%20*Varietal%20Desarrolladores%20de%20Caf%C3%A9*.%20%C2%BFLes%20gustar%C3%ADa%20que%20les%20comparta%20el%20enlace%20de%20prueba%20por%20aqu%C3%AD%3F%20%F0%9F%9A%80"
"Cardinal Café - Alcanfores",cafeterias,"Miraflores",5,24,999025089,UPGRADE_SOCIAL,cardinal-cafe-alcanfores.cafeterias.todolima.com,"https://wa.me/51999025089?text=Hola%20equipo%20de%20*Cardinal%20Caf%C3%A9%20-%20Alcanfores*%20%F0%9F%91%8B%2C%20les%20escribe%20el%20equipo%20de%20*Todo%20Lima*.%0A%0ARevisamos%20su%20destacada%20presencia%20en%20Google%20Maps%20en%20*Miraflores*%20(%E2%AD%90%20*5.0*%20estrellas).%20Notamos%20que%20su%20enlace%20de%20contacto%20actual%20es%20un%20perfil%20de%20*Linktree*.%0A%0AMuchos%20clientes%20que%20buscan%20servicios%20en%20Google%20prefieren%20una%20web%20r%C3%A1pida%20donde%20ver%20cat%C3%A1logo%2C%20fotos%20y%20tarifas%20sin%20tener%20que%20entrar%20a%20una%20red%20social%20o%20ver%20distracciones%20de%20la%20competencia.%0A%0A%C2%BFLes%20interesar%C3%ADa%20complementar%20su%20Linktree%20con%20una%20p%C3%A1gina%20web%20oficial%20(*cardinal-cafe-alcanfores.cafeterias.todolima.com*)%20con%20bot%C3%B3n%20directo%20a%20WhatsApp%20y%20presencia%20prioritaria%20en%20Todo%20Lima%3F%0A%0ATenemos%20una%20maqueta%20lista%20para%20mostrarles%20sin%20compromiso.%20%C2%BFSe%20las%20comparto%20por%20este%20medio%3F%20%F0%9F%93%B2"
"Warmi Sumaq | Café de especialidad",cafeterias,"Miraflores",5,14,925291168,UPGRADE_SOCIAL,warmi-sumaq-cafe-de-especialid.cafeterias.todolima.com,"https://wa.me/51925291168?text=Hola%20equipo%20de%20*Warmi%20Sumaq%20%7C%20Caf%C3%A9%20de%20especialidad*%20%F0%9F%91%8B%2C%20les%20escribe%20el%20equipo%20de%20*Todo%20Lima*.%0A%0ARevisamos%20su%20destacada%20presencia%20en%20Google%20Maps%20en%20*Miraflores*%20(%E2%AD%90%20*5.0*%20estrellas).%20Notamos%20que%20su%20enlace%20de%20contacto%20actual%20es%20un%20perfil%20de%20*Linktree*.%0A%0AMuchos%20clientes%20que%20buscan%20servicios%20en%20Google%20prefieren%20una%20web%20r%C3%A1pida%20donde%20ver%20cat%C3%A1logo%2C%20fotos%20y%20tarifas%20sin%20tener%20que%20entrar%20a%20una%20red%20social%20o%20ver%20distracciones%20de%20la%20competencia.%0A%0A%C2%BFLes%20interesar%C3%ADa%20complementar%20su%20Linktree%20con%20una%20p%C3%A1gina%20web%20oficial%20(*warmi-sumaq-cafe-de-especialid.cafeterias.todolima.com*)%20con%20bot%C3%B3n%20directo%20a%20WhatsApp%20y%20presencia%20prioritaria%20en%20Todo%20Lima%3F%0A%0ATenemos%20una%20maqueta%20lista%20para%20mostrarles%20sin%20compromiso.%20%C2%BFSe%20las%20comparto%20por%20este%20medio%3F%20%F0%9F%93%B2"
"Abad Inmobiliaria",agentes-inmobiliarios,"Lima",5,501,973843630,REDESIGN_WEBSITE,abad-inmobiliaria.agentes-inmobiliarios.todolima.com,"https://wa.me/51973843630?text=Hola%20equipo%20de%20*Abad%20Inmobiliaria*%20%F0%9F%91%8B%2C%20gusto%20en%20saludarlos.%0A%0ALes%20escribimos%20desde%20*Todo%20Lima*.%20Al%20revisar%20a%20los%20referentes%20de%20*Lima*%20(donde%20ustedes%20destacan%20con%20%E2%AD%90%20*5.0*)%2C%20realizamos%20una%20auditor%C3%ADa%20t%C3%A9cnica%20gratuita%20a%20su%20web%20actual%20(*http%3A%2F%2Fabadinmobiliaria.com%2F*).%0A%0ADetectamos%20algunos%20puntos%20cr%C3%ADticos%20que%20podr%C3%ADan%20estar%20frenando%20sus%20consultas%3A%0A%E2%80%A2%20Carece%20de%20meta-descripci%C3%B3n%20optimizada%20para%20b%C3%BAsquedas%20en%20Google.%0A%E2%80%A2%20Sin%20etiqueta%20de%20t%C3%ADtulo%20principal%20H1%20para%20posicionamiento%20org%C3%A1nico.%0A%E2%80%A2%20No%20tiene%20bot%C3%B3n%20directo%20a%20WhatsApp%20(pierde%20hasta%2060%25%20de%20contactos%20en%20Lima).%0A%0A%F0%9F%91%89%20*Dato%20clave%3A*%20El%2065%25%20de%20usuarios%20en%20Lima%20abandonan%20una%20web%20si%20no%20encuentran%20un%20bot%C3%B3n%20flotante%20de%20WhatsApp%20para%20consultar%20en%20el%20momento.%0A%0A%0APodemos%20modernizar%20su%20web%20para%20que%20cargue%20al%20instante%20y%20multiplique%20sus%20contactos%20por%20WhatsApp.%20%C2%BFLes%20gustar%C3%ADa%20que%20les%20enviemos%20el%20reporte%20t%C3%A9cnico%20completo%3F%20%F0%9F%93%8A"
"Silvana Verano Agente Inmobiliario Registrado PN-11229-MVCS",agentes-inmobiliarios,"San Isidro",5,7,999958372,NEEDS_WEBSITE,silvana-verano-agente-inmobili.agentes-inmobiliarios.todolima.com,"https://wa.me/51999958372?text=Hola%20equipo%20de%20*Silvana%20Verano%20Agente%20Inmobiliario%20Registrado%20PN-11229-MVCS*%20%F0%9F%91%8B%2C%20los%20saluda%20el%20equipo%20de%20*Todo%20Lima*%20(todolima.com).%0A%0AVimos%20que%20son%20uno%20de%20los%20negocios%20con%20mejor%20reputaci%C3%B3n%20en%20Google%20Maps%20en%20*San%20Isidro*%20(%E2%AD%90%20*5.0*%20con%207%20opiniones)%20%C2%A1Felicitaciones%20por%20tan%20buen%20trabajo!%20%F0%9F%91%8F%0A%0ARevisamos%20su%20ficha%20y%20notamos%20que%20*a%C3%BAn%20no%20cuentan%20con%20una%20p%C3%A1gina%20web%20oficial*%20donde%20sus%20clientes%20puedan%20consultar%20sus%20servicios%20y%20agendar%20directamente%20por%20WhatsApp.%0A%0AEn%20*Todo%20Lima*%20creamos%20landing%20pages%20ultrarr%C3%A1pidas%20pensadas%20para%20negocios%20locales%3A%0A%E2%9C%85%20Subdominio%20verificado%3A%20*silvana-verano-agente-inmobili.agentes-inmobiliarios.todolima.com*%0A%E2%9C%85%20Bot%C3%B3n%20de%20WhatsApp%20directo%20para%20recibir%20pedidos%20y%20citas%20al%20instante%0A%E2%9C%85%20Mapa%20interactivo%20para%20que%20lleguen%20a%20su%20local%20en%20San%20Isidro%0A%E2%9C%85%20Carga%20en%20menos%20de%201%20segundo%20en%20celulares%0A%E2%9C%85%20Ficha%20destacada%20en%20el%20directorio%20todolima.com%0A%0APreparamos%20una%20demostraci%C3%B3n%20sin%20costo%20de%20c%C3%B3mo%20se%20ver%C3%ADa%20la%20web%20de%20*Silvana%20Verano%20Agente%20Inmobiliario%20Registrado%20PN-11229-MVCS*.%20%C2%BFLes%20gustar%C3%ADa%20que%20les%20comparta%20el%20enlace%20de%20prueba%20por%20aqu%C3%AD%3F%20%F0%9F%9A%80"
"Desarrollo Social Inmobiliario - Agencia Inmobiliaria en Perú / Proyectos Inmobiliarios",agentes-inmobiliarios,"Miraflores",5,2,905448017,REDESIGN_WEBSITE,desarrollo-social-inmobiliario.agentes-inmobiliarios.todolima.com,"https://wa.me/51905448017?text=Hola%20equipo%20de%20*Desarrollo%20Social%20Inmobiliario%20-%20Agencia%20Inmobiliaria%20en%20Per%C3%BA%20%2F%20Proyectos%20Inmobiliarios*%20%F0%9F%91%8B%2C%20gusto%20en%20saludarlos.%0A%0ALes%20escribimos%20desde%20*Todo%20Lima*.%20Al%20revisar%20a%20los%20referentes%20de%20*Miraflores*%20(donde%20ustedes%20destacan%20con%20%E2%AD%90%20*5.0*)%2C%20realizamos%20una%20auditor%C3%ADa%20t%C3%A9cnica%20gratuita%20a%20su%20web%20actual%20(*https%3A%2F%2Fdsinmobiliario.com.pe%2F*).%0A%0ADetectamos%20algunos%20puntos%20cr%C3%ADticos%20que%20podr%C3%ADan%20estar%20frenando%20sus%20consultas%3A%0A%E2%80%A2%20M%C3%BAltiples%20etiquetas%20H1%20detectadas%20(5)%2C%20diluyendo%20la%20fuerza%20SEO.%0A%E2%80%A2%20No%20tiene%20bot%C3%B3n%20directo%20a%20WhatsApp%20(pierde%20hasta%2060%25%20de%20contactos%20en%20Lima).%0A%0A%F0%9F%91%89%20*Dato%20clave%3A*%20El%2065%25%20de%20usuarios%20en%20Lima%20abandonan%20una%20web%20si%20no%20encuentran%20un%20bot%C3%B3n%20flotante%20de%20WhatsApp%20para%20consultar%20en%20el%20momento.%0A%0A%0APodemos%20modernizar%20su%20web%20para%20que%20cargue%20al%20instante%20y%20multiplique%20sus%20contactos%20por%20WhatsApp.%20%C2%BFLes%20gustar%C3%ADa%20que%20les%20enviemos%20el%20reporte%20t%C3%A9cnico%20completo%3F%20%F0%9F%93%8A"
"Grúas Altés S.A.C.",auxilio-mecanico,"San Isidro",5,13,990890015,REDESIGN_WEBSITE,gruas-altes-s-a-c.auxilio-mecanico.todolima.com,"https://wa.me/51990890015?text=Hola%20equipo%20de%20*Gr%C3%BAas%20Alt%C3%A9s%20S.A.C.*%20%F0%9F%91%8B%2C%20gusto%20en%20saludarlos.%0A%0ALes%20escribimos%20desde%20*Todo%20Lima*.%20Al%20revisar%20a%20los%20referentes%20de%20*San%20Isidro*%20(donde%20ustedes%20destacan%20con%20%E2%AD%90%20*5.0*)%2C%20realizamos%20una%20auditor%C3%ADa%20t%C3%A9cnica%20gratuita%20a%20su%20web%20actual%20(*https%3A%2F%2Fgruasaltes.pe%2F*).%0A%0ADetectamos%20algunos%20puntos%20cr%C3%ADticos%20que%20podr%C3%ADan%20estar%20frenando%20sus%20consultas%3A%0A%E2%80%A2%20El%20servidor%20tard%C3%B3%20m%C3%A1s%20de%204s%20en%20responder%20(Timeout).%20El%20sitio%20est%C3%A1%20pr%C3%A1cticamente%20inoperativo%20para%20usuarios%20m%C3%B3viles.%0A%0A%F0%9F%91%89%20*Dato%20clave%3A*%20El%2065%25%20de%20usuarios%20en%20Lima%20abandonan%20una%20web%20si%20no%20encuentran%20un%20bot%C3%B3n%20flotante%20de%20WhatsApp%20para%20consultar%20en%20el%20momento.%0A%F0%9F%91%89%20*Velocidad%3A*%20Su%20web%20tarda%204.0s%20en%20responder%2C%20cuando%20el%20est%C3%A1ndar%20recomendado%20para%20m%C3%B3viles%20es%20menor%20a%201.5s.%0A%0APodemos%20modernizar%20su%20web%20para%20que%20cargue%20al%20instante%20y%20multiplique%20sus%20contactos%20por%20WhatsApp.%20%C2%BFLes%20gustar%C3%ADa%20que%20les%20enviemos%20el%20reporte%20t%C3%A9cnico%20completo%3F%20%F0%9F%93%8A"
"SERVICIO DE GRÚAS Y AUXILIOS",auxilio-mecanico,"San Martín de Porres",5,5,989382658,NEEDS_WEBSITE,servicio-de-gruas-y-auxilios.auxilio-mecanico.todolima.com,"https://wa.me/51989382658?text=Hola%20equipo%20de%20*SERVICIO%20DE%20GR%C3%9AAS%20Y%20AUXILIOS*%20%F0%9F%91%8B%2C%20los%20saluda%20el%20equipo%20de%20*Todo%20Lima*%20(todolima.com).%0A%0AVimos%20que%20son%20uno%20de%20los%20negocios%20con%20mejor%20reputaci%C3%B3n%20en%20Google%20Maps%20en%20*San%20Mart%C3%ADn%20de%20Porres*%20(%E2%AD%90%20*5.0*%20con%205%20opiniones)%20%C2%A1Felicitaciones%20por%20tan%20buen%20trabajo!%20%F0%9F%91%8F%0A%0ARevisamos%20su%20ficha%20y%20notamos%20que%20*a%C3%BAn%20no%20cuentan%20con%20una%20p%C3%A1gina%20web%20oficial*%20donde%20sus%20clientes%20puedan%20consultar%20sus%20servicios%20y%20agendar%20directamente%20por%20WhatsApp.%0A%0AEn%20*Todo%20Lima*%20creamos%20landing%20pages%20ultrarr%C3%A1pidas%20pensadas%20para%20negocios%20locales%3A%0A%E2%9C%85%20Subdominio%20verificado%3A%20*servicio-de-gruas-y-auxilios.auxilio-mecanico.todolima.com*%0A%E2%9C%85%20Bot%C3%B3n%20de%20WhatsApp%20directo%20para%20recibir%20pedidos%20y%20citas%20al%20instante%0A%E2%9C%85%20Mapa%20interactivo%20para%20que%20lleguen%20a%20su%20local%20en%20San%20Mart%C3%ADn%20de%20Porres%0A%E2%9C%85%20Carga%20en%20menos%20de%201%20segundo%20en%20celulares%0A%E2%9C%85%20Ficha%20destacada%20en%20el%20directorio%20todolima.com%0A%0APreparamos%20una%20demostraci%C3%B3n%20sin%20costo%20de%20c%C3%B3mo%20se%20ver%C3%ADa%20la%20web%20de%20*SERVICIO%20DE%20GR%C3%9AAS%20Y%20AUXILIOS*.%20%C2%BFLes%20gustar%C3%ADa%20que%20les%20comparta%20el%20enlace%20de%20prueba%20por%20aqu%C3%AD%3F%20%F0%9F%9A%80"
"GRÚAS Y MAQUINARIAS DEL PERÚ",auxilio-mecanico,"Pachacámac",5,3,950818011,UPGRADE_SOCIAL,gruas-y-maquinarias-del-peru.auxilio-mecanico.todolima.com,"https://wa.me/51950818011?text=Hola%20equipo%20de%20*GR%C3%9AAS%20Y%20MAQUINARIAS%20DEL%20PER%C3%9A*%20%F0%9F%91%8B%2C%20les%20escribe%20el%20equipo%20de%20*Todo%20Lima*.%0A%0ARevisamos%20su%20destacada%20presencia%20en%20Google%20Maps%20en%20*Pachac%C3%A1mac*%20(%E2%AD%90%20*5.0*%20estrellas).%20Notamos%20que%20su%20enlace%20de%20contacto%20actual%20es%20un%20perfil%20de%20*Facebook*.%0A%0AMuchos%20clientes%20que%20buscan%20servicios%20en%20Google%20prefieren%20una%20web%20r%C3%A1pida%20donde%20ver%20cat%C3%A1logo%2C%20fotos%20y%20tarifas%20sin%20tener%20que%20entrar%20a%20una%20red%20social%20o%20ver%20distracciones%20de%20la%20competencia.%0A%0A%C2%BFLes%20interesar%C3%ADa%20complementar%20su%20Facebook%20con%20una%20p%C3%A1gina%20web%20oficial%20(*gruas-y-maquinarias-del-peru.auxilio-mecanico.todolima.com*)%20con%20bot%C3%B3n%20directo%20a%20WhatsApp%20y%20presencia%20prioritaria%20en%20Todo%20Lima%3F%0A%0ATenemos%20una%20maqueta%20lista%20para%20mostrarles%20sin%20compromiso.%20%C2%BFSe%20las%20comparto%20por%20este%20medio%3F%20%F0%9F%93%B2"
"Gruas para autos y Camiones",auxilio-mecanico,"Lima",5,2,959121838,REDESIGN_WEBSITE,gruas-para-autos-y-camiones.auxilio-mecanico.todolima.com,"https://wa.me/51959121838?text=Hola%20equipo%20de%20*Gruas%20para%20autos%20y%20Camiones*%20%F0%9F%91%8B%2C%20gusto%20en%20saludarlos.%0A%0ALes%20escribimos%20desde%20*Todo%20Lima*.%20Al%20revisar%20a%20los%20referentes%20de%20*Lima*%20(donde%20ustedes%20destacan%20con%20%E2%AD%90%20*5.0*)%2C%20realizamos%20una%20auditor%C3%ADa%20t%C3%A9cnica%20gratuita%20a%20su%20web%20actual%20(*http%3A%2F%2Fwww.gruasarriola.com%2F*).%0A%0ADetectamos%20algunos%20puntos%20cr%C3%ADticos%20que%20podr%C3%ADan%20estar%20frenando%20sus%20consultas%3A%0A%E2%80%A2%20El%20servidor%20tard%C3%B3%20m%C3%A1s%20de%204s%20en%20responder%20(Timeout).%20El%20sitio%20est%C3%A1%20pr%C3%A1cticamente%20inoperativo%20para%20usuarios%20m%C3%B3viles.%0A%0A%F0%9F%91%89%20*Dato%20clave%3A*%20El%2065%25%20de%20usuarios%20en%20Lima%20abandonan%20una%20web%20si%20no%20encuentran%20un%20bot%C3%B3n%20flotante%20de%20WhatsApp%20para%20consultar%20en%20el%20momento.%0A%F0%9F%91%89%20*Velocidad%3A*%20Su%20web%20tarda%204.0s%20en%20responder%2C%20cuando%20el%20est%C3%A1ndar%20recomendado%20para%20m%C3%B3viles%20es%20menor%20a%201.5s.%0A%0APodemos%20modernizar%20su%20web%20para%20que%20cargue%20al%20instante%20y%20multiplique%20sus%20contactos%20por%20WhatsApp.%20%C2%BFLes%20gustar%C3%ADa%20que%20les%20enviemos%20el%20reporte%20t%C3%A9cnico%20completo%3F%20%F0%9F%93%8A"
"GRUA FERNANDEZ",auxilio-mecanico,"Los Olivos",5,2,994629219,UPGRADE_SOCIAL,grua-fernandez.auxilio-mecanico.todolima.com,"https://wa.me/51994629219?text=Hola%20equipo%20de%20*GRUA%20FERNANDEZ*%20%F0%9F%91%8B%2C%20les%20escribe%20el%20equipo%20de%20*Todo%20Lima*.%0A%0ARevisamos%20su%20destacada%20presencia%20en%20Google%20Maps%20en%20*Los%20Olivos*%20(%E2%AD%90%20*5.0*%20estrellas).%20Notamos%20que%20su%20enlace%20de%20contacto%20actual%20es%20un%20perfil%20de%20*Facebook*.%0A%0AMuchos%20clientes%20que%20buscan%20servicios%20en%20Google%20prefieren%20una%20web%20r%C3%A1pida%20donde%20ver%20cat%C3%A1logo%2C%20fotos%20y%20tarifas%20sin%20tener%20que%20entrar%20a%20una%20red%20social%20o%20ver%20distracciones%20de%20la%20competencia.%0A%0A%C2%BFLes%20interesar%C3%ADa%20complementar%20su%20Facebook%20con%20una%20p%C3%A1gina%20web%20oficial%20(*grua-fernandez.auxilio-mecanico.todolima.com*)%20con%20bot%C3%B3n%20directo%20a%20WhatsApp%20y%20presencia%20prioritaria%20en%20Todo%20Lima%3F%0A%0ATenemos%20una%20maqueta%20lista%20para%20mostrarles%20sin%20compromiso.%20%C2%BFSe%20las%20comparto%20por%20este%20medio%3F%20%F0%9F%93%B2"
"GRUAS MONTACARGAS LURIN",auxilio-mecanico,"Lurín",5,1,953247893,NEEDS_WEBSITE,gruas-montacargas-lurin.auxilio-mecanico.todolima.com,"https://wa.me/51953247893?text=Hola%20equipo%20de%20*GRUAS%20MONTACARGAS%20LURIN*%20%F0%9F%91%8B%2C%20los%20saluda%20el%20equipo%20de%20*Todo%20Lima*%20(todolima.com).%0A%0AVimos%20que%20son%20uno%20de%20los%20negocios%20con%20mejor%20reputaci%C3%B3n%20en%20Google%20Maps%20en%20*Lur%C3%ADn*%20(%E2%AD%90%20*5.0*%20con%201%20opiniones)%20%C2%A1Felicitaciones%20por%20tan%20buen%20trabajo!%20%F0%9F%91%8F%0A%0ARevisamos%20su%20ficha%20y%20notamos%20que%20*a%C3%BAn%20no%20cuentan%20con%20una%20p%C3%A1gina%20web%20oficial*%20donde%20sus%20clientes%20puedan%20consultar%20sus%20servicios%20y%20agendar%20directamente%20por%20WhatsApp.%0A%0AEn%20*Todo%20Lima*%20creamos%20landing%20pages%20ultrarr%C3%A1pidas%20pensadas%20para%20negocios%20locales%3A%0A%E2%9C%85%20Subdominio%20verificado%3A%20*gruas-montacargas-lurin.auxilio-mecanico.todolima.com*%0A%E2%9C%85%20Bot%C3%B3n%20de%20WhatsApp%20directo%20para%20recibir%20pedidos%20y%20citas%20al%20instante%0A%E2%9C%85%20Mapa%20interactivo%20para%20que%20lleguen%20a%20su%20local%20en%20Lur%C3%ADn%0A%E2%9C%85%20Carga%20en%20menos%20de%201%20segundo%20en%20celulares%0A%E2%9C%85%20Ficha%20destacada%20en%20el%20directorio%20todolima.com%0A%0APreparamos%20una%20demostraci%C3%B3n%20sin%20costo%20de%20c%C3%B3mo%20se%20ver%C3%ADa%20la%20web%20de%20*GRUAS%20MONTACARGAS%20LURIN*.%20%C2%BFLes%20gustar%C3%ADa%20que%20les%20comparta%20el%20enlace%20de%20prueba%20por%20aqu%C3%AD%3F%20%F0%9F%9A%80"
"Venta de Kits de Cámaras de Videovigilancia CCTV y Alarmas de Seguridad en Lima y Provincias- SYSTEMS OF SECURITY",camaras-de-seguridad,"Comas",5,5,943105803,NEEDS_WEBSITE,venta-de-kits-de-camaras-de-vi.camaras-de-seguridad.todolima.com,"https://wa.me/51943105803?text=Hola%20equipo%20de%20*Venta%20de%20Kits%20de%20C%C3%A1maras%20de%20Videovigilancia%20CCTV%20y%20Alarmas%20de%20Seguridad%20en%20Lima%20y%20Provincias-%20SYSTEMS%20OF%20SECURITY*%20%F0%9F%91%8B%2C%20los%20saluda%20el%20equipo%20de%20*Todo%20Lima*%20(todolima.com).%0A%0AVimos%20que%20son%20uno%20de%20los%20negocios%20con%20mejor%20reputaci%C3%B3n%20en%20Google%20Maps%20en%20*Comas*%20(%E2%AD%90%20*5.0*%20con%205%20opiniones)%20%C2%A1Felicitaciones%20por%20tan%20buen%20trabajo!%20%F0%9F%91%8F%0A%0ARevisamos%20su%20ficha%20y%20notamos%20que%20*a%C3%BAn%20no%20cuentan%20con%20una%20p%C3%A1gina%20web%20oficial*%20donde%20sus%20clientes%20puedan%20consultar%20sus%20servicios%20y%20agendar%20directamente%20por%20WhatsApp.%0A%0AEn%20*Todo%20Lima*%20creamos%20landing%20pages%20ultrarr%C3%A1pidas%20pensadas%20para%20negocios%20locales%3A%0A%E2%9C%85%20Subdominio%20verificado%3A%20*venta-de-kits-de-camaras-de-vi.camaras-de-seguridad.todolima.com*%0A%E2%9C%85%20Bot%C3%B3n%20de%20WhatsApp%20directo%20para%20recibir%20pedidos%20y%20citas%20al%20instante%0A%E2%9C%85%20Mapa%20interactivo%20para%20que%20lleguen%20a%20su%20local%20en%20Comas%0A%E2%9C%85%20Carga%20en%20menos%20de%201%20segundo%20en%20celulares%0A%E2%9C%85%20Ficha%20destacada%20en%20el%20directorio%20todolima.com%0A%0APreparamos%20una%20demostraci%C3%B3n%20sin%20costo%20de%20c%C3%B3mo%20se%20ver%C3%ADa%20la%20web%20de%20*Venta%20de%20Kits%20de%20C%C3%A1maras%20de%20Videovigilancia%20CCTV%20y%20Alarmas%20de%20Seguridad%20en%20Lima%20y%20Provincias-%20SYSTEMS%20OF%20SECURITY*.%20%C2%BFLes%20gustar%C3%ADa%20que%20les%20comparta%20el%20enlace%20de%20prueba%20por%20aqu%C3%AD%3F%20%F0%9F%9A%80"
"One Detail & Carwash",car-wash,"Comas",5,13,986073900,NEEDS_WEBSITE,one-detail-carwash.car-wash.todolima.com,"https://wa.me/51986073900?text=Hola%20equipo%20de%20*One%20Detail%20%26%20Carwash*%20%F0%9F%91%8B%2C%20los%20saluda%20el%20equipo%20de%20*Todo%20Lima*%20(todolima.com).%0A%0AVimos%20que%20son%20uno%20de%20los%20negocios%20con%20mejor%20reputaci%C3%B3n%20en%20Google%20Maps%20en%20*Comas*%20(%E2%AD%90%20*5.0*%20con%2013%20opiniones)%20%C2%A1Felicitaciones%20por%20tan%20buen%20trabajo!%20%F0%9F%91%8F%0A%0ARevisamos%20su%20ficha%20y%20notamos%20que%20*a%C3%BAn%20no%20cuentan%20con%20una%20p%C3%A1gina%20web%20oficial*%20donde%20sus%20clientes%20puedan%20consultar%20sus%20servicios%20y%20agendar%20directamente%20por%20WhatsApp.%0A%0AEn%20*Todo%20Lima*%20creamos%20landing%20pages%20ultrarr%C3%A1pidas%20pensadas%20para%20negocios%20locales%3A%0A%E2%9C%85%20Subdominio%20verificado%3A%20*one-detail-carwash.car-wash.todolima.com*%0A%E2%9C%85%20Bot%C3%B3n%20de%20WhatsApp%20directo%20para%20recibir%20pedidos%20y%20citas%20al%20instante%0A%E2%9C%85%20Mapa%20interactivo%20para%20que%20lleguen%20a%20su%20local%20en%20Comas%0A%E2%9C%85%20Carga%20en%20menos%20de%201%20segundo%20en%20celulares%0A%E2%9C%85%20Ficha%20destacada%20en%20el%20directorio%20todolima.com%0A%0APreparamos%20una%20demostraci%C3%B3n%20sin%20costo%20de%20c%C3%B3mo%20se%20ver%C3%ADa%20la%20web%20de%20*One%20Detail%20%26%20Carwash*.%20%C2%BFLes%20gustar%C3%ADa%20que%20les%20comparta%20el%20enlace%20de%20prueba%20por%20aqu%C3%AD%3F%20%F0%9F%9A%80"
"Cear autos carwash",car-wash,"Lima",5,3,913737601,NEEDS_WEBSITE,cear-autos-carwash.car-wash.todolima.com,"https://wa.me/51913737601?text=Hola%20equipo%20de%20*Cear%20autos%20carwash*%20%F0%9F%91%8B%2C%20los%20saluda%20el%20equipo%20de%20*Todo%20Lima*%20(todolima.com).%0A%0AVimos%20que%20son%20uno%20de%20los%20negocios%20con%20mejor%20reputaci%C3%B3n%20en%20Google%20Maps%20en%20*Lima*%20(%E2%AD%90%20*5.0*%20con%203%20opiniones)%20%C2%A1Felicitaciones%20por%20tan%20buen%20trabajo!%20%F0%9F%91%8F%0A%0ARevisamos%20su%20ficha%20y%20notamos%20que%20*a%C3%BAn%20no%20cuentan%20con%20una%20p%C3%A1gina%20web%20oficial*%20donde%20sus%20clientes%20puedan%20consultar%20sus%20servicios%20y%20agendar%20directamente%20por%20WhatsApp.%0A%0AEn%20*Todo%20Lima*%20creamos%20landing%20pages%20ultrarr%C3%A1pidas%20pensadas%20para%20negocios%20locales%3A%0A%E2%9C%85%20Subdominio%20verificado%3A%20*cear-autos-carwash.car-wash.todolima.com*%0A%E2%9C%85%20Bot%C3%B3n%20de%20WhatsApp%20directo%20para%20recibir%20pedidos%20y%20citas%20al%20instante%0A%E2%9C%85%20Mapa%20interactivo%20para%20que%20lleguen%20a%20su%20local%20en%20Lima%0A%E2%9C%85%20Carga%20en%20menos%20de%201%20segundo%20en%20celulares%0A%E2%9C%85%20Ficha%20destacada%20en%20el%20directorio%20todolima.com%0A%0APreparamos%20una%20demostraci%C3%B3n%20sin%20costo%20de%20c%C3%B3mo%20se%20ver%C3%ADa%20la%20web%20de%20*Cear%20autos%20carwash*.%20%C2%BFLes%20gustar%C3%ADa%20que%20les%20comparta%20el%20enlace%20de%20prueba%20por%20aqu%C3%AD%3F%20%F0%9F%9A%80"
"CARWASH DETAILING RUTA C",car-wash,"Cercado de Lima",5,1,962218031,NEEDS_WEBSITE,carwash-detailing-ruta-c.car-wash.todolima.com,"https://wa.me/51962218031?text=Hola%20equipo%20de%20*CARWASH%20DETAILING%20RUTA%20C*%20%F0%9F%91%8B%2C%20los%20saluda%20el%20equipo%20de%20*Todo%20Lima*%20(todolima.com).%0A%0AVimos%20que%20son%20uno%20de%20los%20negocios%20con%20mejor%20reputaci%C3%B3n%20en%20Google%20Maps%20en%20*Cercado%20de%20Lima*%20(%E2%AD%90%20*5.0*%20con%201%20opiniones)%20%C2%A1Felicitaciones%20por%20tan%20buen%20trabajo!%20%F0%9F%91%8F%0A%0ARevisamos%20su%20ficha%20y%20notamos%20que%20*a%C3%BAn%20no%20cuentan%20con%20una%20p%C3%A1gina%20web%20oficial*%20donde%20sus%20clientes%20puedan%20consultar%20sus%20servicios%20y%20agendar%20directamente%20por%20WhatsApp.%0A%0AEn%20*Todo%20Lima*%20creamos%20landing%20pages%20ultrarr%C3%A1pidas%20pensadas%20para%20negocios%20locales%3A%0A%E2%9C%85%20Subdominio%20verificado%3A%20*carwash-detailing-ruta-c.car-wash.todolima.com*%0A%E2%9C%85%20Bot%C3%B3n%20de%20WhatsApp%20directo%20para%20recibir%20pedidos%20y%20citas%20al%20instante%0A%E2%9C%85%20Mapa%20interactivo%20para%20que%20lleguen%20a%20su%20local%20en%20Cercado%20de%20Lima%0A%E2%9C%85%20Carga%20en%20menos%20de%201%20segundo%20en%20celulares%0A%E2%9C%85%20Ficha%20destacada%20en%20el%20directorio%20todolima.com%0A%0APreparamos%20una%20demostraci%C3%B3n%20sin%20costo%20de%20c%C3%B3mo%20se%20ver%C3%ADa%20la%20web%20de%20*CARWASH%20DETAILING%20RUTA%20C*.%20%C2%BFLes%20gustar%C3%ADa%20que%20les%20comparta%20el%20enlace%20de%20prueba%20por%20aqu%C3%AD%3F%20%F0%9F%9A%80"
"Vidrieria ThePrinZ (Melamina, aluminio, Drywall)",carpinteros,"Ate",5,8,976984913,UPGRADE_SOCIAL,vidrieria-theprinz-melamina-al.carpinteros.todolima.com,"https://wa.me/51976984913?text=Hola%20equipo%20de%20*Vidrieria%20ThePrinZ%20(Melamina%2C%20aluminio%2C%20Drywall)*%20%F0%9F%91%8B%2C%20les%20escribe%20el%20equipo%20de%20*Todo%20Lima*.%0A%0ARevisamos%20su%20destacada%20presencia%20en%20Google%20Maps%20en%20*Ate*%20(%E2%AD%90%20*5.0*%20estrellas).%20Notamos%20que%20su%20enlace%20de%20contacto%20actual%20es%20un%20perfil%20de%20*Facebook*.%0A%0AMuchos%20clientes%20que%20buscan%20servicios%20en%20Google%20prefieren%20una%20web%20r%C3%A1pida%20donde%20ver%20cat%C3%A1logo%2C%20fotos%20y%20tarifas%20sin%20tener%20que%20entrar%20a%20una%20red%20social%20o%20ver%20distracciones%20de%20la%20competencia.%0A%0A%C2%BFLes%20interesar%C3%ADa%20complementar%20su%20Facebook%20con%20una%20p%C3%A1gina%20web%20oficial%20(*vidrieria-theprinz-melamina-al.carpinteros.todolima.com*)%20con%20bot%C3%B3n%20directo%20a%20WhatsApp%20y%20presencia%20prioritaria%20en%20Todo%20Lima%3F%0A%0ATenemos%20una%20maqueta%20lista%20para%20mostrarles%20sin%20compromiso.%20%C2%BFSe%20las%20comparto%20por%20este%20medio%3F%20%F0%9F%93%B2"
"Melamina Decor",carpinteros,"Lima",5,5,917954812,NEEDS_WEBSITE,melamina-decor.carpinteros.todolima.com,"https://wa.me/51917954812?text=Hola%20equipo%20de%20*Melamina%20Decor*%20%F0%9F%91%8B%2C%20los%20saluda%20el%20equipo%20de%20*Todo%20Lima*%20(todolima.com).%0A%0AVimos%20que%20son%20uno%20de%20los%20negocios%20con%20mejor%20reputaci%C3%B3n%20en%20Google%20Maps%20en%20*Lima*%20(%E2%AD%90%20*5.0*%20con%205%20opiniones)%20%C2%A1Felicitaciones%20por%20tan%20buen%20trabajo!%20%F0%9F%91%8F%0A%0ARevisamos%20su%20ficha%20y%20notamos%20que%20*a%C3%BAn%20no%20cuentan%20con%20una%20p%C3%A1gina%20web%20oficial*%20donde%20sus%20clientes%20puedan%20consultar%20sus%20servicios%20y%20agendar%20directamente%20por%20WhatsApp.%0A%0AEn%20*Todo%20Lima*%20creamos%20landing%20pages%20ultrarr%C3%A1pidas%20pensadas%20para%20negocios%20locales%3A%0A%E2%9C%85%20Subdominio%20verificado%3A%20*melamina-decor.carpinteros.todolima.com*%0A%E2%9C%85%20Bot%C3%B3n%20de%20WhatsApp%20directo%20para%20recibir%20pedidos%20y%20citas%20al%20instante%0A%E2%9C%85%20Mapa%20interactivo%20para%20que%20lleguen%20a%20su%20local%20en%20Lima%0A%E2%9C%85%20Carga%20en%20menos%20de%201%20segundo%20en%20celulares%0A%E2%9C%85%20Ficha%20destacada%20en%20el%20directorio%20todolima.com%0A%0APreparamos%20una%20demostraci%C3%B3n%20sin%20costo%20de%20c%C3%B3mo%20se%20ver%C3%ADa%20la%20web%20de%20*Melamina%20Decor*.%20%C2%BFLes%20gustar%C3%ADa%20que%20les%20comparta%20el%20enlace%20de%20prueba%20por%20aqu%C3%AD%3F%20%F0%9F%9A%80"
"ECC Cardenas - Ebanistería y Carpintería Cárdenas",carpinteros,"Lima",5,4,915672837,NEEDS_WEBSITE,ecc-cardenas-ebanisteria-y-car.carpinteros.todolima.com,"https://wa.me/51915672837?text=Hola%20equipo%20de%20*ECC%20Cardenas%20-%20Ebanister%C3%ADa%20y%20Carpinter%C3%ADa%20C%C3%A1rdenas*%20%F0%9F%91%8B%2C%20los%20saluda%20el%20equipo%20de%20*Todo%20Lima*%20(todolima.com).%0A%0AVimos%20que%20son%20uno%20de%20los%20negocios%20con%20mejor%20reputaci%C3%B3n%20en%20Google%20Maps%20en%20*Lima*%20(%E2%AD%90%20*5.0*%20con%204%20opiniones)%20%C2%A1Felicitaciones%20por%20tan%20buen%20trabajo!%20%F0%9F%91%8F%0A%0ARevisamos%20su%20ficha%20y%20notamos%20que%20*a%C3%BAn%20no%20cuentan%20con%20una%20p%C3%A1gina%20web%20oficial*%20donde%20sus%20clientes%20puedan%20consultar%20sus%20servicios%20y%20agendar%20directamente%20por%20WhatsApp.%0A%0AEn%20*Todo%20Lima*%20creamos%20landing%20pages%20ultrarr%C3%A1pidas%20pensadas%20para%20negocios%20locales%3A%0A%E2%9C%85%20Subdominio%20verificado%3A%20*ecc-cardenas-ebanisteria-y-car.carpinteros.todolima.com*%0A%E2%9C%85%20Bot%C3%B3n%20de%20WhatsApp%20directo%20para%20recibir%20pedidos%20y%20citas%20al%20instante%0A%E2%9C%85%20Mapa%20interactivo%20para%20que%20lleguen%20a%20su%20local%20en%20Lima%0A%E2%9C%85%20Carga%20en%20menos%20de%201%20segundo%20en%20celulares%0A%E2%9C%85%20Ficha%20destacada%20en%20el%20directorio%20todolima.com%0A%0APreparamos%20una%20demostraci%C3%B3n%20sin%20costo%20de%20c%C3%B3mo%20se%20ver%C3%ADa%20la%20web%20de%20*ECC%20Cardenas%20-%20Ebanister%C3%ADa%20y%20Carpinter%C3%ADa%20C%C3%A1rdenas*.%20%C2%BFLes%20gustar%C3%ADa%20que%20les%20comparta%20el%20enlace%20de%20prueba%20por%20aqu%C3%AD%3F%20%F0%9F%9A%80"
"Carpinteria Y Muebleria Tafur",carpinteros,"Lima",5,4,945148165,UPGRADE_SOCIAL,carpinteria-y-muebleria-tafur.carpinteros.todolima.com,"https://wa.me/51945148165?text=Hola%20equipo%20de%20*Carpinteria%20Y%20Muebleria%20Tafur*%20%F0%9F%91%8B%2C%20les%20escribe%20el%20equipo%20de%20*Todo%20Lima*.%0A%0ARevisamos%20su%20destacada%20presencia%20en%20Google%20Maps%20en%20*Lima*%20(%E2%AD%90%20*5.0*%20estrellas).%20Notamos%20que%20su%20enlace%20de%20contacto%20actual%20es%20un%20perfil%20de%20*Linktree*.%0A%0AMuchos%20clientes%20que%20buscan%20servicios%20en%20Google%20prefieren%20una%20web%20r%C3%A1pida%20donde%20ver%20cat%C3%A1logo%2C%20fotos%20y%20tarifas%20sin%20tener%20que%20entrar%20a%20una%20red%20social%20o%20ver%20distracciones%20de%20la%20competencia.%0A%0A%C2%BFLes%20interesar%C3%ADa%20complementar%20su%20Linktree%20con%20una%20p%C3%A1gina%20web%20oficial%20(*carpinteria-y-muebleria-tafur.carpinteros.todolima.com*)%20con%20bot%C3%B3n%20directo%20a%20WhatsApp%20y%20presencia%20prioritaria%20en%20Todo%20Lima%3F%0A%0ATenemos%20una%20maqueta%20lista%20para%20mostrarles%20sin%20compromiso.%20%C2%BFSe%20las%20comparto%20por%20este%20medio%3F%20%F0%9F%93%B2"
"Carpinteria Y Ebanisteria "" El Crespo""",carpinteros,"Lima",5,3,913905874,NEEDS_WEBSITE,carpinteria-y-ebanisteria-el-c.carpinteros.todolima.com,"https://wa.me/51913905874?text=Hola%20equipo%20de%20*Carpinteria%20Y%20Ebanisteria%20%22%20El%20Crespo%22*%20%F0%9F%91%8B%2C%20los%20saluda%20el%20equipo%20de%20*Todo%20Lima*%20(todolima.com).%0A%0AVimos%20que%20son%20uno%20de%20los%20negocios%20con%20mejor%20reputaci%C3%B3n%20en%20Google%20Maps%20en%20*Lima*%20(%E2%AD%90%20*5.0*%20con%203%20opiniones)%20%C2%A1Felicitaciones%20por%20tan%20buen%20trabajo!%20%F0%9F%91%8F%0A%0ARevisamos%20su%20ficha%20y%20notamos%20que%20*a%C3%BAn%20no%20cuentan%20con%20una%20p%C3%A1gina%20web%20oficial*%20donde%20sus%20clientes%20puedan%20consultar%20sus%20servicios%20y%20agendar%20directamente%20por%20WhatsApp.%0A%0AEn%20*Todo%20Lima*%20creamos%20landing%20pages%20ultrarr%C3%A1pidas%20pensadas%20para%20negocios%20locales%3A%0A%E2%9C%85%20Subdominio%20verificado%3A%20*carpinteria-y-ebanisteria-el-c.carpinteros.todolima.com*%0A%E2%9C%85%20Bot%C3%B3n%20de%20WhatsApp%20directo%20para%20recibir%20pedidos%20y%20citas%20al%20instante%0A%E2%9C%85%20Mapa%20interactivo%20para%20que%20lleguen%20a%20su%20local%20en%20Lima%0A%E2%9C%85%20Carga%20en%20menos%20de%201%20segundo%20en%20celulares%0A%E2%9C%85%20Ficha%20destacada%20en%20el%20directorio%20todolima.com%0A%0APreparamos%20una%20demostraci%C3%B3n%20sin%20costo%20de%20c%C3%B3mo%20se%20ver%C3%ADa%20la%20web%20de%20*Carpinteria%20Y%20Ebanisteria%20%22%20El%20Crespo%22*.%20%C2%BFLes%20gustar%C3%ADa%20que%20les%20comparta%20el%20enlace%20de%20prueba%20por%20aqu%C3%AD%3F%20%F0%9F%9A%80"
"E&J fabricando mi mueble -Carpinteria",carpinteros,"Lima",5,3,998377750,NEEDS_WEBSITE,e-j-fabricando-mi-mueble-carpi.carpinteros.todolima.com,"https://wa.me/51998377750?text=Hola%20equipo%20de%20*E%26J%20fabricando%20mi%20mueble%20-Carpinteria*%20%F0%9F%91%8B%2C%20los%20saluda%20el%20equipo%20de%20*Todo%20Lima*%20(todolima.com).%0A%0AVimos%20que%20son%20uno%20de%20los%20negocios%20con%20mejor%20reputaci%C3%B3n%20en%20Google%20Maps%20en%20*Lima*%20(%E2%AD%90%20*5.0*%20con%203%20opiniones)%20%C2%A1Felicitaciones%20por%20tan%20buen%20trabajo!%20%F0%9F%91%8F%0A%0ARevisamos%20su%20ficha%20y%20notamos%20que%20*a%C3%BAn%20no%20cuentan%20con%20una%20p%C3%A1gina%20web%20oficial*%20donde%20sus%20clientes%20puedan%20consultar%20sus%20servicios%20y%20agendar%20directamente%20por%20WhatsApp.%0A%0AEn%20*Todo%20Lima*%20creamos%20landing%20pages%20ultrarr%C3%A1pidas%20pensadas%20para%20negocios%20locales%3A%0A%E2%9C%85%20Subdominio%20verificado%3A%20*e-j-fabricando-mi-mueble-carpi.carpinteros.todolima.com*%0A%E2%9C%85%20Bot%C3%B3n%20de%20WhatsApp%20directo%20para%20recibir%20pedidos%20y%20citas%20al%20instante%0A%E2%9C%85%20Mapa%20interactivo%20para%20que%20lleguen%20a%20su%20local%20en%20Lima%0A%E2%9C%85%20Carga%20en%20menos%20de%201%20segundo%20en%20celulares%0A%E2%9C%85%20Ficha%20destacada%20en%20el%20directorio%20todolima.com%0A%0APreparamos%20una%20demostraci%C3%B3n%20sin%20costo%20de%20c%C3%B3mo%20se%20ver%C3%ADa%20la%20web%20de%20*E%26J%20fabricando%20mi%20mueble%20-Carpinteria*.%20%C2%BFLes%20gustar%C3%ADa%20que%20les%20comparta%20el%20enlace%20de%20prueba%20por%20aqu%C3%AD%3F%20%F0%9F%9A%80"
"CARPINTERIA RODRÍGUEZ SAN ANTONIO",carpinteros,"Lima",5,2,933050281,NEEDS_WEBSITE,carpinteria-rodriguez-san-anto.carpinteros.todolima.com,"https://wa.me/51933050281?text=Hola%20equipo%20de%20*CARPINTERIA%20RODR%C3%8DGUEZ%20SAN%20ANTONIO*%20%F0%9F%91%8B%2C%20los%20saluda%20el%20equipo%20de%20*Todo%20Lima*%20(todolima.com).%0A%0AVimos%20que%20son%20uno%20de%20los%20negocios%20con%20mejor%20reputaci%C3%B3n%20en%20Google%20Maps%20en%20*Lima*%20(%E2%AD%90%20*5.0*%20con%202%20opiniones)%20%C2%A1Felicitaciones%20por%20tan%20buen%20trabajo!%20%F0%9F%91%8F%0A%0ARevisamos%20su%20ficha%20y%20notamos%20que%20*a%C3%BAn%20no%20cuentan%20con%20una%20p%C3%A1gina%20web%20oficial*%20donde%20sus%20clientes%20puedan%20consultar%20sus%20servicios%20y%20agendar%20directamente%20por%20WhatsApp.%0A%0AEn%20*Todo%20Lima*%20creamos%20landing%20pages%20ultrarr%C3%A1pidas%20pensadas%20para%20negocios%20locales%3A%0A%E2%9C%85%20Subdominio%20verificado%3A%20*carpinteria-rodriguez-san-anto.carpinteros.todolima.com*%0A%E2%9C%85%20Bot%C3%B3n%20de%20WhatsApp%20directo%20para%20recibir%20pedidos%20y%20citas%20al%20instante%0A%E2%9C%85%20Mapa%20interactivo%20para%20que%20lleguen%20a%20su%20local%20en%20Lima%0A%E2%9C%85%20Carga%20en%20menos%20de%201%20segundo%20en%20celulares%0A%E2%9C%85%20Ficha%20destacada%20en%20el%20directorio%20todolima.com%0A%0APreparamos%20una%20demostraci%C3%B3n%20sin%20costo%20de%20c%C3%B3mo%20se%20ver%C3%ADa%20la%20web%20de%20*CARPINTERIA%20RODR%C3%8DGUEZ%20SAN%20ANTONIO*.%20%C2%BFLes%20gustar%C3%ADa%20que%20les%20comparta%20el%20enlace%20de%20prueba%20por%20aqu%C3%AD%3F%20%F0%9F%9A%80"
"MELAMINA DJLS TALLER",carpinteros,"Lima",5,2,985013402,NEEDS_WEBSITE,melamina-djls-taller.carpinteros.todolima.com,"https://wa.me/51985013402?text=Hola%20equipo%20de%20*MELAMINA%20DJLS%20TALLER*%20%F0%9F%91%8B%2C%20los%20saluda%20el%20equipo%20de%20*Todo%20Lima*%20(todolima.com).%0A%0AVimos%20que%20son%20uno%20de%20los%20negocios%20con%20mejor%20reputaci%C3%B3n%20en%20Google%20Maps%20en%20*Lima*%20(%E2%AD%90%20*5.0*%20con%202%20opiniones)%20%C2%A1Felicitaciones%20por%20tan%20buen%20trabajo!%20%F0%9F%91%8F%0A%0ARevisamos%20su%20ficha%20y%20notamos%20que%20*a%C3%BAn%20no%20cuentan%20con%20una%20p%C3%A1gina%20web%20oficial*%20donde%20sus%20clientes%20puedan%20consultar%20sus%20servicios%20y%20agendar%20directamente%20por%20WhatsApp.%0A%0AEn%20*Todo%20Lima*%20creamos%20landing%20pages%20ultrarr%C3%A1pidas%20pensadas%20para%20negocios%20locales%3A%0A%E2%9C%85%20Subdominio%20verificado%3A%20*melamina-djls-taller.carpinteros.todolima.com*%0A%E2%9C%85%20Bot%C3%B3n%20de%20WhatsApp%20directo%20para%20recibir%20pedidos%20y%20citas%20al%20instante%0A%E2%9C%85%20Mapa%20interactivo%20para%20que%20lleguen%20a%20su%20local%20en%20Lima%0A%E2%9C%85%20Carga%20en%20menos%20de%201%20segundo%20en%20celulares%0A%E2%9C%85%20Ficha%20destacada%20en%20el%20directorio%20todolima.com%0A%0APreparamos%20una%20demostraci%C3%B3n%20sin%20costo%20de%20c%C3%B3mo%20se%20ver%C3%ADa%20la%20web%20de%20*MELAMINA%20DJLS%20TALLER*.%20%C2%BFLes%20gustar%C3%ADa%20que%20les%20comparta%20el%20enlace%20de%20prueba%20por%20aqu%C3%AD%3F%20%F0%9F%9A%80"
"DECOR madera & melamina eirl",carpinteros,"Lima",5,2,916515771,NEEDS_WEBSITE,decor-madera-melamina-eirl.carpinteros.todolima.com,"https://wa.me/51916515771?text=Hola%20equipo%20de%20*DECOR%20madera%20%26%20melamina%20eirl*%20%F0%9F%91%8B%2C%20los%20saluda%20el%20equipo%20de%20*Todo%20Lima*%20(todolima.com).%0A%0AVimos%20que%20son%20uno%20de%20los%20negocios%20con%20mejor%20reputaci%C3%B3n%20en%20Google%20Maps%20en%20*Lima*%20(%E2%AD%90%20*5.0*%20con%202%20opiniones)%20%C2%A1Felicitaciones%20por%20tan%20buen%20trabajo!%20%F0%9F%91%8F%0A%0ARevisamos%20su%20ficha%20y%20notamos%20que%20*a%C3%BAn%20no%20cuentan%20con%20una%20p%C3%A1gina%20web%20oficial*%20donde%20sus%20clientes%20puedan%20consultar%20sus%20servicios%20y%20agendar%20directamente%20por%20WhatsApp.%0A%0AEn%20*Todo%20Lima*%20creamos%20landing%20pages%20ultrarr%C3%A1pidas%20pensadas%20para%20negocios%20locales%3A%0A%E2%9C%85%20Subdominio%20verificado%3A%20*decor-madera-melamina-eirl.carpinteros.todolima.com*%0A%E2%9C%85%20Bot%C3%B3n%20de%20WhatsApp%20directo%20para%20recibir%20pedidos%20y%20citas%20al%20instante%0A%E2%9C%85%20Mapa%20interactivo%20para%20que%20lleguen%20a%20su%20local%20en%20Lima%0A%E2%9C%85%20Carga%20en%20menos%20de%201%20segundo%20en%20celulares%0A%E2%9C%85%20Ficha%20destacada%20en%20el%20directorio%20todolima.com%0A%0APreparamos%20una%20demostraci%C3%B3n%20sin%20costo%20de%20c%C3%B3mo%20se%20ver%C3%ADa%20la%20web%20de%20*DECOR%20madera%20%26%20melamina%20eirl*.%20%C2%BFLes%20gustar%C3%ADa%20que%20les%20comparta%20el%20enlace%20de%20prueba%20por%20aqu%C3%AD%3F%20%F0%9F%9A%80"
"Carpinteria DAVID",carpinteros,"San Martín de Porres",5,2,964228204,NEEDS_WEBSITE,carpinteria-david.carpinteros.todolima.com,"https://wa.me/51964228204?text=Hola%20equipo%20de%20*Carpinteria%20DAVID*%20%F0%9F%91%8B%2C%20los%20saluda%20el%20equipo%20de%20*Todo%20Lima*%20(todolima.com).%0A%0AVimos%20que%20son%20uno%20de%20los%20negocios%20con%20mejor%20reputaci%C3%B3n%20en%20Google%20Maps%20en%20*San%20Mart%C3%ADn%20de%20Porres*%20(%E2%AD%90%20*5.0*%20con%202%20opiniones)%20%C2%A1Felicitaciones%20por%20tan%20buen%20trabajo!%20%F0%9F%91%8F%0A%0ARevisamos%20su%20ficha%20y%20notamos%20que%20*a%C3%BAn%20no%20cuentan%20con%20una%20p%C3%A1gina%20web%20oficial*%20donde%20sus%20clientes%20puedan%20consultar%20sus%20servicios%20y%20agendar%20directamente%20por%20WhatsApp.%0A%0AEn%20*Todo%20Lima*%20creamos%20landing%20pages%20ultrarr%C3%A1pidas%20pensadas%20para%20negocios%20locales%3A%0A%E2%9C%85%20Subdominio%20verificado%3A%20*carpinteria-david.carpinteros.todolima.com*%0A%E2%9C%85%20Bot%C3%B3n%20de%20WhatsApp%20directo%20para%20recibir%20pedidos%20y%20citas%20al%20instante%0A%E2%9C%85%20Mapa%20interactivo%20para%20que%20lleguen%20a%20su%20local%20en%20San%20Mart%C3%ADn%20de%20Porres%0A%E2%9C%85%20Carga%20en%20menos%20de%201%20segundo%20en%20celulares%0A%E2%9C%85%20Ficha%20destacada%20en%20el%20directorio%20todolima.com%0A%0APreparamos%20una%20demostraci%C3%B3n%20sin%20costo%20de%20c%C3%B3mo%20se%20ver%C3%ADa%20la%20web%20de%20*Carpinteria%20DAVID*.%20%C2%BFLes%20gustar%C3%ADa%20que%20les%20comparta%20el%20enlace%20de%20prueba%20por%20aqu%C3%AD%3F%20%F0%9F%9A%80"
"Carpintería El Taller de Don Moises",carpinteros,"Lima",5,1,936261353,NEEDS_WEBSITE,carpinteria-el-taller-de-don-m.carpinteros.todolima.com,"https://wa.me/51936261353?text=Hola%20equipo%20de%20*Carpinter%C3%ADa%20El%20Taller%20de%20Don%20Moises*%20%F0%9F%91%8B%2C%20los%20saluda%20el%20equipo%20de%20*Todo%20Lima*%20(todolima.com).%0A%0AVimos%20que%20son%20uno%20de%20los%20negocios%20con%20mejor%20reputaci%C3%B3n%20en%20Google%20Maps%20en%20*Lima*%20(%E2%AD%90%20*5.0*%20con%201%20opiniones)%20%C2%A1Felicitaciones%20por%20tan%20buen%20trabajo!%20%F0%9F%91%8F%0A%0ARevisamos%20su%20ficha%20y%20notamos%20que%20*a%C3%BAn%20no%20cuentan%20con%20una%20p%C3%A1gina%20web%20oficial*%20donde%20sus%20clientes%20puedan%20consultar%20sus%20servicios%20y%20agendar%20directamente%20por%20WhatsApp.%0A%0AEn%20*Todo%20Lima*%20creamos%20landing%20pages%20ultrarr%C3%A1pidas%20pensadas%20para%20negocios%20locales%3A%0A%E2%9C%85%20Subdominio%20verificado%3A%20*carpinteria-el-taller-de-don-m.carpinteros.todolima.com*%0A%E2%9C%85%20Bot%C3%B3n%20de%20WhatsApp%20directo%20para%20recibir%20pedidos%20y%20citas%20al%20instante%0A%E2%9C%85%20Mapa%20interactivo%20para%20que%20lleguen%20a%20su%20local%20en%20Lima%0A%E2%9C%85%20Carga%20en%20menos%20de%201%20segundo%20en%20celulares%0A%E2%9C%85%20Ficha%20destacada%20en%20el%20directorio%20todolima.com%0A%0APreparamos%20una%20demostraci%C3%B3n%20sin%20costo%20de%20c%C3%B3mo%20se%20ver%C3%ADa%20la%20web%20de%20*Carpinter%C3%ADa%20El%20Taller%20de%20Don%20Moises*.%20%C2%BFLes%20gustar%C3%ADa%20que%20les%20comparta%20el%20enlace%20de%20prueba%20por%20aqu%C3%AD%3F%20%F0%9F%9A%80"
"CORP MABECARP S.A.C",carpinteros,"Ate",5,1,964743274,REDESIGN_WEBSITE,corp-mabecarp-s-a-c.carpinteros.todolima.com,"https://wa.me/51964743274?text=Hola%20equipo%20de%20*CORP%20MABECARP%20S.A.C*%20%F0%9F%91%8B%2C%20gusto%20en%20saludarlos.%0A%0ALes%20escribimos%20desde%20*Todo%20Lima*.%20Al%20revisar%20a%20los%20referentes%20de%20*Ate*%20(donde%20ustedes%20destacan%20con%20%E2%AD%90%20*5.0*)%2C%20realizamos%20una%20auditor%C3%ADa%20t%C3%A9cnica%20gratuita%20a%20su%20web%20actual%20(*http%3A%2F%2Fwww.construccionesgenerales.com.pe%2F*).%0A%0ADetectamos%20algunos%20puntos%20cr%C3%ADticos%20que%20podr%C3%ADan%20estar%20frenando%20sus%20consultas%3A%0A%E2%80%A2%20Tiempo%20de%20carga%20lento%20(3193ms).%20En%20m%C3%B3viles%20el%20usuario%20abandona%20tras%203%20segundos.%0A%E2%80%A2%20Carece%20de%20meta-descripci%C3%B3n%20optimizada%20para%20b%C3%BAsquedas%20en%20Google.%0A%E2%80%A2%20Sin%20etiqueta%20de%20t%C3%ADtulo%20principal%20H1%20para%20posicionamiento%20org%C3%A1nico.%0A%0A%F0%9F%91%89%20*Dato%20clave%3A*%20El%2065%25%20de%20usuarios%20en%20Lima%20abandonan%20una%20web%20si%20no%20encuentran%20un%20bot%C3%B3n%20flotante%20de%20WhatsApp%20para%20consultar%20en%20el%20momento.%0A%F0%9F%91%89%20*Velocidad%3A*%20Su%20web%20tarda%203.2s%20en%20responder%2C%20cuando%20el%20est%C3%A1ndar%20recomendado%20para%20m%C3%B3viles%20es%20menor%20a%201.5s.%0A%0APodemos%20modernizar%20su%20web%20para%20que%20cargue%20al%20instante%20y%20multiplique%20sus%20contactos%20por%20WhatsApp.%20%C2%BFLes%20gustar%C3%ADa%20que%20les%20enviemos%20el%20reporte%20t%C3%A9cnico%20completo%3F%20%F0%9F%93%8A"
"Carpintería y Ebanistería El Álamo",carpinteros,"Lima",5,1,921610120,NEEDS_WEBSITE,carpinteria-y-ebanisteria-el-a.carpinteros.todolima.com,"https://wa.me/51921610120?text=Hola%20equipo%20de%20*Carpinter%C3%ADa%20y%20Ebanister%C3%ADa%20El%20%C3%81lamo*%20%F0%9F%91%8B%2C%20los%20saluda%20el%20equipo%20de%20*Todo%20Lima*%20(todolima.com).%0A%0AVimos%20que%20son%20uno%20de%20los%20negocios%20con%20mejor%20reputaci%C3%B3n%20en%20Google%20Maps%20en%20*Lima*%20(%E2%AD%90%20*5.0*%20con%201%20opiniones)%20%C2%A1Felicitaciones%20por%20tan%20buen%20trabajo!%20%F0%9F%91%8F%0A%0ARevisamos%20su%20ficha%20y%20notamos%20que%20*a%C3%BAn%20no%20cuentan%20con%20una%20p%C3%A1gina%20web%20oficial*%20donde%20sus%20clientes%20puedan%20consultar%20sus%20servicios%20y%20agendar%20directamente%20por%20WhatsApp.%0A%0AEn%20*Todo%20Lima*%20creamos%20landing%20pages%20ultrarr%C3%A1pidas%20pensadas%20para%20negocios%20locales%3A%0A%E2%9C%85%20Subdominio%20verificado%3A%20*carpinteria-y-ebanisteria-el-a.carpinteros.todolima.com*%0A%E2%9C%85%20Bot%C3%B3n%20de%20WhatsApp%20directo%20para%20recibir%20pedidos%20y%20citas%20al%20instante%0A%E2%9C%85%20Mapa%20interactivo%20para%20que%20lleguen%20a%20su%20local%20en%20Lima%0A%E2%9C%85%20Carga%20en%20menos%20de%201%20segundo%20en%20celulares%0A%E2%9C%85%20Ficha%20destacada%20en%20el%20directorio%20todolima.com%0A%0APreparamos%20una%20demostraci%C3%B3n%20sin%20costo%20de%20c%C3%B3mo%20se%20ver%C3%ADa%20la%20web%20de%20*Carpinter%C3%ADa%20y%20Ebanister%C3%ADa%20El%20%C3%81lamo*.%20%C2%BFLes%20gustar%C3%ADa%20que%20les%20comparta%20el%20enlace%20de%20prueba%20por%20aqu%C3%AD%3F%20%F0%9F%9A%80"
"CARPINTERIA LAQUEADOS LINEA DIAZ SERVICIOS",carpinteros,"Ate",5,1,989896976,REDESIGN_WEBSITE,carpinteria-laqueados-linea-di.carpinteros.todolima.com,"https://wa.me/51989896976?text=Hola%20equipo%20de%20*CARPINTERIA%20LAQUEADOS%20LINEA%20DIAZ%20SERVICIOS*%20%F0%9F%91%8B%2C%20gusto%20en%20saludarlos.%0A%0ALes%20escribimos%20desde%20*Todo%20Lima*.%20Al%20revisar%20a%20los%20referentes%20de%20*Ate*%20(donde%20ustedes%20destacan%20con%20%E2%AD%90%20*5.0*)%2C%20realizamos%20una%20auditor%C3%ADa%20t%C3%A9cnica%20gratuita%20a%20su%20web%20actual%20(*https%3A%2F%2Fsites.google.com%2Fview%2Flaqueadoslineadiaz%2Finicio*).%0A%0ADetectamos%20algunos%20puntos%20cr%C3%ADticos%20que%20podr%C3%ADan%20estar%20frenando%20sus%20consultas%3A%0A%E2%80%A2%20No%20tiene%20etiqueta%20viewport%3A%20se%20ve%20diminuto%20y%20roto%20en%20tel%C3%A9fonos%20celulares.%0A%E2%80%A2%20No%20tiene%20etiqueta%20%3Ctitle%3E%3A%20Google%20no%20puede%20indexar%20el%20negocio%20correctamente.%0A%E2%80%A2%20Carece%20de%20meta-descripci%C3%B3n%20optimizada%20para%20b%C3%BAsquedas%20en%20Google.%0A%0A%F0%9F%91%89%20*Dato%20clave%3A*%20El%2065%25%20de%20usuarios%20en%20Lima%20abandonan%20una%20web%20si%20no%20encuentran%20un%20bot%C3%B3n%20flotante%20de%20WhatsApp%20para%20consultar%20en%20el%20momento.%0A%0A%0APodemos%20modernizar%20su%20web%20para%20que%20cargue%20al%20instante%20y%20multiplique%20sus%20contactos%20por%20WhatsApp.%20%C2%BFLes%20gustar%C3%ADa%20que%20les%20enviemos%20el%20reporte%20t%C3%A9cnico%20completo%3F%20%F0%9F%93%8A"
"Carpinteria Melamine Granitos",carpinteros,"Ate",5,1,991130734,NEEDS_WEBSITE,carpinteria-melamine-granitos.carpinteros.todolima.com,"https://wa.me/51991130734?text=Hola%20equipo%20de%20*Carpinteria%20Melamine%20Granitos*%20%F0%9F%91%8B%2C%20los%20saluda%20el%20equipo%20de%20*Todo%20Lima*%20(todolima.com).%0A%0AVimos%20que%20son%20uno%20de%20los%20negocios%20con%20mejor%20reputaci%C3%B3n%20en%20Google%20Maps%20en%20*Ate*%20(%E2%AD%90%20*5.0*%20con%201%20opiniones)%20%C2%A1Felicitaciones%20por%20tan%20buen%20trabajo!%20%F0%9F%91%8F%0A%0ARevisamos%20su%20ficha%20y%20notamos%20que%20*a%C3%BAn%20no%20cuentan%20con%20una%20p%C3%A1gina%20web%20oficial*%20donde%20sus%20clientes%20puedan%20consultar%20sus%20servicios%20y%20agendar%20directamente%20por%20WhatsApp.%0A%0AEn%20*Todo%20Lima*%20creamos%20landing%20pages%20ultrarr%C3%A1pidas%20pensadas%20para%20negocios%20locales%3A%0A%E2%9C%85%20Subdominio%20verificado%3A%20*carpinteria-melamine-granitos.carpinteros.todolima.com*%0A%E2%9C%85%20Bot%C3%B3n%20de%20WhatsApp%20directo%20para%20recibir%20pedidos%20y%20citas%20al%20instante%0A%E2%9C%85%20Mapa%20interactivo%20para%20que%20lleguen%20a%20su%20local%20en%20Ate%0A%E2%9C%85%20Carga%20en%20menos%20de%201%20segundo%20en%20celulares%0A%E2%9C%85%20Ficha%20destacada%20en%20el%20directorio%20todolima.com%0A%0APreparamos%20una%20demostraci%C3%B3n%20sin%20costo%20de%20c%C3%B3mo%20se%20ver%C3%ADa%20la%20web%20de%20*Carpinteria%20Melamine%20Granitos*.%20%C2%BFLes%20gustar%C3%ADa%20que%20les%20comparta%20el%20enlace%20de%20prueba%20por%20aqu%C3%AD%3F%20%F0%9F%9A%80"
"Carpintería riveros",carpinteros,"Lima",5,1,968381246,NEEDS_WEBSITE,carpinteria-riveros.carpinteros.todolima.com,"https://wa.me/51968381246?text=Hola%20equipo%20de%20*Carpinter%C3%ADa%20riveros*%20%F0%9F%91%8B%2C%20los%20saluda%20el%20equipo%20de%20*Todo%20Lima*%20(todolima.com).%0A%0AVimos%20que%20son%20uno%20de%20los%20negocios%20con%20mejor%20reputaci%C3%B3n%20en%20Google%20Maps%20en%20*Lima*%20(%E2%AD%90%20*5.0*%20con%201%20opiniones)%20%C2%A1Felicitaciones%20por%20tan%20buen%20trabajo!%20%F0%9F%91%8F%0A%0ARevisamos%20su%20ficha%20y%20notamos%20que%20*a%C3%BAn%20no%20cuentan%20con%20una%20p%C3%A1gina%20web%20oficial*%20donde%20sus%20clientes%20puedan%20consultar%20sus%20servicios%20y%20agendar%20directamente%20por%20WhatsApp.%0A%0AEn%20*Todo%20Lima*%20creamos%20landing%20pages%20ultrarr%C3%A1pidas%20pensadas%20para%20negocios%20locales%3A%0A%E2%9C%85%20Subdominio%20verificado%3A%20*carpinteria-riveros.carpinteros.todolima.com*%0A%E2%9C%85%20Bot%C3%B3n%20de%20WhatsApp%20directo%20para%20recibir%20pedidos%20y%20citas%20al%20instante%0A%E2%9C%85%20Mapa%20interactivo%20para%20que%20lleguen%20a%20su%20local%20en%20Lima%0A%E2%9C%85%20Carga%20en%20menos%20de%201%20segundo%20en%20celulares%0A%E2%9C%85%20Ficha%20destacada%20en%20el%20directorio%20todolima.com%0A%0APreparamos%20una%20demostraci%C3%B3n%20sin%20costo%20de%20c%C3%B3mo%20se%20ver%C3%ADa%20la%20web%20de%20*Carpinter%C3%ADa%20riveros*.%20%C2%BFLes%20gustar%C3%ADa%20que%20les%20comparta%20el%20enlace%20de%20prueba%20por%20aqu%C3%AD%3F%20%F0%9F%9A%80"
"Carpintería Charly",carpinteros,"Rímac",5,1,937330814,NEEDS_WEBSITE,carpinteria-charly.carpinteros.todolima.com,"https://wa.me/51937330814?text=Hola%20equipo%20de%20*Carpinter%C3%ADa%20Charly*%20%F0%9F%91%8B%2C%20los%20saluda%20el%20equipo%20de%20*Todo%20Lima*%20(todolima.com).%0A%0AVimos%20que%20son%20uno%20de%20los%20negocios%20con%20mejor%20reputaci%C3%B3n%20en%20Google%20Maps%20en%20*R%C3%ADmac*%20(%E2%AD%90%20*5.0*%20con%201%20opiniones)%20%C2%A1Felicitaciones%20por%20tan%20buen%20trabajo!%20%F0%9F%91%8F%0A%0ARevisamos%20su%20ficha%20y%20notamos%20que%20*a%C3%BAn%20no%20cuentan%20con%20una%20p%C3%A1gina%20web%20oficial*%20donde%20sus%20clientes%20puedan%20consultar%20sus%20servicios%20y%20agendar%20directamente%20por%20WhatsApp.%0A%0AEn%20*Todo%20Lima*%20creamos%20landing%20pages%20ultrarr%C3%A1pidas%20pensadas%20para%20negocios%20locales%3A%0A%E2%9C%85%20Subdominio%20verificado%3A%20*carpinteria-charly.carpinteros.todolima.com*%0A%E2%9C%85%20Bot%C3%B3n%20de%20WhatsApp%20directo%20para%20recibir%20pedidos%20y%20citas%20al%20instante%0A%E2%9C%85%20Mapa%20interactivo%20para%20que%20lleguen%20a%20su%20local%20en%20R%C3%ADmac%0A%E2%9C%85%20Carga%20en%20menos%20de%201%20segundo%20en%20celulares%0A%E2%9C%85%20Ficha%20destacada%20en%20el%20directorio%20todolima.com%0A%0APreparamos%20una%20demostraci%C3%B3n%20sin%20costo%20de%20c%C3%B3mo%20se%20ver%C3%ADa%20la%20web%20de%20*Carpinter%C3%ADa%20Charly*.%20%C2%BFLes%20gustar%C3%ADa%20que%20les%20comparta%20el%20enlace%20de%20prueba%20por%20aqu%C3%AD%3F%20%F0%9F%9A%80"
"Carpinteria y Ebanisteria Santa Rosa",carpinteros,"Lima",5,1,987180190,NEEDS_WEBSITE,carpinteria-y-ebanisteria-sant.carpinteros.todolima.com,"https://wa.me/51987180190?text=Hola%20equipo%20de%20*Carpinteria%20y%20Ebanisteria%20Santa%20Rosa*%20%F0%9F%91%8B%2C%20los%20saluda%20el%20equipo%20de%20*Todo%20Lima*%20(todolima.com).%0A%0AVimos%20que%20son%20uno%20de%20los%20negocios%20con%20mejor%20reputaci%C3%B3n%20en%20Google%20Maps%20en%20*Lima*%20(%E2%AD%90%20*5.0*%20con%201%20opiniones)%20%C2%A1Felicitaciones%20por%20tan%20buen%20trabajo!%20%F0%9F%91%8F%0A%0ARevisamos%20su%20ficha%20y%20notamos%20que%20*a%C3%BAn%20no%20cuentan%20con%20una%20p%C3%A1gina%20web%20oficial*%20donde%20sus%20clientes%20puedan%20consultar%20sus%20servicios%20y%20agendar%20directamente%20por%20WhatsApp.%0A%0AEn%20*Todo%20Lima*%20creamos%20landing%20pages%20ultrarr%C3%A1pidas%20pensadas%20para%20negocios%20locales%3A%0A%E2%9C%85%20Subdominio%20verificado%3A%20*carpinteria-y-ebanisteria-sant.carpinteros.todolima.com*%0A%E2%9C%85%20Bot%C3%B3n%20de%20WhatsApp%20directo%20para%20recibir%20pedidos%20y%20citas%20al%20instante%0A%E2%9C%85%20Mapa%20interactivo%20para%20que%20lleguen%20a%20su%20local%20en%20Lima%0A%E2%9C%85%20Carga%20en%20menos%20de%201%20segundo%20en%20celulares%0A%E2%9C%85%20Ficha%20destacada%20en%20el%20directorio%20todolima.com%0A%0APreparamos%20una%20demostraci%C3%B3n%20sin%20costo%20de%20c%C3%B3mo%20se%20ver%C3%ADa%20la%20web%20de%20*Carpinteria%20y%20Ebanisteria%20Santa%20Rosa*.%20%C2%BFLes%20gustar%C3%ADa%20que%20les%20comparta%20el%20enlace%20de%20prueba%20por%20aqu%C3%AD%3F%20%F0%9F%9A%80"
"CARPINTERÍA MORALES",carpinteros,"Lima",5,1,925673437,UPGRADE_SOCIAL,carpinteria-morales.carpinteros.todolima.com,"https://wa.me/51925673437?text=Hola%20equipo%20de%20*CARPINTER%C3%8DA%20MORALES*%20%F0%9F%91%8B%2C%20les%20escribe%20el%20equipo%20de%20*Todo%20Lima*.%0A%0ARevisamos%20su%20destacada%20presencia%20en%20Google%20Maps%20en%20*Lima*%20(%E2%AD%90%20*5.0*%20estrellas).%20Notamos%20que%20su%20enlace%20de%20contacto%20actual%20es%20un%20perfil%20de%20*Facebook*.%0A%0AMuchos%20clientes%20que%20buscan%20servicios%20en%20Google%20prefieren%20una%20web%20r%C3%A1pida%20donde%20ver%20cat%C3%A1logo%2C%20fotos%20y%20tarifas%20sin%20tener%20que%20entrar%20a%20una%20red%20social%20o%20ver%20distracciones%20de%20la%20competencia.%0A%0A%C2%BFLes%20interesar%C3%ADa%20complementar%20su%20Facebook%20con%20una%20p%C3%A1gina%20web%20oficial%20(*carpinteria-morales.carpinteros.todolima.com*)%20con%20bot%C3%B3n%20directo%20a%20WhatsApp%20y%20presencia%20prioritaria%20en%20Todo%20Lima%3F%0A%0ATenemos%20una%20maqueta%20lista%20para%20mostrarles%20sin%20compromiso.%20%C2%BFSe%20las%20comparto%20por%20este%20medio%3F%20%F0%9F%93%B2"
"CARPINTERIA ""CUEVA""",carpinteros,"Lima",5,1,939634016,REDESIGN_WEBSITE,carpinteria-cueva.carpinteros.todolima.com,"https://wa.me/51939634016?text=Hola%20equipo%20de%20*CARPINTERIA%20%22CUEVA%22*%20%F0%9F%91%8B%2C%20gusto%20en%20saludarlos.%0A%0ALes%20escribimos%20desde%20*Todo%20Lima*.%20Al%20revisar%20a%20los%20referentes%20de%20*Lima*%20(donde%20ustedes%20destacan%20con%20%E2%AD%90%20*5.0*)%2C%20realizamos%20una%20auditor%C3%ADa%20t%C3%A9cnica%20gratuita%20a%20su%20web%20actual%20(*https%3A%2F%2Fcarpinteriacueva.blogspot.com%2F*).%0A%0ADetectamos%20algunos%20puntos%20cr%C3%ADticos%20que%20podr%C3%ADan%20estar%20frenando%20sus%20consultas%3A%0A%E2%80%A2%20Carece%20de%20meta-descripci%C3%B3n%20optimizada%20para%20b%C3%BAsquedas%20en%20Google.%0A%E2%80%A2%20No%20tiene%20bot%C3%B3n%20directo%20a%20WhatsApp%20(pierde%20hasta%2060%25%20de%20contactos%20en%20Lima).%0A%E2%80%A2%20Tel%C3%A9fono%20en%20texto%20plano%3A%20el%20cliente%20no%20puede%20llamar%20con%20un%20solo%20toque%20desde%20el%20celular.%0A%0A%F0%9F%91%89%20*Dato%20clave%3A*%20El%2065%25%20de%20usuarios%20en%20Lima%20abandonan%20una%20web%20si%20no%20encuentran%20un%20bot%C3%B3n%20flotante%20de%20WhatsApp%20para%20consultar%20en%20el%20momento.%0A%0A%0APodemos%20modernizar%20su%20web%20para%20que%20cargue%20al%20instante%20y%20multiplique%20sus%20contactos%20por%20WhatsApp.%20%C2%BFLes%20gustar%C3%ADa%20que%20les%20enviemos%20el%20reporte%20t%C3%A9cnico%20completo%3F%20%F0%9F%93%8A"
"CARPINTERIA VALVERDE - LIMA NORTE",carpinteros,"Los Olivos",5,1,958432260,NEEDS_WEBSITE,carpinteria-valverde-lima-nort.carpinteros.todolima.com,"https://wa.me/51958432260?text=Hola%20equipo%20de%20*CARPINTERIA%20VALVERDE%20-%20LIMA%20NORTE*%20%F0%9F%91%8B%2C%20los%20saluda%20el%20equipo%20de%20*Todo%20Lima*%20(todolima.com).%0A%0AVimos%20que%20son%20uno%20de%20los%20negocios%20con%20mejor%20reputaci%C3%B3n%20en%20Google%20Maps%20en%20*Los%20Olivos*%20(%E2%AD%90%20*5.0*%20con%201%20opiniones)%20%C2%A1Felicitaciones%20por%20tan%20buen%20trabajo!%20%F0%9F%91%8F%0A%0ARevisamos%20su%20ficha%20y%20notamos%20que%20*a%C3%BAn%20no%20cuentan%20con%20una%20p%C3%A1gina%20web%20oficial*%20donde%20sus%20clientes%20puedan%20consultar%20sus%20servicios%20y%20agendar%20directamente%20por%20WhatsApp.%0A%0AEn%20*Todo%20Lima*%20creamos%20landing%20pages%20ultrarr%C3%A1pidas%20pensadas%20para%20negocios%20locales%3A%0A%E2%9C%85%20Subdominio%20verificado%3A%20*carpinteria-valverde-lima-nort.carpinteros.todolima.com*%0A%E2%9C%85%20Bot%C3%B3n%20de%20WhatsApp%20directo%20para%20recibir%20pedidos%20y%20citas%20al%20instante%0A%E2%9C%85%20Mapa%20interactivo%20para%20que%20lleguen%20a%20su%20local%20en%20Los%20Olivos%0A%E2%9C%85%20Carga%20en%20menos%20de%201%20segundo%20en%20celulares%0A%E2%9C%85%20Ficha%20destacada%20en%20el%20directorio%20todolima.com%0A%0APreparamos%20una%20demostraci%C3%B3n%20sin%20costo%20de%20c%C3%B3mo%20se%20ver%C3%ADa%20la%20web%20de%20*CARPINTERIA%20VALVERDE%20-%20LIMA%20NORTE*.%20%C2%BFLes%20gustar%C3%ADa%20que%20les%20comparta%20el%20enlace%20de%20prueba%20por%20aqu%C3%AD%3F%20%F0%9F%9A%80"
"CARPINTERÍA J & A",carpinteros,"Los Olivos",5,1,997946153,UPGRADE_SOCIAL,carpinteria-j-a.carpinteros.todolima.com,"https://wa.me/51997946153?text=Hola%20equipo%20de%20*CARPINTER%C3%8DA%20J%20%26%20A*%20%F0%9F%91%8B%2C%20les%20escribe%20el%20equipo%20de%20*Todo%20Lima*.%0A%0ARevisamos%20su%20destacada%20presencia%20en%20Google%20Maps%20en%20*Los%20Olivos*%20(%E2%AD%90%20*5.0*%20estrellas).%20Notamos%20que%20su%20enlace%20de%20contacto%20actual%20es%20un%20perfil%20de%20*Facebook*.%0A%0AMuchos%20clientes%20que%20buscan%20servicios%20en%20Google%20prefieren%20una%20web%20r%C3%A1pida%20donde%20ver%20cat%C3%A1logo%2C%20fotos%20y%20tarifas%20sin%20tener%20que%20entrar%20a%20una%20red%20social%20o%20ver%20distracciones%20de%20la%20competencia.%0A%0A%C2%BFLes%20interesar%C3%ADa%20complementar%20su%20Facebook%20con%20una%20p%C3%A1gina%20web%20oficial%20(*carpinteria-j-a.carpinteros.todolima.com*)%20con%20bot%C3%B3n%20directo%20a%20WhatsApp%20y%20presencia%20prioritaria%20en%20Todo%20Lima%3F%0A%0ATenemos%20una%20maqueta%20lista%20para%20mostrarles%20sin%20compromiso.%20%C2%BFSe%20las%20comparto%20por%20este%20medio%3F%20%F0%9F%93%B2"
"Arte Culinario Catering",catering,"San Borja",5,18,997479426,REDESIGN_WEBSITE,arte-culinario-catering.catering.todolima.com,"https://wa.me/51997479426?text=Hola%20equipo%20de%20*Arte%20Culinario%20Catering*%20%F0%9F%91%8B%2C%20gusto%20en%20saludarlos.%0A%0ALes%20escribimos%20desde%20*Todo%20Lima*.%20Al%20revisar%20a%20los%20referentes%20de%20*San%20Borja*%20(donde%20ustedes%20destacan%20con%20%E2%AD%90%20*5.0*)%2C%20realizamos%20una%20auditor%C3%ADa%20t%C3%A9cnica%20gratuita%20a%20su%20web%20actual%20(*https%3A%2F%2Fchefmarcovelasquez.wixsite.com%2Farte-culinario*).%0A%0ADetectamos%20algunos%20puntos%20cr%C3%ADticos%20que%20podr%C3%ADan%20estar%20frenando%20sus%20consultas%3A%0A%E2%80%A2%20Carece%20de%20meta-descripci%C3%B3n%20optimizada%20para%20b%C3%BAsquedas%20en%20Google.%0A%E2%80%A2%20Sin%20etiqueta%20de%20t%C3%ADtulo%20principal%20H1%20para%20posicionamiento%20org%C3%A1nico.%0A%E2%80%A2%20No%20tiene%20bot%C3%B3n%20directo%20a%20WhatsApp%20(pierde%20hasta%2060%25%20de%20contactos%20en%20Lima).%0A%0A%F0%9F%91%89%20*Dato%20clave%3A*%20El%2065%25%20de%20usuarios%20en%20Lima%20abandonan%20una%20web%20si%20no%20encuentran%20un%20bot%C3%B3n%20flotante%20de%20WhatsApp%20para%20consultar%20en%20el%20momento.%0A%0A%0APodemos%20modernizar%20su%20web%20para%20que%20cargue%20al%20instante%20y%20multiplique%20sus%20contactos%20por%20WhatsApp.%20%C2%BFLes%20gustar%C3%ADa%20que%20les%20enviemos%20el%20reporte%20t%C3%A9cnico%20completo%3F%20%F0%9F%93%8A"
"Catering Corporativo en Lima Perú",catering,"Barranco",5,2,995038754,NEEDS_WEBSITE,catering-corporativo-en-lima-p.catering.todolima.com,"https://wa.me/51995038754?text=Hola%20equipo%20de%20*Catering%20Corporativo%20en%20Lima%20Per%C3%BA*%20%F0%9F%91%8B%2C%20los%20saluda%20el%20equipo%20de%20*Todo%20Lima*%20(todolima.com).%0A%0AVimos%20que%20son%20uno%20de%20los%20negocios%20con%20mejor%20reputaci%C3%B3n%20en%20Google%20Maps%20en%20*Barranco*%20(%E2%AD%90%20*5.0*%20con%202%20opiniones)%20%C2%A1Felicitaciones%20por%20tan%20buen%20trabajo!%20%F0%9F%91%8F%0A%0ARevisamos%20su%20ficha%20y%20notamos%20que%20*a%C3%BAn%20no%20cuentan%20con%20una%20p%C3%A1gina%20web%20oficial*%20donde%20sus%20clientes%20puedan%20consultar%20sus%20servicios%20y%20agendar%20directamente%20por%20WhatsApp.%0A%0AEn%20*Todo%20Lima*%20creamos%20landing%20pages%20ultrarr%C3%A1pidas%20pensadas%20para%20negocios%20locales%3A%0A%E2%9C%85%20Subdominio%20verificado%3A%20*catering-corporativo-en-lima-p.catering.todolima.com*%0A%E2%9C%85%20Bot%C3%B3n%20de%20WhatsApp%20directo%20para%20recibir%20pedidos%20y%20citas%20al%20instante%0A%E2%9C%85%20Mapa%20interactivo%20para%20que%20lleguen%20a%20su%20local%20en%20Barranco%0A%E2%9C%85%20Carga%20en%20menos%20de%201%20segundo%20en%20celulares%0A%E2%9C%85%20Ficha%20destacada%20en%20el%20directorio%20todolima.com%0A%0APreparamos%20una%20demostraci%C3%B3n%20sin%20costo%20de%20c%C3%B3mo%20se%20ver%C3%ADa%20la%20web%20de%20*Catering%20Corporativo%20en%20Lima%20Per%C3%BA*.%20%C2%BFLes%20gustar%C3%ADa%20que%20les%20comparta%20el%20enlace%20de%20prueba%20por%20aqu%C3%AD%3F%20%F0%9F%9A%80"
"Detallitos Lima eventos y catering",catering,"San Miguel",5,1,910334344,UPGRADE_SOCIAL,detallitos-lima-eventos-y-cate.catering.todolima.com,"https://wa.me/51910334344?text=Hola%20equipo%20de%20*Detallitos%20Lima%20eventos%20y%20catering*%20%F0%9F%91%8B%2C%20les%20escribe%20el%20equipo%20de%20*Todo%20Lima*.%0A%0ARevisamos%20su%20destacada%20presencia%20en%20Google%20Maps%20en%20*San%20Miguel*%20(%E2%AD%90%20*5.0*%20estrellas).%20Notamos%20que%20su%20enlace%20de%20contacto%20actual%20es%20un%20perfil%20de%20*Instagram*.%0A%0AMuchos%20clientes%20que%20buscan%20servicios%20en%20Google%20prefieren%20una%20web%20r%C3%A1pida%20donde%20ver%20cat%C3%A1logo%2C%20fotos%20y%20tarifas%20sin%20tener%20que%20entrar%20a%20una%20red%20social%20o%20ver%20distracciones%20de%20la%20competencia.%0A%0A%C2%BFLes%20interesar%C3%ADa%20complementar%20su%20Instagram%20con%20una%20p%C3%A1gina%20web%20oficial%20(*detallitos-lima-eventos-y-cate.catering.todolima.com*)%20con%20bot%C3%B3n%20directo%20a%20WhatsApp%20y%20presencia%20prioritaria%20en%20Todo%20Lima%3F%0A%0ATenemos%20una%20maqueta%20lista%20para%20mostrarles%20sin%20compromiso.%20%C2%BFSe%20las%20comparto%20por%20este%20medio%3F%20%F0%9F%93%B2"
"Catering para Velatorios",catering,"Lince",5,1,946541831,REDESIGN_WEBSITE,catering-para-velatorios.catering.todolima.com,"https://wa.me/51946541831?text=Hola%20equipo%20de%20*Catering%20para%20Velatorios*%20%F0%9F%91%8B%2C%20gusto%20en%20saludarlos.%0A%0ALes%20escribimos%20desde%20*Todo%20Lima*.%20Al%20revisar%20a%20los%20referentes%20de%20*Lince*%20(donde%20ustedes%20destacan%20con%20%E2%AD%90%20*5.0*)%2C%20realizamos%20una%20auditor%C3%ADa%20t%C3%A9cnica%20gratuita%20a%20su%20web%20actual%20(*https%3A%2F%2Fwww.funerariasperu.com%2Fservicio-de-cafeteria-para-velacion%2F*).%0A%0ADetectamos%20algunos%20puntos%20cr%C3%ADticos%20que%20podr%C3%ADan%20estar%20frenando%20sus%20consultas%3A%0A%E2%80%A2%20El%20servidor%20tard%C3%B3%20m%C3%A1s%20de%204s%20en%20responder%20(Timeout).%20El%20sitio%20est%C3%A1%20pr%C3%A1cticamente%20inoperativo%20para%20usuarios%20m%C3%B3viles.%0A%0A%F0%9F%91%89%20*Dato%20clave%3A*%20El%2065%25%20de%20usuarios%20en%20Lima%20abandonan%20una%20web%20si%20no%20encuentran%20un%20bot%C3%B3n%20flotante%20de%20WhatsApp%20para%20consultar%20en%20el%20momento.%0A%F0%9F%91%89%20*Velocidad%3A*%20Su%20web%20tarda%204.0s%20en%20responder%2C%20cuando%20el%20est%C3%A1ndar%20recomendado%20para%20m%C3%B3viles%20es%20menor%20a%201.5s.%0A%0APodemos%20modernizar%20su%20web%20para%20que%20cargue%20al%20instante%20y%20multiplique%20sus%20contactos%20por%20WhatsApp.%20%C2%BFLes%20gustar%C3%ADa%20que%20les%20enviemos%20el%20reporte%20t%C3%A9cnico%20completo%3F%20%F0%9F%93%8A"
"Puertas enrollables Michel",cerrajeros,"San Martín de Porres",5,501,994415868,UPGRADE_SOCIAL,puertas-enrollables-michel.cerrajeros.todolima.com,"https://wa.me/51994415868?text=Hola%20equipo%20de%20*Puertas%20enrollables%20Michel*%20%F0%9F%91%8B%2C%20les%20escribe%20el%20equipo%20de%20*Todo%20Lima*.%0A%0ARevisamos%20su%20destacada%20presencia%20en%20Google%20Maps%20en%20*San%20Mart%C3%ADn%20de%20Porres*%20(%E2%AD%90%20*5.0*%20estrellas).%20Notamos%20que%20su%20enlace%20de%20contacto%20actual%20es%20un%20perfil%20de%20*Facebook*.%0A%0AMuchos%20clientes%20que%20buscan%20servicios%20en%20Google%20prefieren%20una%20web%20r%C3%A1pida%20donde%20ver%20cat%C3%A1logo%2C%20fotos%20y%20tarifas%20sin%20tener%20que%20entrar%20a%20una%20red%20social%20o%20ver%20distracciones%20de%20la%20competencia.%0A%0A%C2%BFLes%20interesar%C3%ADa%20complementar%20su%20Facebook%20con%20una%20p%C3%A1gina%20web%20oficial%20(*puertas-enrollables-michel.cerrajeros.todolima.com*)%20con%20bot%C3%B3n%20directo%20a%20WhatsApp%20y%20presencia%20prioritaria%20en%20Todo%20Lima%3F%0A%0ATenemos%20una%20maqueta%20lista%20para%20mostrarles%20sin%20compromiso.%20%C2%BFSe%20las%20comparto%20por%20este%20medio%3F%20%F0%9F%93%B2"
"CERRAJERIA AUTOMOTRIZ y Apertura de Autos - koky keys",cerrajeros,"Puente Piedra",5,101,953063166,UPGRADE_SOCIAL,cerrajeria-automotriz-y-apertu.cerrajeros.todolima.com,"https://wa.me/51953063166?text=Hola%20equipo%20de%20*CERRAJERIA%20AUTOMOTRIZ%20y%20Apertura%20de%20Autos%20-%20koky%20keys*%20%F0%9F%91%8B%2C%20les%20escribe%20el%20equipo%20de%20*Todo%20Lima*.%0A%0ARevisamos%20su%20destacada%20presencia%20en%20Google%20Maps%20en%20*Puente%20Piedra*%20(%E2%AD%90%20*5.0*%20estrellas).%20Notamos%20que%20su%20enlace%20de%20contacto%20actual%20es%20un%20perfil%20de%20*Facebook*.%0A%0AMuchos%20clientes%20que%20buscan%20servicios%20en%20Google%20prefieren%20una%20web%20r%C3%A1pida%20donde%20ver%20cat%C3%A1logo%2C%20fotos%20y%20tarifas%20sin%20tener%20que%20entrar%20a%20una%20red%20social%20o%20ver%20distracciones%20de%20la%20competencia.%0A%0A%C2%BFLes%20interesar%C3%ADa%20complementar%20su%20Facebook%20con%20una%20p%C3%A1gina%20web%20oficial%20(*cerrajeria-automotriz-y-apertu.cerrajeros.todolima.com*)%20con%20bot%C3%B3n%20directo%20a%20WhatsApp%20y%20presencia%20prioritaria%20en%20Todo%20Lima%3F%0A%0ATenemos%20una%20maqueta%20lista%20para%20mostrarles%20sin%20compromiso.%20%C2%BFSe%20las%20comparto%20por%20este%20medio%3F%20%F0%9F%93%B2"
"Cerrajeria Vale Sagrado",cerrajeros,"Magdalena del Mar",5,11,936272489,NEEDS_WEBSITE,cerrajeria-vale-sagrado.cerrajeros.todolima.com,"https://wa.me/51936272489?text=Hola%20equipo%20de%20*Cerrajeria%20Vale%20Sagrado*%20%F0%9F%91%8B%2C%20los%20saluda%20el%20equipo%20de%20*Todo%20Lima*%20(todolima.com).%0A%0AVimos%20que%20son%20uno%20de%20los%20negocios%20con%20mejor%20reputaci%C3%B3n%20en%20Google%20Maps%20en%20*Magdalena%20del%20Mar*%20(%E2%AD%90%20*5.0*%20con%2011%20opiniones)%20%C2%A1Felicitaciones%20por%20tan%20buen%20trabajo!%20%F0%9F%91%8F%0A%0ARevisamos%20su%20ficha%20y%20notamos%20que%20*a%C3%BAn%20no%20cuentan%20con%20una%20p%C3%A1gina%20web%20oficial*%20donde%20sus%20clientes%20puedan%20consultar%20sus%20servicios%20y%20agendar%20directamente%20por%20WhatsApp.%0A%0AEn%20*Todo%20Lima*%20creamos%20landing%20pages%20ultrarr%C3%A1pidas%20pensadas%20para%20negocios%20locales%3A%0A%E2%9C%85%20Subdominio%20verificado%3A%20*cerrajeria-vale-sagrado.cerrajeros.todolima.com*%0A%E2%9C%85%20Bot%C3%B3n%20de%20WhatsApp%20directo%20para%20recibir%20pedidos%20y%20citas%20al%20instante%0A%E2%9C%85%20Mapa%20interactivo%20para%20que%20lleguen%20a%20su%20local%20en%20Magdalena%20del%20Mar%0A%E2%9C%85%20Carga%20en%20menos%20de%201%20segundo%20en%20celulares%0A%E2%9C%85%20Ficha%20destacada%20en%20el%20directorio%20todolima.com%0A%0APreparamos%20una%20demostraci%C3%B3n%20sin%20costo%20de%20c%C3%B3mo%20se%20ver%C3%ADa%20la%20web%20de%20*Cerrajeria%20Vale%20Sagrado*.%20%C2%BFLes%20gustar%C3%ADa%20que%20les%20comparta%20el%20enlace%20de%20prueba%20por%20aqu%C3%AD%3F%20%F0%9F%9A%80"
"Llaves",cerrajeros,"Pueblo Libre",5,6,998806766,NEEDS_WEBSITE,llaves.cerrajeros.todolima.com,"https://wa.me/51998806766?text=Hola%20equipo%20de%20*Llaves*%20%F0%9F%91%8B%2C%20los%20saluda%20el%20equipo%20de%20*Todo%20Lima*%20(todolima.com).%0A%0AVimos%20que%20son%20uno%20de%20los%20negocios%20con%20mejor%20reputaci%C3%B3n%20en%20Google%20Maps%20en%20*Pueblo%20Libre*%20(%E2%AD%90%20*5.0*%20con%206%20opiniones)%20%C2%A1Felicitaciones%20por%20tan%20buen%20trabajo!%20%F0%9F%91%8F%0A%0ARevisamos%20su%20ficha%20y%20notamos%20que%20*a%C3%BAn%20no%20cuentan%20con%20una%20p%C3%A1gina%20web%20oficial*%20donde%20sus%20clientes%20puedan%20consultar%20sus%20servicios%20y%20agendar%20directamente%20por%20WhatsApp.%0A%0AEn%20*Todo%20Lima*%20creamos%20landing%20pages%20ultrarr%C3%A1pidas%20pensadas%20para%20negocios%20locales%3A%0A%E2%9C%85%20Subdominio%20verificado%3A%20*llaves.cerrajeros.todolima.com*%0A%E2%9C%85%20Bot%C3%B3n%20de%20WhatsApp%20directo%20para%20recibir%20pedidos%20y%20citas%20al%20instante%0A%E2%9C%85%20Mapa%20interactivo%20para%20que%20lleguen%20a%20su%20local%20en%20Pueblo%20Libre%0A%E2%9C%85%20Carga%20en%20menos%20de%201%20segundo%20en%20celulares%0A%E2%9C%85%20Ficha%20destacada%20en%20el%20directorio%20todolima.com%0A%0APreparamos%20una%20demostraci%C3%B3n%20sin%20costo%20de%20c%C3%B3mo%20se%20ver%C3%ADa%20la%20web%20de%20*Llaves*.%20%C2%BFLes%20gustar%C3%ADa%20que%20les%20comparta%20el%20enlace%20de%20prueba%20por%20aqu%C3%AD%3F%20%F0%9F%9A%80"
"blackeys ""cerrajeria domiciliaria y automotriz""",cerrajeros,"Lince",5,5,933782296,REDESIGN_WEBSITE,blackeys-cerrajeria-domiciliar.cerrajeros.todolima.com,"https://wa.me/51933782296?text=Hola%20equipo%20de%20*blackeys%20%22cerrajeria%20domiciliaria%20y%20automotriz%22*%20%F0%9F%91%8B%2C%20gusto%20en%20saludarlos.%0A%0ALes%20escribimos%20desde%20*Todo%20Lima*.%20Al%20revisar%20a%20los%20referentes%20de%20*Lince*%20(donde%20ustedes%20destacan%20con%20%E2%AD%90%20*5.0*)%2C%20realizamos%20una%20auditor%C3%ADa%20t%C3%A9cnica%20gratuita%20a%20su%20web%20actual%20(*http%3A%2F%2Fblackeys.mystrikingly.com%2F*).%0A%0ADetectamos%20algunos%20puntos%20cr%C3%ADticos%20que%20podr%C3%ADan%20estar%20frenando%20sus%20consultas%3A%0A%E2%80%A2%20El%20servidor%20tard%C3%B3%20m%C3%A1s%20de%204s%20en%20responder%20(Timeout).%20El%20sitio%20est%C3%A1%20pr%C3%A1cticamente%20inoperativo%20para%20usuarios%20m%C3%B3viles.%0A%0A%F0%9F%91%89%20*Dato%20clave%3A*%20El%2065%25%20de%20usuarios%20en%20Lima%20abandonan%20una%20web%20si%20no%20encuentran%20un%20bot%C3%B3n%20flotante%20de%20WhatsApp%20para%20consultar%20en%20el%20momento.%0A%F0%9F%91%89%20*Velocidad%3A*%20Su%20web%20tarda%204.0s%20en%20responder%2C%20cuando%20el%20est%C3%A1ndar%20recomendado%20para%20m%C3%B3viles%20es%20menor%20a%201.5s.%0A%0APodemos%20modernizar%20su%20web%20para%20que%20cargue%20al%20instante%20y%20multiplique%20sus%20contactos%20por%20WhatsApp.%20%C2%BFLes%20gustar%C3%ADa%20que%20les%20enviemos%20el%20reporte%20t%C3%A9cnico%20completo%3F%20%F0%9F%93%8A"
"Duplicado de llaves el veloz ( 24 horas )",cerrajeros,"San Martín de Porres",5,3,928674699,NEEDS_WEBSITE,duplicado-de-llaves-el-veloz-2.cerrajeros.todolima.com,"https://wa.me/51928674699?text=Hola%20equipo%20de%20*Duplicado%20de%20llaves%20el%20veloz%20(%2024%20horas%20)*%20%F0%9F%91%8B%2C%20los%20saluda%20el%20equipo%20de%20*Todo%20Lima*%20(todolima.com).%0A%0AVimos%20que%20son%20uno%20de%20los%20negocios%20con%20mejor%20reputaci%C3%B3n%20en%20Google%20Maps%20en%20*San%20Mart%C3%ADn%20de%20Porres*%20(%E2%AD%90%20*5.0*%20con%203%20opiniones)%20%C2%A1Felicitaciones%20por%20tan%20buen%20trabajo!%20%F0%9F%91%8F%0A%0ARevisamos%20su%20ficha%20y%20notamos%20que%20*a%C3%BAn%20no%20cuentan%20con%20una%20p%C3%A1gina%20web%20oficial*%20donde%20sus%20clientes%20puedan%20consultar%20sus%20servicios%20y%20agendar%20directamente%20por%20WhatsApp.%0A%0AEn%20*Todo%20Lima*%20creamos%20landing%20pages%20ultrarr%C3%A1pidas%20pensadas%20para%20negocios%20locales%3A%0A%E2%9C%85%20Subdominio%20verificado%3A%20*duplicado-de-llaves-el-veloz-2.cerrajeros.todolima.com*%0A%E2%9C%85%20Bot%C3%B3n%20de%20WhatsApp%20directo%20para%20recibir%20pedidos%20y%20citas%20al%20instante%0A%E2%9C%85%20Mapa%20interactivo%20para%20que%20lleguen%20a%20su%20local%20en%20San%20Mart%C3%ADn%20de%20Porres%0A%E2%9C%85%20Carga%20en%20menos%20de%201%20segundo%20en%20celulares%0A%E2%9C%85%20Ficha%20destacada%20en%20el%20directorio%20todolima.com%0A%0APreparamos%20una%20demostraci%C3%B3n%20sin%20costo%20de%20c%C3%B3mo%20se%20ver%C3%ADa%20la%20web%20de%20*Duplicado%20de%20llaves%20el%20veloz%20(%2024%20horas%20)*.%20%C2%BFLes%20gustar%C3%ADa%20que%20les%20comparta%20el%20enlace%20de%20prueba%20por%20aqu%C3%AD%3F%20%F0%9F%9A%80"
"Estructuras Metálicas y Multiservicios Mario",cerrajeros,"Lima",5,2,982525543,REDESIGN_WEBSITE,estructuras-metalicas-y-multis.cerrajeros.todolima.com,"https://wa.me/51982525543?text=Hola%20equipo%20de%20*Estructuras%20Met%C3%A1licas%20y%20Multiservicios%20Mario*%20%F0%9F%91%8B%2C%20gusto%20en%20saludarlos.%0A%0ALes%20escribimos%20desde%20*Todo%20Lima*.%20Al%20revisar%20a%20los%20referentes%20de%20*Lima*%20(donde%20ustedes%20destacan%20con%20%E2%AD%90%20*5.0*)%2C%20realizamos%20una%20auditor%C3%ADa%20t%C3%A9cnica%20gratuita%20a%20su%20web%20actual%20(*https%3A%2F%2Festructurasmetalva.wixsite.com%2Femmv*).%0A%0ADetectamos%20algunos%20puntos%20cr%C3%ADticos%20que%20podr%C3%ADan%20estar%20frenando%20sus%20consultas%3A%0A%E2%80%A2%20T%C3%ADtulo%20SEO%20con%20longitud%20mejorable%20(13%20caracteres).%0A%E2%80%A2%20Carece%20de%20meta-descripci%C3%B3n%20optimizada%20para%20b%C3%BAsquedas%20en%20Google.%0A%E2%80%A2%20Sin%20etiqueta%20de%20t%C3%ADtulo%20principal%20H1%20para%20posicionamiento%20org%C3%A1nico.%0A%0A%F0%9F%91%89%20*Dato%20clave%3A*%20El%2065%25%20de%20usuarios%20en%20Lima%20abandonan%20una%20web%20si%20no%20encuentran%20un%20bot%C3%B3n%20flotante%20de%20WhatsApp%20para%20consultar%20en%20el%20momento.%0A%0A%0APodemos%20modernizar%20su%20web%20para%20que%20cargue%20al%20instante%20y%20multiplique%20sus%20contactos%20por%20WhatsApp.%20%C2%BFLes%20gustar%C3%ADa%20que%20les%20enviemos%20el%20reporte%20t%C3%A9cnico%20completo%3F%20%F0%9F%93%8A"
"CERRAJERO LLAVES GASFITERO ELECTRICISTA",cerrajeros,"Lima",5,2,955574634,NEEDS_WEBSITE,cerrajero-llaves-gasfitero-ele.cerrajeros.todolima.com,"https://wa.me/51955574634?text=Hola%20equipo%20de%20*CERRAJERO%20LLAVES%20GASFITERO%20ELECTRICISTA*%20%F0%9F%91%8B%2C%20los%20saluda%20el%20equipo%20de%20*Todo%20Lima*%20(todolima.com).%0A%0AVimos%20que%20son%20uno%20de%20los%20negocios%20con%20mejor%20reputaci%C3%B3n%20en%20Google%20Maps%20en%20*Lima*%20(%E2%AD%90%20*5.0*%20con%202%20opiniones)%20%C2%A1Felicitaciones%20por%20tan%20buen%20trabajo!%20%F0%9F%91%8F%0A%0ARevisamos%20su%20ficha%20y%20notamos%20que%20*a%C3%BAn%20no%20cuentan%20con%20una%20p%C3%A1gina%20web%20oficial*%20donde%20sus%20clientes%20puedan%20consultar%20sus%20servicios%20y%20agendar%20directamente%20por%20WhatsApp.%0A%0AEn%20*Todo%20Lima*%20creamos%20landing%20pages%20ultrarr%C3%A1pidas%20pensadas%20para%20negocios%20locales%3A%0A%E2%9C%85%20Subdominio%20verificado%3A%20*cerrajero-llaves-gasfitero-ele.cerrajeros.todolima.com*%0A%E2%9C%85%20Bot%C3%B3n%20de%20WhatsApp%20directo%20para%20recibir%20pedidos%20y%20citas%20al%20instante%0A%E2%9C%85%20Mapa%20interactivo%20para%20que%20lleguen%20a%20su%20local%20en%20Lima%0A%E2%9C%85%20Carga%20en%20menos%20de%201%20segundo%20en%20celulares%0A%E2%9C%85%20Ficha%20destacada%20en%20el%20directorio%20todolima.com%0A%0APreparamos%20una%20demostraci%C3%B3n%20sin%20costo%20de%20c%C3%B3mo%20se%20ver%C3%ADa%20la%20web%20de%20*CERRAJERO%20LLAVES%20GASFITERO%20ELECTRICISTA*.%20%C2%BFLes%20gustar%C3%ADa%20que%20les%20comparta%20el%20enlace%20de%20prueba%20por%20aqu%C3%AD%3F%20%F0%9F%9A%80"
"Cerrajería Marmanillo",cerrajeros,"Jesús María",5,1,991596017,NEEDS_WEBSITE,cerrajeria-marmanillo.cerrajeros.todolima.com,"https://wa.me/51991596017?text=Hola%20equipo%20de%20*Cerrajer%C3%ADa%20Marmanillo*%20%F0%9F%91%8B%2C%20los%20saluda%20el%20equipo%20de%20*Todo%20Lima*%20(todolima.com).%0A%0AVimos%20que%20son%20uno%20de%20los%20negocios%20con%20mejor%20reputaci%C3%B3n%20en%20Google%20Maps%20en%20*Jes%C3%BAs%20Mar%C3%ADa*%20(%E2%AD%90%20*5.0*%20con%201%20opiniones)%20%C2%A1Felicitaciones%20por%20tan%20buen%20trabajo!%20%F0%9F%91%8F%0A%0ARevisamos%20su%20ficha%20y%20notamos%20que%20*a%C3%BAn%20no%20cuentan%20con%20una%20p%C3%A1gina%20web%20oficial*%20donde%20sus%20clientes%20puedan%20consultar%20sus%20servicios%20y%20agendar%20directamente%20por%20WhatsApp.%0A%0AEn%20*Todo%20Lima*%20creamos%20landing%20pages%20ultrarr%C3%A1pidas%20pensadas%20para%20negocios%20locales%3A%0A%E2%9C%85%20Subdominio%20verificado%3A%20*cerrajeria-marmanillo.cerrajeros.todolima.com*%0A%E2%9C%85%20Bot%C3%B3n%20de%20WhatsApp%20directo%20para%20recibir%20pedidos%20y%20citas%20al%20instante%0A%E2%9C%85%20Mapa%20interactivo%20para%20que%20lleguen%20a%20su%20local%20en%20Jes%C3%BAs%20Mar%C3%ADa%0A%E2%9C%85%20Carga%20en%20menos%20de%201%20segundo%20en%20celulares%0A%E2%9C%85%20Ficha%20destacada%20en%20el%20directorio%20todolima.com%0A%0APreparamos%20una%20demostraci%C3%B3n%20sin%20costo%20de%20c%C3%B3mo%20se%20ver%C3%ADa%20la%20web%20de%20*Cerrajer%C3%ADa%20Marmanillo*.%20%C2%BFLes%20gustar%C3%ADa%20que%20les%20comparta%20el%20enlace%20de%20prueba%20por%20aqu%C3%AD%3F%20%F0%9F%9A%80"
"AUTOLLAVE",cerrajeros,"San Miguel",5,1,983666637,NEEDS_WEBSITE,autollave.cerrajeros.todolima.com,"https://wa.me/51983666637?text=Hola%20equipo%20de%20*AUTOLLAVE*%20%F0%9F%91%8B%2C%20los%20saluda%20el%20equipo%20de%20*Todo%20Lima*%20(todolima.com).%0A%0AVimos%20que%20son%20uno%20de%20los%20negocios%20con%20mejor%20reputaci%C3%B3n%20en%20Google%20Maps%20en%20*San%20Miguel*%20(%E2%AD%90%20*5.0*%20con%201%20opiniones)%20%C2%A1Felicitaciones%20por%20tan%20buen%20trabajo!%20%F0%9F%91%8F%0A%0ARevisamos%20su%20ficha%20y%20notamos%20que%20*a%C3%BAn%20no%20cuentan%20con%20una%20p%C3%A1gina%20web%20oficial*%20donde%20sus%20clientes%20puedan%20consultar%20sus%20servicios%20y%20agendar%20directamente%20por%20WhatsApp.%0A%0AEn%20*Todo%20Lima*%20creamos%20landing%20pages%20ultrarr%C3%A1pidas%20pensadas%20para%20negocios%20locales%3A%0A%E2%9C%85%20Subdominio%20verificado%3A%20*autollave.cerrajeros.todolima.com*%0A%E2%9C%85%20Bot%C3%B3n%20de%20WhatsApp%20directo%20para%20recibir%20pedidos%20y%20citas%20al%20instante%0A%E2%9C%85%20Mapa%20interactivo%20para%20que%20lleguen%20a%20su%20local%20en%20San%20Miguel%0A%E2%9C%85%20Carga%20en%20menos%20de%201%20segundo%20en%20celulares%0A%E2%9C%85%20Ficha%20destacada%20en%20el%20directorio%20todolima.com%0A%0APreparamos%20una%20demostraci%C3%B3n%20sin%20costo%20de%20c%C3%B3mo%20se%20ver%C3%ADa%20la%20web%20de%20*AUTOLLAVE*.%20%C2%BFLes%20gustar%C3%ADa%20que%20les%20comparta%20el%20enlace%20de%20prueba%20por%20aqu%C3%AD%3F%20%F0%9F%9A%80"
"Cerrajeria Fina B & J",cerrajeros,"Jesús María",5,1,987043554,NEEDS_WEBSITE,cerrajeria-fina-b-j.cerrajeros.todolima.com,"https://wa.me/51987043554?text=Hola%20equipo%20de%20*Cerrajeria%20Fina%20B%20%26%20J*%20%F0%9F%91%8B%2C%20los%20saluda%20el%20equipo%20de%20*Todo%20Lima*%20(todolima.com).%0A%0AVimos%20que%20son%20uno%20de%20los%20negocios%20con%20mejor%20reputaci%C3%B3n%20en%20Google%20Maps%20en%20*Jes%C3%BAs%20Mar%C3%ADa*%20(%E2%AD%90%20*5.0*%20con%201%20opiniones)%20%C2%A1Felicitaciones%20por%20tan%20buen%20trabajo!%20%F0%9F%91%8F%0A%0ARevisamos%20su%20ficha%20y%20notamos%20que%20*a%C3%BAn%20no%20cuentan%20con%20una%20p%C3%A1gina%20web%20oficial*%20donde%20sus%20clientes%20puedan%20consultar%20sus%20servicios%20y%20agendar%20directamente%20por%20WhatsApp.%0A%0AEn%20*Todo%20Lima*%20creamos%20landing%20pages%20ultrarr%C3%A1pidas%20pensadas%20para%20negocios%20locales%3A%0A%E2%9C%85%20Subdominio%20verificado%3A%20*cerrajeria-fina-b-j.cerrajeros.todolima.com*%0A%E2%9C%85%20Bot%C3%B3n%20de%20WhatsApp%20directo%20para%20recibir%20pedidos%20y%20citas%20al%20instante%0A%E2%9C%85%20Mapa%20interactivo%20para%20que%20lleguen%20a%20su%20local%20en%20Jes%C3%BAs%20Mar%C3%ADa%0A%E2%9C%85%20Carga%20en%20menos%20de%201%20segundo%20en%20celulares%0A%E2%9C%85%20Ficha%20destacada%20en%20el%20directorio%20todolima.com%0A%0APreparamos%20una%20demostraci%C3%B3n%20sin%20costo%20de%20c%C3%B3mo%20se%20ver%C3%ADa%20la%20web%20de%20*Cerrajeria%20Fina%20B%20%26%20J*.%20%C2%BFLes%20gustar%C3%ADa%20que%20les%20comparta%20el%20enlace%20de%20prueba%20por%20aqu%C3%AD%3F%20%F0%9F%9A%80"
"Bienes y Obras Servicios Generales",cerrajeros,"Lima",5,1,995482654,NEEDS_WEBSITE,bienes-y-obras-servicios-gener.cerrajeros.todolima.com,"https://wa.me/51995482654?text=Hola%20equipo%20de%20*Bienes%20y%20Obras%20Servicios%20Generales*%20%F0%9F%91%8B%2C%20los%20saluda%20el%20equipo%20de%20*Todo%20Lima*%20(todolima.com).%0A%0AVimos%20que%20son%20uno%20de%20los%20negocios%20con%20mejor%20reputaci%C3%B3n%20en%20Google%20Maps%20en%20*Lima*%20(%E2%AD%90%20*5.0*%20con%201%20opiniones)%20%C2%A1Felicitaciones%20por%20tan%20buen%20trabajo!%20%F0%9F%91%8F%0A%0ARevisamos%20su%20ficha%20y%20notamos%20que%20*a%C3%BAn%20no%20cuentan%20con%20una%20p%C3%A1gina%20web%20oficial*%20donde%20sus%20clientes%20puedan%20consultar%20sus%20servicios%20y%20agendar%20directamente%20por%20WhatsApp.%0A%0AEn%20*Todo%20Lima*%20creamos%20landing%20pages%20ultrarr%C3%A1pidas%20pensadas%20para%20negocios%20locales%3A%0A%E2%9C%85%20Subdominio%20verificado%3A%20*bienes-y-obras-servicios-gener.cerrajeros.todolima.com*%0A%E2%9C%85%20Bot%C3%B3n%20de%20WhatsApp%20directo%20para%20recibir%20pedidos%20y%20citas%20al%20instante%0A%E2%9C%85%20Mapa%20interactivo%20para%20que%20lleguen%20a%20su%20local%20en%20Lima%0A%E2%9C%85%20Carga%20en%20menos%20de%201%20segundo%20en%20celulares%0A%E2%9C%85%20Ficha%20destacada%20en%20el%20directorio%20todolima.com%0A%0APreparamos%20una%20demostraci%C3%B3n%20sin%20costo%20de%20c%C3%B3mo%20se%20ver%C3%ADa%20la%20web%20de%20*Bienes%20y%20Obras%20Servicios%20Generales*.%20%C2%BFLes%20gustar%C3%ADa%20que%20les%20comparta%20el%20enlace%20de%20prueba%20por%20aqu%C3%AD%3F%20%F0%9F%9A%80"
"Estudio Contable GC",contadores,"Lima",5,1,947534418,NEEDS_WEBSITE,estudio-contable-gc.contadores.todolima.com,"https://wa.me/51947534418?text=Hola%20equipo%20de%20*Estudio%20Contable%20GC*%20%F0%9F%91%8B%2C%20los%20saluda%20el%20equipo%20de%20*Todo%20Lima*%20(todolima.com).%0A%0AVimos%20que%20son%20uno%20de%20los%20negocios%20con%20mejor%20reputaci%C3%B3n%20en%20Google%20Maps%20en%20*Lima*%20(%E2%AD%90%20*5.0*%20con%201%20opiniones)%20%C2%A1Felicitaciones%20por%20tan%20buen%20trabajo!%20%F0%9F%91%8F%0A%0ARevisamos%20su%20ficha%20y%20notamos%20que%20*a%C3%BAn%20no%20cuentan%20con%20una%20p%C3%A1gina%20web%20oficial*%20donde%20sus%20clientes%20puedan%20consultar%20sus%20servicios%20y%20agendar%20directamente%20por%20WhatsApp.%0A%0AEn%20*Todo%20Lima*%20creamos%20landing%20pages%20ultrarr%C3%A1pidas%20pensadas%20para%20negocios%20locales%3A%0A%E2%9C%85%20Subdominio%20verificado%3A%20*estudio-contable-gc.contadores.todolima.com*%0A%E2%9C%85%20Bot%C3%B3n%20de%20WhatsApp%20directo%20para%20recibir%20pedidos%20y%20citas%20al%20instante%0A%E2%9C%85%20Mapa%20interactivo%20para%20que%20lleguen%20a%20su%20local%20en%20Lima%0A%E2%9C%85%20Carga%20en%20menos%20de%201%20segundo%20en%20celulares%0A%E2%9C%85%20Ficha%20destacada%20en%20el%20directorio%20todolima.com%0A%0APreparamos%20una%20demostraci%C3%B3n%20sin%20costo%20de%20c%C3%B3mo%20se%20ver%C3%ADa%20la%20web%20de%20*Estudio%20Contable%20GC*.%20%C2%BFLes%20gustar%C3%ADa%20que%20les%20comparta%20el%20enlace%20de%20prueba%20por%20aqu%C3%AD%3F%20%F0%9F%9A%80"
"Estudio Contable Hernandez & Asociados",contadores,"Lince",5,1,983729161,UPGRADE_SOCIAL,estudio-contable-hernandez-aso.contadores.todolima.com,"https://wa.me/51983729161?text=Hola%20equipo%20de%20*Estudio%20Contable%20Hernandez%20%26%20Asociados*%20%F0%9F%91%8B%2C%20les%20escribe%20el%20equipo%20de%20*Todo%20Lima*.%0A%0ARevisamos%20su%20destacada%20presencia%20en%20Google%20Maps%20en%20*Lince*%20(%E2%AD%90%20*5.0*%20estrellas).%20Notamos%20que%20su%20enlace%20de%20contacto%20actual%20es%20un%20perfil%20de%20*Facebook*.%0A%0AMuchos%20clientes%20que%20buscan%20servicios%20en%20Google%20prefieren%20una%20web%20r%C3%A1pida%20donde%20ver%20cat%C3%A1logo%2C%20fotos%20y%20tarifas%20sin%20tener%20que%20entrar%20a%20una%20red%20social%20o%20ver%20distracciones%20de%20la%20competencia.%0A%0A%C2%BFLes%20interesar%C3%ADa%20complementar%20su%20Facebook%20con%20una%20p%C3%A1gina%20web%20oficial%20(*estudio-contable-hernandez-aso.contadores.todolima.com*)%20con%20bot%C3%B3n%20directo%20a%20WhatsApp%20y%20presencia%20prioritaria%20en%20Todo%20Lima%3F%0A%0ATenemos%20una%20maqueta%20lista%20para%20mostrarles%20sin%20compromiso.%20%C2%BFSe%20las%20comparto%20por%20este%20medio%3F%20%F0%9F%93%B2"
"PINAUD CLINICA DENTAL Sede Norte Independencia",dentistas,"Lima",5,101,971774283,UPGRADE_SOCIAL,pinaud-clinica-dental-sede-nor.dentistas.todolima.com,"https://wa.me/51971774283?text=Hola%20equipo%20de%20*PINAUD%20CLINICA%20DENTAL%20Sede%20Norte%20Independencia*%20%F0%9F%91%8B%2C%20les%20escribe%20el%20equipo%20de%20*Todo%20Lima*.%0A%0ARevisamos%20su%20destacada%20presencia%20en%20Google%20Maps%20en%20*Lima*%20(%E2%AD%90%20*5.0*%20estrellas).%20Notamos%20que%20su%20enlace%20de%20contacto%20actual%20es%20un%20perfil%20de%20*Instagram*.%0A%0AMuchos%20clientes%20que%20buscan%20servicios%20en%20Google%20prefieren%20una%20web%20r%C3%A1pida%20donde%20ver%20cat%C3%A1logo%2C%20fotos%20y%20tarifas%20sin%20tener%20que%20entrar%20a%20una%20red%20social%20o%20ver%20distracciones%20de%20la%20competencia.%0A%0A%C2%BFLes%20interesar%C3%ADa%20complementar%20su%20Instagram%20con%20una%20p%C3%A1gina%20web%20oficial%20(*pinaud-clinica-dental-sede-nor.dentistas.todolima.com*)%20con%20bot%C3%B3n%20directo%20a%20WhatsApp%20y%20presencia%20prioritaria%20en%20Todo%20Lima%3F%0A%0ATenemos%20una%20maqueta%20lista%20para%20mostrarles%20sin%20compromiso.%20%C2%BFSe%20las%20comparto%20por%20este%20medio%3F%20%F0%9F%93%B2"
"Dra. Elsyfer / Grupo Odontólogico Sonría",dentistas,"San Miguel",5,76,961732235,REDESIGN_WEBSITE,dra-elsyfer-grupo-odontologico.dentistas.todolima.com,"https://wa.me/51961732235?text=Hola%20equipo%20de%20*Dra.%20Elsyfer%20%2F%20Grupo%20Odont%C3%B3logico%20Sonr%C3%ADa*%20%F0%9F%91%8B%2C%20gusto%20en%20saludarlos.%0A%0ALes%20escribimos%20desde%20*Todo%20Lima*.%20Al%20revisar%20a%20los%20referentes%20de%20*San%20Miguel*%20(donde%20ustedes%20destacan%20con%20%E2%AD%90%20*5.0*)%2C%20realizamos%20una%20auditor%C3%ADa%20t%C3%A9cnica%20gratuita%20a%20su%20web%20actual%20(*https%3A%2F%2Fdraelsyfernandez.com%2F*).%0A%0ADetectamos%20algunos%20puntos%20cr%C3%ADticos%20que%20podr%C3%ADan%20estar%20frenando%20sus%20consultas%3A%0A%E2%80%A2%20El%20servidor%20tard%C3%B3%20m%C3%A1s%20de%204s%20en%20responder%20(Timeout).%20El%20sitio%20est%C3%A1%20pr%C3%A1cticamente%20inoperativo%20para%20usuarios%20m%C3%B3viles.%0A%0A%F0%9F%91%89%20*Dato%20clave%3A*%20El%2065%25%20de%20usuarios%20en%20Lima%20abandonan%20una%20web%20si%20no%20encuentran%20un%20bot%C3%B3n%20flotante%20de%20WhatsApp%20para%20consultar%20en%20el%20momento.%0A%F0%9F%91%89%20*Velocidad%3A*%20Su%20web%20tarda%204.0s%20en%20responder%2C%20cuando%20el%20est%C3%A1ndar%20recomendado%20para%20m%C3%B3viles%20es%20menor%20a%201.5s.%0A%0APodemos%20modernizar%20su%20web%20para%20que%20cargue%20al%20instante%20y%20multiplique%20sus%20contactos%20por%20WhatsApp.%20%C2%BFLes%20gustar%C3%ADa%20que%20les%20enviemos%20el%20reporte%20t%C3%A9cnico%20completo%3F%20%F0%9F%93%8A"
"CENTRO DE ORTODONCIA Y REHABILITACION ESPECIALIZADA (CORE)",dentistas,"Jesús María",5,55,958038448,UPGRADE_SOCIAL,centro-de-ortodoncia-y-rehabil.dentistas.todolima.com,"https://wa.me/51958038448?text=Hola%20equipo%20de%20*CENTRO%20DE%20ORTODONCIA%20Y%20REHABILITACION%20ESPECIALIZADA%20(CORE)*%20%F0%9F%91%8B%2C%20les%20escribe%20el%20equipo%20de%20*Todo%20Lima*.%0A%0ARevisamos%20su%20destacada%20presencia%20en%20Google%20Maps%20en%20*Jes%C3%BAs%20Mar%C3%ADa*%20(%E2%AD%90%20*5.0*%20estrellas).%20Notamos%20que%20su%20enlace%20de%20contacto%20actual%20es%20un%20perfil%20de%20*Instagram*.%0A%0AMuchos%20clientes%20que%20buscan%20servicios%20en%20Google%20prefieren%20una%20web%20r%C3%A1pida%20donde%20ver%20cat%C3%A1logo%2C%20fotos%20y%20tarifas%20sin%20tener%20que%20entrar%20a%20una%20red%20social%20o%20ver%20distracciones%20de%20la%20competencia.%0A%0A%C2%BFLes%20interesar%C3%ADa%20complementar%20su%20Instagram%20con%20una%20p%C3%A1gina%20web%20oficial%20(*centro-de-ortodoncia-y-rehabil.dentistas.todolima.com*)%20con%20bot%C3%B3n%20directo%20a%20WhatsApp%20y%20presencia%20prioritaria%20en%20Todo%20Lima%3F%0A%0ATenemos%20una%20maqueta%20lista%20para%20mostrarles%20sin%20compromiso.%20%C2%BFSe%20las%20comparto%20por%20este%20medio%3F%20%F0%9F%93%B2"
"“VIDA SANA” Consultorio dental",dentistas,"Lima",5,41,986926169,REDESIGN_WEBSITE,vida-sana-consultorio-dental.dentistas.todolima.com,"https://wa.me/51986926169?text=Hola%20equipo%20de%20*%E2%80%9CVIDA%20SANA%E2%80%9D%20Consultorio%20dental*%20%F0%9F%91%8B%2C%20gusto%20en%20saludarlos.%0A%0ALes%20escribimos%20desde%20*Todo%20Lima*.%20Al%20revisar%20a%20los%20referentes%20de%20*Lima*%20(donde%20ustedes%20destacan%20con%20%E2%AD%90%20*5.0*)%2C%20realizamos%20una%20auditor%C3%ADa%20t%C3%A9cnica%20gratuita%20a%20su%20web%20actual%20(*https%3A%2F%2Fw.app%2FVidaSanaConsultoriodental*).%0A%0ADetectamos%20algunos%20puntos%20cr%C3%ADticos%20que%20podr%C3%ADan%20estar%20frenando%20sus%20consultas%3A%0A%E2%80%A2%20El%20servidor%20tard%C3%B3%20m%C3%A1s%20de%204s%20en%20responder%20(Timeout).%20El%20sitio%20est%C3%A1%20pr%C3%A1cticamente%20inoperativo%20para%20usuarios%20m%C3%B3viles.%0A%0A%F0%9F%91%89%20*Dato%20clave%3A*%20El%2065%25%20de%20usuarios%20en%20Lima%20abandonan%20una%20web%20si%20no%20encuentran%20un%20bot%C3%B3n%20flotante%20de%20WhatsApp%20para%20consultar%20en%20el%20momento.%0A%F0%9F%91%89%20*Velocidad%3A*%20Su%20web%20tarda%204.0s%20en%20responder%2C%20cuando%20el%20est%C3%A1ndar%20recomendado%20para%20m%C3%B3viles%20es%20menor%20a%201.5s.%0A%0APodemos%20modernizar%20su%20web%20para%20que%20cargue%20al%20instante%20y%20multiplique%20sus%20contactos%20por%20WhatsApp.%20%C2%BFLes%20gustar%C3%ADa%20que%20les%20enviemos%20el%20reporte%20t%C3%A9cnico%20completo%3F%20%F0%9F%93%8A"
"Odontosalud - Dra. Jiosiee Alania",dentistas,"Lima",5,39,945561386,UPGRADE_SOCIAL,odontosalud-dra-jiosiee-alania.dentistas.todolima.com,"https://wa.me/51945561386?text=Hola%20equipo%20de%20*Odontosalud%20-%20Dra.%20Jiosiee%20Alania*%20%F0%9F%91%8B%2C%20les%20escribe%20el%20equipo%20de%20*Todo%20Lima*.%0A%0ARevisamos%20su%20destacada%20presencia%20en%20Google%20Maps%20en%20*Lima*%20(%E2%AD%90%20*5.0*%20estrellas).%20Notamos%20que%20su%20enlace%20de%20contacto%20actual%20es%20un%20perfil%20de%20*Facebook*.%0A%0AMuchos%20clientes%20que%20buscan%20servicios%20en%20Google%20prefieren%20una%20web%20r%C3%A1pida%20donde%20ver%20cat%C3%A1logo%2C%20fotos%20y%20tarifas%20sin%20tener%20que%20entrar%20a%20una%20red%20social%20o%20ver%20distracciones%20de%20la%20competencia.%0A%0A%C2%BFLes%20interesar%C3%ADa%20complementar%20su%20Facebook%20con%20una%20p%C3%A1gina%20web%20oficial%20(*odontosalud-dra-jiosiee-alania.dentistas.todolima.com*)%20con%20bot%C3%B3n%20directo%20a%20WhatsApp%20y%20presencia%20prioritaria%20en%20Todo%20Lima%3F%0A%0ATenemos%20una%20maqueta%20lista%20para%20mostrarles%20sin%20compromiso.%20%C2%BFSe%20las%20comparto%20por%20este%20medio%3F%20%F0%9F%93%B2"
"Mágica Sonrisa Estudio Dental Sede Barrio Chino",dentistas,"Lima",5,19,933507960,NEEDS_WEBSITE,magica-sonrisa-estudio-dental-.dentistas.todolima.com,"https://wa.me/51933507960?text=Hola%20equipo%20de%20*M%C3%A1gica%20Sonrisa%20Estudio%20Dental%20Sede%20Barrio%20Chino*%20%F0%9F%91%8B%2C%20los%20saluda%20el%20equipo%20de%20*Todo%20Lima*%20(todolima.com).%0A%0AVimos%20que%20son%20uno%20de%20los%20negocios%20con%20mejor%20reputaci%C3%B3n%20en%20Google%20Maps%20en%20*Lima*%20(%E2%AD%90%20*5.0*%20con%2019%20opiniones)%20%C2%A1Felicitaciones%20por%20tan%20buen%20trabajo!%20%F0%9F%91%8F%0A%0ARevisamos%20su%20ficha%20y%20notamos%20que%20*a%C3%BAn%20no%20cuentan%20con%20una%20p%C3%A1gina%20web%20oficial*%20donde%20sus%20clientes%20puedan%20consultar%20sus%20servicios%20y%20agendar%20directamente%20por%20WhatsApp.%0A%0AEn%20*Todo%20Lima*%20creamos%20landing%20pages%20ultrarr%C3%A1pidas%20pensadas%20para%20negocios%20locales%3A%0A%E2%9C%85%20Subdominio%20verificado%3A%20*magica-sonrisa-estudio-dental-.dentistas.todolima.com*%0A%E2%9C%85%20Bot%C3%B3n%20de%20WhatsApp%20directo%20para%20recibir%20pedidos%20y%20citas%20al%20instante%0A%E2%9C%85%20Mapa%20interactivo%20para%20que%20lleguen%20a%20su%20local%20en%20Lima%0A%E2%9C%85%20Carga%20en%20menos%20de%201%20segundo%20en%20celulares%0A%E2%9C%85%20Ficha%20destacada%20en%20el%20directorio%20todolima.com%0A%0APreparamos%20una%20demostraci%C3%B3n%20sin%20costo%20de%20c%C3%B3mo%20se%20ver%C3%ADa%20la%20web%20de%20*M%C3%A1gica%20Sonrisa%20Estudio%20Dental%20Sede%20Barrio%20Chino*.%20%C2%BFLes%20gustar%C3%ADa%20que%20les%20comparta%20el%20enlace%20de%20prueba%20por%20aqu%C3%AD%3F%20%F0%9F%9A%80"
"DentolaserPerú",dentistas,"Pueblo Libre",5,17,939132385,REDESIGN_WEBSITE,dentolaserperu.dentistas.todolima.com,"https://wa.me/51939132385?text=Hola%20equipo%20de%20*DentolaserPer%C3%BA*%20%F0%9F%91%8B%2C%20gusto%20en%20saludarlos.%0A%0ALes%20escribimos%20desde%20*Todo%20Lima*.%20Al%20revisar%20a%20los%20referentes%20de%20*Pueblo%20Libre*%20(donde%20ustedes%20destacan%20con%20%E2%AD%90%20*5.0*)%2C%20realizamos%20una%20auditor%C3%ADa%20t%C3%A9cnica%20gratuita%20a%20su%20web%20actual%20(*http%3A%2F%2Fdentolaserperu.com%2F*).%0A%0ADetectamos%20algunos%20puntos%20cr%C3%ADticos%20que%20podr%C3%ADan%20estar%20frenando%20sus%20consultas%3A%0A%E2%80%A2%20Sitio%20sin%20candado%20de%20seguridad%20SSL%20(HTTP%20no%20seguro).%0A%E2%80%A2%20Tiempo%20de%20carga%20lento%20(3340ms).%20En%20m%C3%B3viles%20el%20usuario%20abandona%20tras%203%20segundos.%0A%E2%80%A2%20T%C3%ADtulo%20SEO%20con%20longitud%20mejorable%20(14%20caracteres).%0A%0A%F0%9F%91%89%20*Dato%20clave%3A*%20El%2065%25%20de%20usuarios%20en%20Lima%20abandonan%20una%20web%20si%20no%20encuentran%20un%20bot%C3%B3n%20flotante%20de%20WhatsApp%20para%20consultar%20en%20el%20momento.%0A%F0%9F%91%89%20*Velocidad%3A*%20Su%20web%20tarda%203.3s%20en%20responder%2C%20cuando%20el%20est%C3%A1ndar%20recomendado%20para%20m%C3%B3viles%20es%20menor%20a%201.5s.%0A%0APodemos%20modernizar%20su%20web%20para%20que%20cargue%20al%20instante%20y%20multiplique%20sus%20contactos%20por%20WhatsApp.%20%C2%BFLes%20gustar%C3%ADa%20que%20les%20enviemos%20el%20reporte%20t%C3%A9cnico%20completo%3F%20%F0%9F%93%8A"
"Clínica Dental Identica",dentistas,"Lima",5,12,929525779,REDESIGN_WEBSITE,clinica-dental-identica.dentistas.todolima.com,"https://wa.me/51929525779?text=Hola%20equipo%20de%20*Cl%C3%ADnica%20Dental%20Identica*%20%F0%9F%91%8B%2C%20gusto%20en%20saludarlos.%0A%0ALes%20escribimos%20desde%20*Todo%20Lima*.%20Al%20revisar%20a%20los%20referentes%20de%20*Lima*%20(donde%20ustedes%20destacan%20con%20%E2%AD%90%20*5.0*)%2C%20realizamos%20una%20auditor%C3%ADa%20t%C3%A9cnica%20gratuita%20a%20su%20web%20actual%20(*http%3A%2F%2Fidentica.pe%2F*).%0A%0ADetectamos%20algunos%20puntos%20cr%C3%ADticos%20que%20podr%C3%ADan%20estar%20frenando%20sus%20consultas%3A%0A%E2%80%A2%20El%20servidor%20tard%C3%B3%20m%C3%A1s%20de%204s%20en%20responder%20(Timeout).%20El%20sitio%20est%C3%A1%20pr%C3%A1cticamente%20inoperativo%20para%20usuarios%20m%C3%B3viles.%0A%0A%F0%9F%91%89%20*Dato%20clave%3A*%20El%2065%25%20de%20usuarios%20en%20Lima%20abandonan%20una%20web%20si%20no%20encuentran%20un%20bot%C3%B3n%20flotante%20de%20WhatsApp%20para%20consultar%20en%20el%20momento.%0A%F0%9F%91%89%20*Velocidad%3A*%20Su%20web%20tarda%204.0s%20en%20responder%2C%20cuando%20el%20est%C3%A1ndar%20recomendado%20para%20m%C3%B3viles%20es%20menor%20a%201.5s.%0A%0APodemos%20modernizar%20su%20web%20para%20que%20cargue%20al%20instante%20y%20multiplique%20sus%20contactos%20por%20WhatsApp.%20%C2%BFLes%20gustar%C3%ADa%20que%20les%20enviemos%20el%20reporte%20t%C3%A9cnico%20completo%3F%20%F0%9F%93%8A"
"Medicalsalud Odontología",dentistas,"Lima",5,8,956855656,NEEDS_WEBSITE,medicalsalud-odontologia.dentistas.todolima.com,"https://wa.me/51956855656?text=Hola%20equipo%20de%20*Medicalsalud%20Odontolog%C3%ADa*%20%F0%9F%91%8B%2C%20los%20saluda%20el%20equipo%20de%20*Todo%20Lima*%20(todolima.com).%0A%0AVimos%20que%20son%20uno%20de%20los%20negocios%20con%20mejor%20reputaci%C3%B3n%20en%20Google%20Maps%20en%20*Lima*%20(%E2%AD%90%20*5.0*%20con%208%20opiniones)%20%C2%A1Felicitaciones%20por%20tan%20buen%20trabajo!%20%F0%9F%91%8F%0A%0ARevisamos%20su%20ficha%20y%20notamos%20que%20*a%C3%BAn%20no%20cuentan%20con%20una%20p%C3%A1gina%20web%20oficial*%20donde%20sus%20clientes%20puedan%20consultar%20sus%20servicios%20y%20agendar%20directamente%20por%20WhatsApp.%0A%0AEn%20*Todo%20Lima*%20creamos%20landing%20pages%20ultrarr%C3%A1pidas%20pensadas%20para%20negocios%20locales%3A%0A%E2%9C%85%20Subdominio%20verificado%3A%20*medicalsalud-odontologia.dentistas.todolima.com*%0A%E2%9C%85%20Bot%C3%B3n%20de%20WhatsApp%20directo%20para%20recibir%20pedidos%20y%20citas%20al%20instante%0A%E2%9C%85%20Mapa%20interactivo%20para%20que%20lleguen%20a%20su%20local%20en%20Lima%0A%E2%9C%85%20Carga%20en%20menos%20de%201%20segundo%20en%20celulares%0A%E2%9C%85%20Ficha%20destacada%20en%20el%20directorio%20todolima.com%0A%0APreparamos%20una%20demostraci%C3%B3n%20sin%20costo%20de%20c%C3%B3mo%20se%20ver%C3%ADa%20la%20web%20de%20*Medicalsalud%20Odontolog%C3%ADa*.%20%C2%BFLes%20gustar%C3%ADa%20que%20les%20comparta%20el%20enlace%20de%20prueba%20por%20aqu%C3%AD%3F%20%F0%9F%9A%80"
"Clínica Dental Campos",dentistas,"Lima",5,1,926557645,UPGRADE_SOCIAL,clinica-dental-campos.dentistas.todolima.com,"https://wa.me/51926557645?text=Hola%20equipo%20de%20*Cl%C3%ADnica%20Dental%20Campos*%20%F0%9F%91%8B%2C%20les%20escribe%20el%20equipo%20de%20*Todo%20Lima*.%0A%0ARevisamos%20su%20destacada%20presencia%20en%20Google%20Maps%20en%20*Lima*%20(%E2%AD%90%20*5.0*%20estrellas).%20Notamos%20que%20su%20enlace%20de%20contacto%20actual%20es%20un%20perfil%20de%20*WhatsApp%20Directo*.%0A%0AMuchos%20clientes%20que%20buscan%20servicios%20en%20Google%20prefieren%20una%20web%20r%C3%A1pida%20donde%20ver%20cat%C3%A1logo%2C%20fotos%20y%20tarifas%20sin%20tener%20que%20entrar%20a%20una%20red%20social%20o%20ver%20distracciones%20de%20la%20competencia.%0A%0A%C2%BFLes%20interesar%C3%ADa%20complementar%20su%20WhatsApp%20Directo%20con%20una%20p%C3%A1gina%20web%20oficial%20(*clinica-dental-campos.dentistas.todolima.com*)%20con%20bot%C3%B3n%20directo%20a%20WhatsApp%20y%20presencia%20prioritaria%20en%20Todo%20Lima%3F%0A%0ATenemos%20una%20maqueta%20lista%20para%20mostrarles%20sin%20compromiso.%20%C2%BFSe%20las%20comparto%20por%20este%20medio%3F%20%F0%9F%93%B2"
"Dr Jader Carrasquel Rojas Traumatologo Ortopedista",doctores,"Lima",5,5011,917794758,NEEDS_WEBSITE,dr-jader-carrasquel-rojas-trau.doctores.todolima.com,"https://wa.me/51917794758?text=Hola%20equipo%20de%20*Dr%20Jader%20Carrasquel%20Rojas%20Traumatologo%20Ortopedista*%20%F0%9F%91%8B%2C%20los%20saluda%20el%20equipo%20de%20*Todo%20Lima*%20(todolima.com).%0A%0AVimos%20que%20son%20uno%20de%20los%20negocios%20con%20mejor%20reputaci%C3%B3n%20en%20Google%20Maps%20en%20*Lima*%20(%E2%AD%90%20*5.0*%20con%205011%20opiniones)%20%C2%A1Felicitaciones%20por%20tan%20buen%20trabajo!%20%F0%9F%91%8F%0A%0ARevisamos%20su%20ficha%20y%20notamos%20que%20*a%C3%BAn%20no%20cuentan%20con%20una%20p%C3%A1gina%20web%20oficial*%20donde%20sus%20clientes%20puedan%20consultar%20sus%20servicios%20y%20agendar%20directamente%20por%20WhatsApp.%0A%0AEn%20*Todo%20Lima*%20creamos%20landing%20pages%20ultrarr%C3%A1pidas%20pensadas%20para%20negocios%20locales%3A%0A%E2%9C%85%20Subdominio%20verificado%3A%20*dr-jader-carrasquel-rojas-trau.doctores.todolima.com*%0A%E2%9C%85%20Bot%C3%B3n%20de%20WhatsApp%20directo%20para%20recibir%20pedidos%20y%20citas%20al%20instante%0A%E2%9C%85%20Mapa%20interactivo%20para%20que%20lleguen%20a%20su%20local%20en%20Lima%0A%E2%9C%85%20Carga%20en%20menos%20de%201%20segundo%20en%20celulares%0A%E2%9C%85%20Ficha%20destacada%20en%20el%20directorio%20todolima.com%0A%0APreparamos%20una%20demostraci%C3%B3n%20sin%20costo%20de%20c%C3%B3mo%20se%20ver%C3%ADa%20la%20web%20de%20*Dr%20Jader%20Carrasquel%20Rojas%20Traumatologo%20Ortopedista*.%20%C2%BFLes%20gustar%C3%ADa%20que%20les%20comparta%20el%20enlace%20de%20prueba%20por%20aqu%C3%AD%3F%20%F0%9F%9A%80"
"Ortopedia en Lima",doctores,"Lima",5,503,921208480,NEEDS_WEBSITE,ortopedia-en-lima.doctores.todolima.com,"https://wa.me/51921208480?text=Hola%20equipo%20de%20*Ortopedia%20en%20Lima*%20%F0%9F%91%8B%2C%20los%20saluda%20el%20equipo%20de%20*Todo%20Lima*%20(todolima.com).%0A%0AVimos%20que%20son%20uno%20de%20los%20negocios%20con%20mejor%20reputaci%C3%B3n%20en%20Google%20Maps%20en%20*Lima*%20(%E2%AD%90%20*5.0*%20con%20503%20opiniones)%20%C2%A1Felicitaciones%20por%20tan%20buen%20trabajo!%20%F0%9F%91%8F%0A%0ARevisamos%20su%20ficha%20y%20notamos%20que%20*a%C3%BAn%20no%20cuentan%20con%20una%20p%C3%A1gina%20web%20oficial*%20donde%20sus%20clientes%20puedan%20consultar%20sus%20servicios%20y%20agendar%20directamente%20por%20WhatsApp.%0A%0AEn%20*Todo%20Lima*%20creamos%20landing%20pages%20ultrarr%C3%A1pidas%20pensadas%20para%20negocios%20locales%3A%0A%E2%9C%85%20Subdominio%20verificado%3A%20*ortopedia-en-lima.doctores.todolima.com*%0A%E2%9C%85%20Bot%C3%B3n%20de%20WhatsApp%20directo%20para%20recibir%20pedidos%20y%20citas%20al%20instante%0A%E2%9C%85%20Mapa%20interactivo%20para%20que%20lleguen%20a%20su%20local%20en%20Lima%0A%E2%9C%85%20Carga%20en%20menos%20de%201%20segundo%20en%20celulares%0A%E2%9C%85%20Ficha%20destacada%20en%20el%20directorio%20todolima.com%0A%0APreparamos%20una%20demostraci%C3%B3n%20sin%20costo%20de%20c%C3%B3mo%20se%20ver%C3%ADa%20la%20web%20de%20*Ortopedia%20en%20Lima*.%20%C2%BFLes%20gustar%C3%ADa%20que%20les%20comparta%20el%20enlace%20de%20prueba%20por%20aqu%C3%AD%3F%20%F0%9F%9A%80"
"Dr. Norman Anco",doctores,"Lima",5,44,948626743,REDESIGN_WEBSITE,dr-norman-anco.doctores.todolima.com,"https://wa.me/51948626743?text=Hola%20equipo%20de%20*Dr.%20Norman%20Anco*%20%F0%9F%91%8B%2C%20gusto%20en%20saludarlos.%0A%0ALes%20escribimos%20desde%20*Todo%20Lima*.%20Al%20revisar%20a%20los%20referentes%20de%20*Lima*%20(donde%20ustedes%20destacan%20con%20%E2%AD%90%20*5.0*)%2C%20realizamos%20una%20auditor%C3%ADa%20t%C3%A9cnica%20gratuita%20a%20su%20web%20actual%20(*http%3A%2F%2Fdrnormananco.com%2F*).%0A%0ADetectamos%20algunos%20puntos%20cr%C3%ADticos%20que%20podr%C3%ADan%20estar%20frenando%20sus%20consultas%3A%0A%E2%80%A2%20Error%20de%20conexi%C3%B3n%20al%20cargar%20la%20p%C3%A1gina%3A%20fetch%20failed.%20El%20sitio%20se%20encuentra%20ca%C3%ADdo%20o%20inaccesible.%0A%0A%F0%9F%91%89%20*Dato%20clave%3A*%20El%2065%25%20de%20usuarios%20en%20Lima%20abandonan%20una%20web%20si%20no%20encuentran%20un%20bot%C3%B3n%20flotante%20de%20WhatsApp%20para%20consultar%20en%20el%20momento.%0A%0A%0APodemos%20modernizar%20su%20web%20para%20que%20cargue%20al%20instante%20y%20multiplique%20sus%20contactos%20por%20WhatsApp.%20%C2%BFLes%20gustar%C3%ADa%20que%20les%20enviemos%20el%20reporte%20t%C3%A9cnico%20completo%3F%20%F0%9F%93%8A"
"FOYO MEDIC",doctores,"Lima",5,3,984742196,NEEDS_WEBSITE,foyo-medic.doctores.todolima.com,"https://wa.me/51984742196?text=Hola%20equipo%20de%20*FOYO%20MEDIC*%20%F0%9F%91%8B%2C%20los%20saluda%20el%20equipo%20de%20*Todo%20Lima*%20(todolima.com).%0A%0AVimos%20que%20son%20uno%20de%20los%20negocios%20con%20mejor%20reputaci%C3%B3n%20en%20Google%20Maps%20en%20*Lima*%20(%E2%AD%90%20*5.0*%20con%203%20opiniones)%20%C2%A1Felicitaciones%20por%20tan%20buen%20trabajo!%20%F0%9F%91%8F%0A%0ARevisamos%20su%20ficha%20y%20notamos%20que%20*a%C3%BAn%20no%20cuentan%20con%20una%20p%C3%A1gina%20web%20oficial*%20donde%20sus%20clientes%20puedan%20consultar%20sus%20servicios%20y%20agendar%20directamente%20por%20WhatsApp.%0A%0AEn%20*Todo%20Lima*%20creamos%20landing%20pages%20ultrarr%C3%A1pidas%20pensadas%20para%20negocios%20locales%3A%0A%E2%9C%85%20Subdominio%20verificado%3A%20*foyo-medic.doctores.todolima.com*%0A%E2%9C%85%20Bot%C3%B3n%20de%20WhatsApp%20directo%20para%20recibir%20pedidos%20y%20citas%20al%20instante%0A%E2%9C%85%20Mapa%20interactivo%20para%20que%20lleguen%20a%20su%20local%20en%20Lima%0A%E2%9C%85%20Carga%20en%20menos%20de%201%20segundo%20en%20celulares%0A%E2%9C%85%20Ficha%20destacada%20en%20el%20directorio%20todolima.com%0A%0APreparamos%20una%20demostraci%C3%B3n%20sin%20costo%20de%20c%C3%B3mo%20se%20ver%C3%ADa%20la%20web%20de%20*FOYO%20MEDIC*.%20%C2%BFLes%20gustar%C3%ADa%20que%20les%20comparta%20el%20enlace%20de%20prueba%20por%20aqu%C3%AD%3F%20%F0%9F%9A%80"
"Dr. Ricardo Santos, Cardiología",doctores,"Lima",5,2,977999339,REDESIGN_WEBSITE,dr-ricardo-santos-cardiologia.doctores.todolima.com,"https://wa.me/51977999339?text=Hola%20equipo%20de%20*Dr.%20Ricardo%20Santos%2C%20Cardiolog%C3%ADa*%20%F0%9F%91%8B%2C%20gusto%20en%20saludarlos.%0A%0ALes%20escribimos%20desde%20*Todo%20Lima*.%20Al%20revisar%20a%20los%20referentes%20de%20*Lima*%20(donde%20ustedes%20destacan%20con%20%E2%AD%90%20*5.0*)%2C%20realizamos%20una%20auditor%C3%ADa%20t%C3%A9cnica%20gratuita%20a%20su%20web%20actual%20(*https%3A%2F%2Fwww.doctorsantos.pe%2F*).%0A%0ADetectamos%20algunos%20puntos%20cr%C3%ADticos%20que%20podr%C3%ADan%20estar%20frenando%20sus%20consultas%3A%0A%E2%80%A2%20Tiempo%20de%20carga%20lento%20(3784ms).%20En%20m%C3%B3viles%20el%20usuario%20abandona%20tras%203%20segundos.%0A%E2%80%A2%20Sin%20etiqueta%20de%20t%C3%ADtulo%20principal%20H1%20para%20posicionamiento%20org%C3%A1nico.%0A%E2%80%A2%20No%20tiene%20bot%C3%B3n%20directo%20a%20WhatsApp%20(pierde%20hasta%2060%25%20de%20contactos%20en%20Lima).%0A%0A%F0%9F%91%89%20*Dato%20clave%3A*%20El%2065%25%20de%20usuarios%20en%20Lima%20abandonan%20una%20web%20si%20no%20encuentran%20un%20bot%C3%B3n%20flotante%20de%20WhatsApp%20para%20consultar%20en%20el%20momento.%0A%F0%9F%91%89%20*Velocidad%3A*%20Su%20web%20tarda%203.8s%20en%20responder%2C%20cuando%20el%20est%C3%A1ndar%20recomendado%20para%20m%C3%B3viles%20es%20menor%20a%201.5s.%0A%0APodemos%20modernizar%20su%20web%20para%20que%20cargue%20al%20instante%20y%20multiplique%20sus%20contactos%20por%20WhatsApp.%20%C2%BFLes%20gustar%C3%ADa%20que%20les%20enviemos%20el%20reporte%20t%C3%A9cnico%20completo%3F%20%F0%9F%93%8A"
"PLAZA MEDICA PERU",doctores,"Lima",5,1,995225764,REDESIGN_WEBSITE,plaza-medica-peru.doctores.todolima.com,"https://wa.me/51995225764?text=Hola%20equipo%20de%20*PLAZA%20MEDICA%20PERU*%20%F0%9F%91%8B%2C%20gusto%20en%20saludarlos.%0A%0ALes%20escribimos%20desde%20*Todo%20Lima*.%20Al%20revisar%20a%20los%20referentes%20de%20*Lima*%20(donde%20ustedes%20destacan%20con%20%E2%AD%90%20*5.0*)%2C%20realizamos%20una%20auditor%C3%ADa%20t%C3%A9cnica%20gratuita%20a%20su%20web%20actual%20(*https%3A%2F%2Fwww.plazamedicaperu.com%2Fcontactos%2F*).%0A%0ADetectamos%20algunos%20puntos%20cr%C3%ADticos%20que%20podr%C3%ADan%20estar%20frenando%20sus%20consultas%3A%0A%E2%80%A2%20El%20servidor%20tard%C3%B3%20m%C3%A1s%20de%204s%20en%20responder%20(Timeout).%20El%20sitio%20est%C3%A1%20pr%C3%A1cticamente%20inoperativo%20para%20usuarios%20m%C3%B3viles.%0A%0A%F0%9F%91%89%20*Dato%20clave%3A*%20El%2065%25%20de%20usuarios%20en%20Lima%20abandonan%20una%20web%20si%20no%20encuentran%20un%20bot%C3%B3n%20flotante%20de%20WhatsApp%20para%20consultar%20en%20el%20momento.%0A%F0%9F%91%89%20*Velocidad%3A*%20Su%20web%20tarda%204.0s%20en%20responder%2C%20cuando%20el%20est%C3%A1ndar%20recomendado%20para%20m%C3%B3viles%20es%20menor%20a%201.5s.%0A%0APodemos%20modernizar%20su%20web%20para%20que%20cargue%20al%20instante%20y%20multiplique%20sus%20contactos%20por%20WhatsApp.%20%C2%BFLes%20gustar%C3%ADa%20que%20les%20enviemos%20el%20reporte%20t%C3%A9cnico%20completo%3F%20%F0%9F%93%8A"
"Ventas en linea de equipos dentales peru, equipos medicos en lima",doctores,"Lima",5,1,999217112,REDESIGN_WEBSITE,ventas-en-linea-de-equipos-den.doctores.todolima.com,"https://wa.me/51999217112?text=Hola%20equipo%20de%20*Ventas%20en%20linea%20de%20equipos%20dentales%20peru%2C%20equipos%20medicos%20en%20lima*%20%F0%9F%91%8B%2C%20gusto%20en%20saludarlos.%0A%0ALes%20escribimos%20desde%20*Todo%20Lima*.%20Al%20revisar%20a%20los%20referentes%20de%20*Lima*%20(donde%20ustedes%20destacan%20con%20%E2%AD%90%20*5.0*)%2C%20realizamos%20una%20auditor%C3%ADa%20t%C3%A9cnica%20gratuita%20a%20su%20web%20actual%20(*https%3A%2F%2Funidadesdentalesperu.com%2Fproductos%2Funidades-dentales%2F*).%0A%0ADetectamos%20algunos%20puntos%20cr%C3%ADticos%20que%20podr%C3%ADan%20estar%20frenando%20sus%20consultas%3A%0A%E2%80%A2%20El%20servidor%20tard%C3%B3%20m%C3%A1s%20de%204s%20en%20responder%20(Timeout).%20El%20sitio%20est%C3%A1%20pr%C3%A1cticamente%20inoperativo%20para%20usuarios%20m%C3%B3viles.%0A%0A%F0%9F%91%89%20*Dato%20clave%3A*%20El%2065%25%20de%20usuarios%20en%20Lima%20abandonan%20una%20web%20si%20no%20encuentran%20un%20bot%C3%B3n%20flotante%20de%20WhatsApp%20para%20consultar%20en%20el%20momento.%0A%F0%9F%91%89%20*Velocidad%3A*%20Su%20web%20tarda%204.0s%20en%20responder%2C%20cuando%20el%20est%C3%A1ndar%20recomendado%20para%20m%C3%B3viles%20es%20menor%20a%201.5s.%0A%0APodemos%20modernizar%20su%20web%20para%20que%20cargue%20al%20instante%20y%20multiplique%20sus%20contactos%20por%20WhatsApp.%20%C2%BFLes%20gustar%C3%ADa%20que%20les%20enviemos%20el%20reporte%20t%C3%A9cnico%20completo%3F%20%F0%9F%93%8A"
"Fisio Rehab Center sede SMP - Centro de Rehabilitación y Fisioterapia",fisioterapia,"San Martín de Porres",5,402,936220328,NEEDS_WEBSITE,fisio-rehab-center-sede-smp-ce.fisioterapia.todolima.com,"https://wa.me/51936220328?text=Hola%20equipo%20de%20*Fisio%20Rehab%20Center%20sede%20SMP%20-%20Centro%20de%20Rehabilitaci%C3%B3n%20y%20Fisioterapia*%20%F0%9F%91%8B%2C%20los%20saluda%20el%20equipo%20de%20*Todo%20Lima*%20(todolima.com).%0A%0AVimos%20que%20son%20uno%20de%20los%20negocios%20con%20mejor%20reputaci%C3%B3n%20en%20Google%20Maps%20en%20*San%20Mart%C3%ADn%20de%20Porres*%20(%E2%AD%90%20*5.0*%20con%20402%20opiniones)%20%C2%A1Felicitaciones%20por%20tan%20buen%20trabajo!%20%F0%9F%91%8F%0A%0ARevisamos%20su%20ficha%20y%20notamos%20que%20*a%C3%BAn%20no%20cuentan%20con%20una%20p%C3%A1gina%20web%20oficial*%20donde%20sus%20clientes%20puedan%20consultar%20sus%20servicios%20y%20agendar%20directamente%20por%20WhatsApp.%0A%0AEn%20*Todo%20Lima*%20creamos%20landing%20pages%20ultrarr%C3%A1pidas%20pensadas%20para%20negocios%20locales%3A%0A%E2%9C%85%20Subdominio%20verificado%3A%20*fisio-rehab-center-sede-smp-ce.fisioterapia.todolima.com*%0A%E2%9C%85%20Bot%C3%B3n%20de%20WhatsApp%20directo%20para%20recibir%20pedidos%20y%20citas%20al%20instante%0A%E2%9C%85%20Mapa%20interactivo%20para%20que%20lleguen%20a%20su%20local%20en%20San%20Mart%C3%ADn%20de%20Porres%0A%E2%9C%85%20Carga%20en%20menos%20de%201%20segundo%20en%20celulares%0A%E2%9C%85%20Ficha%20destacada%20en%20el%20directorio%20todolima.com%0A%0APreparamos%20una%20demostraci%C3%B3n%20sin%20costo%20de%20c%C3%B3mo%20se%20ver%C3%ADa%20la%20web%20de%20*Fisio%20Rehab%20Center%20sede%20SMP%20-%20Centro%20de%20Rehabilitaci%C3%B3n%20y%20Fisioterapia*.%20%C2%BFLes%20gustar%C3%ADa%20que%20les%20comparta%20el%20enlace%20de%20prueba%20por%20aqu%C3%AD%3F%20%F0%9F%9A%80"
"FlexZen Centro de Fisioterapia",fisioterapia,"San Juan de Lurigancho",5,33,973208139,UPGRADE_SOCIAL,flexzen-centro-de-fisioterapia.fisioterapia.todolima.com,"https://wa.me/51973208139?text=Hola%20equipo%20de%20*FlexZen%20Centro%20de%20Fisioterapia*%20%F0%9F%91%8B%2C%20les%20escribe%20el%20equipo%20de%20*Todo%20Lima*.%0A%0ARevisamos%20su%20destacada%20presencia%20en%20Google%20Maps%20en%20*San%20Juan%20de%20Lurigancho*%20(%E2%AD%90%20*5.0*%20estrellas).%20Notamos%20que%20su%20enlace%20de%20contacto%20actual%20es%20un%20perfil%20de%20*TikTok*.%0A%0AMuchos%20clientes%20que%20buscan%20servicios%20en%20Google%20prefieren%20una%20web%20r%C3%A1pida%20donde%20ver%20cat%C3%A1logo%2C%20fotos%20y%20tarifas%20sin%20tener%20que%20entrar%20a%20una%20red%20social%20o%20ver%20distracciones%20de%20la%20competencia.%0A%0A%C2%BFLes%20interesar%C3%ADa%20complementar%20su%20TikTok%20con%20una%20p%C3%A1gina%20web%20oficial%20(*flexzen-centro-de-fisioterapia.fisioterapia.todolima.com*)%20con%20bot%C3%B3n%20directo%20a%20WhatsApp%20y%20presencia%20prioritaria%20en%20Todo%20Lima%3F%0A%0ATenemos%20una%20maqueta%20lista%20para%20mostrarles%20sin%20compromiso.%20%C2%BFSe%20las%20comparto%20por%20este%20medio%3F%20%F0%9F%93%B2"
"Fisiocele",fisioterapia,"Santiago de Surco",5,31,907235784,NEEDS_WEBSITE,fisiocele.fisioterapia.todolima.com,"https://wa.me/51907235784?text=Hola%20equipo%20de%20*Fisiocele*%20%F0%9F%91%8B%2C%20los%20saluda%20el%20equipo%20de%20*Todo%20Lima*%20(todolima.com).%0A%0AVimos%20que%20son%20uno%20de%20los%20negocios%20con%20mejor%20reputaci%C3%B3n%20en%20Google%20Maps%20en%20*Santiago%20de%20Surco*%20(%E2%AD%90%20*5.0*%20con%2031%20opiniones)%20%C2%A1Felicitaciones%20por%20tan%20buen%20trabajo!%20%F0%9F%91%8F%0A%0ARevisamos%20su%20ficha%20y%20notamos%20que%20*a%C3%BAn%20no%20cuentan%20con%20una%20p%C3%A1gina%20web%20oficial*%20donde%20sus%20clientes%20puedan%20consultar%20sus%20servicios%20y%20agendar%20directamente%20por%20WhatsApp.%0A%0AEn%20*Todo%20Lima*%20creamos%20landing%20pages%20ultrarr%C3%A1pidas%20pensadas%20para%20negocios%20locales%3A%0A%E2%9C%85%20Subdominio%20verificado%3A%20*fisiocele.fisioterapia.todolima.com*%0A%E2%9C%85%20Bot%C3%B3n%20de%20WhatsApp%20directo%20para%20recibir%20pedidos%20y%20citas%20al%20instante%0A%E2%9C%85%20Mapa%20interactivo%20para%20que%20lleguen%20a%20su%20local%20en%20Santiago%20de%20Surco%0A%E2%9C%85%20Carga%20en%20menos%20de%201%20segundo%20en%20celulares%0A%E2%9C%85%20Ficha%20destacada%20en%20el%20directorio%20todolima.com%0A%0APreparamos%20una%20demostraci%C3%B3n%20sin%20costo%20de%20c%C3%B3mo%20se%20ver%C3%ADa%20la%20web%20de%20*Fisiocele*.%20%C2%BFLes%20gustar%C3%ADa%20que%20les%20comparta%20el%20enlace%20de%20prueba%20por%20aqu%C3%AD%3F%20%F0%9F%9A%80"
"D'Silva Terapia física y rehabilitación - Huachipa",fisioterapia,"Lima",5,6,948883590,NEEDS_WEBSITE,d-silva-terapia-fisica-y-rehab.fisioterapia.todolima.com,"https://wa.me/51948883590?text=Hola%20equipo%20de%20*D'Silva%20Terapia%20f%C3%ADsica%20y%20rehabilitaci%C3%B3n%20-%20Huachipa*%20%F0%9F%91%8B%2C%20los%20saluda%20el%20equipo%20de%20*Todo%20Lima*%20(todolima.com).%0A%0AVimos%20que%20son%20uno%20de%20los%20negocios%20con%20mejor%20reputaci%C3%B3n%20en%20Google%20Maps%20en%20*Lima*%20(%E2%AD%90%20*5.0*%20con%206%20opiniones)%20%C2%A1Felicitaciones%20por%20tan%20buen%20trabajo!%20%F0%9F%91%8F%0A%0ARevisamos%20su%20ficha%20y%20notamos%20que%20*a%C3%BAn%20no%20cuentan%20con%20una%20p%C3%A1gina%20web%20oficial*%20donde%20sus%20clientes%20puedan%20consultar%20sus%20servicios%20y%20agendar%20directamente%20por%20WhatsApp.%0A%0AEn%20*Todo%20Lima*%20creamos%20landing%20pages%20ultrarr%C3%A1pidas%20pensadas%20para%20negocios%20locales%3A%0A%E2%9C%85%20Subdominio%20verificado%3A%20*d-silva-terapia-fisica-y-rehab.fisioterapia.todolima.com*%0A%E2%9C%85%20Bot%C3%B3n%20de%20WhatsApp%20directo%20para%20recibir%20pedidos%20y%20citas%20al%20instante%0A%E2%9C%85%20Mapa%20interactivo%20para%20que%20lleguen%20a%20su%20local%20en%20Lima%0A%E2%9C%85%20Carga%20en%20menos%20de%201%20segundo%20en%20celulares%0A%E2%9C%85%20Ficha%20destacada%20en%20el%20directorio%20todolima.com%0A%0APreparamos%20una%20demostraci%C3%B3n%20sin%20costo%20de%20c%C3%B3mo%20se%20ver%C3%ADa%20la%20web%20de%20*D'Silva%20Terapia%20f%C3%ADsica%20y%20rehabilitaci%C3%B3n%20-%20Huachipa*.%20%C2%BFLes%20gustar%C3%ADa%20que%20les%20comparta%20el%20enlace%20de%20prueba%20por%20aqu%C3%AD%3F%20%F0%9F%9A%80"
"Centro de Terapia Fisica y Rehabilitacion - Fisiolyc",fisioterapia,"Pueblo Libre",5,1,975504771,NEEDS_WEBSITE,centro-de-terapia-fisica-y-reh.fisioterapia.todolima.com,"https://wa.me/51975504771?text=Hola%20equipo%20de%20*Centro%20de%20Terapia%20Fisica%20y%20Rehabilitacion%20-%20Fisiolyc*%20%F0%9F%91%8B%2C%20los%20saluda%20el%20equipo%20de%20*Todo%20Lima*%20(todolima.com).%0A%0AVimos%20que%20son%20uno%20de%20los%20negocios%20con%20mejor%20reputaci%C3%B3n%20en%20Google%20Maps%20en%20*Pueblo%20Libre*%20(%E2%AD%90%20*5.0*%20con%201%20opiniones)%20%C2%A1Felicitaciones%20por%20tan%20buen%20trabajo!%20%F0%9F%91%8F%0A%0ARevisamos%20su%20ficha%20y%20notamos%20que%20*a%C3%BAn%20no%20cuentan%20con%20una%20p%C3%A1gina%20web%20oficial*%20donde%20sus%20clientes%20puedan%20consultar%20sus%20servicios%20y%20agendar%20directamente%20por%20WhatsApp.%0A%0AEn%20*Todo%20Lima*%20creamos%20landing%20pages%20ultrarr%C3%A1pidas%20pensadas%20para%20negocios%20locales%3A%0A%E2%9C%85%20Subdominio%20verificado%3A%20*centro-de-terapia-fisica-y-reh.fisioterapia.todolima.com*%0A%E2%9C%85%20Bot%C3%B3n%20de%20WhatsApp%20directo%20para%20recibir%20pedidos%20y%20citas%20al%20instante%0A%E2%9C%85%20Mapa%20interactivo%20para%20que%20lleguen%20a%20su%20local%20en%20Pueblo%20Libre%0A%E2%9C%85%20Carga%20en%20menos%20de%201%20segundo%20en%20celulares%0A%E2%9C%85%20Ficha%20destacada%20en%20el%20directorio%20todolima.com%0A%0APreparamos%20una%20demostraci%C3%B3n%20sin%20costo%20de%20c%C3%B3mo%20se%20ver%C3%ADa%20la%20web%20de%20*Centro%20de%20Terapia%20Fisica%20y%20Rehabilitacion%20-%20Fisiolyc*.%20%C2%BFLes%20gustar%C3%ADa%20que%20les%20comparta%20el%20enlace%20de%20prueba%20por%20aqu%C3%AD%3F%20%F0%9F%9A%80"
"DJI Agras Perú | Drones agrícolas y drones para fumigar en Lima",fumigacion,"San Isidro",5,26,986367775,REDESIGN_WEBSITE,dji-agras-peru-drones-agricola.fumigacion.todolima.com,"https://wa.me/51986367775?text=Hola%20equipo%20de%20*DJI%20Agras%20Per%C3%BA%20%7C%20Drones%20agr%C3%ADcolas%20y%20drones%20para%20fumigar%20en%20Lima*%20%F0%9F%91%8B%2C%20gusto%20en%20saludarlos.%0A%0ALes%20escribimos%20desde%20*Todo%20Lima*.%20Al%20revisar%20a%20los%20referentes%20de%20*San%20Isidro*%20(donde%20ustedes%20destacan%20con%20%E2%AD%90%20*5.0*)%2C%20realizamos%20una%20auditor%C3%ADa%20t%C3%A9cnica%20gratuita%20a%20su%20web%20actual%20(*https%3A%2F%2Fagriculture.qtc.pe%2F*).%0A%0ADetectamos%20algunos%20puntos%20cr%C3%ADticos%20que%20podr%C3%ADan%20estar%20frenando%20sus%20consultas%3A%0A%E2%80%A2%20No%20tiene%20bot%C3%B3n%20directo%20a%20WhatsApp%20(pierde%20hasta%2060%25%20de%20contactos%20en%20Lima).%0A%E2%80%A2%20Tel%C3%A9fono%20en%20texto%20plano%3A%20el%20cliente%20no%20puede%20llamar%20con%20un%20solo%20toque%20desde%20el%20celular.%0A%0A%F0%9F%91%89%20*Dato%20clave%3A*%20El%2065%25%20de%20usuarios%20en%20Lima%20abandonan%20una%20web%20si%20no%20encuentran%20un%20bot%C3%B3n%20flotante%20de%20WhatsApp%20para%20consultar%20en%20el%20momento.%0A%0A%0APodemos%20modernizar%20su%20web%20para%20que%20cargue%20al%20instante%20y%20multiplique%20sus%20contactos%20por%20WhatsApp.%20%C2%BFLes%20gustar%C3%ADa%20que%20les%20enviemos%20el%20reporte%20t%C3%A9cnico%20completo%3F%20%F0%9F%93%8A"
"Clenvi",fumigacion,"Miraflores",5,2,967749826,REDESIGN_WEBSITE,clenvi.fumigacion.todolima.com,"https://wa.me/51967749826?text=Hola%20equipo%20de%20*Clenvi*%20%F0%9F%91%8B%2C%20gusto%20en%20saludarlos.%0A%0ALes%20escribimos%20desde%20*Todo%20Lima*.%20Al%20revisar%20a%20los%20referentes%20de%20*Miraflores*%20(donde%20ustedes%20destacan%20con%20%E2%AD%90%20*5.0*)%2C%20realizamos%20una%20auditor%C3%ADa%20t%C3%A9cnica%20gratuita%20a%20su%20web%20actual%20(*http%3A%2F%2Fclenvi.pe%2F*).%0A%0ADetectamos%20algunos%20puntos%20cr%C3%ADticos%20que%20podr%C3%ADan%20estar%20frenando%20sus%20consultas%3A%0A%E2%80%A2%20Carece%20de%20meta-descripci%C3%B3n%20optimizada%20para%20b%C3%BAsquedas%20en%20Google.%0A%E2%80%A2%20Sin%20etiqueta%20de%20t%C3%ADtulo%20principal%20H1%20para%20posicionamiento%20org%C3%A1nico.%0A%E2%80%A2%20No%20tiene%20bot%C3%B3n%20directo%20a%20WhatsApp%20(pierde%20hasta%2060%25%20de%20contactos%20en%20Lima).%0A%0A%F0%9F%91%89%20*Dato%20clave%3A*%20El%2065%25%20de%20usuarios%20en%20Lima%20abandonan%20una%20web%20si%20no%20encuentran%20un%20bot%C3%B3n%20flotante%20de%20WhatsApp%20para%20consultar%20en%20el%20momento.%0A%0A%0APodemos%20modernizar%20su%20web%20para%20que%20cargue%20al%20instante%20y%20multiplique%20sus%20contactos%20por%20WhatsApp.%20%C2%BFLes%20gustar%C3%ADa%20que%20les%20enviemos%20el%20reporte%20t%C3%A9cnico%20completo%3F%20%F0%9F%93%8A"
"MAESTROS, PINTORES Y GASFITEROS",gasfiteros,"Lima",5,502,966450588,NEEDS_WEBSITE,maestros-pintores-y-gasfiteros.gasfiteros.todolima.com,"https://wa.me/51966450588?text=Hola%20equipo%20de%20*MAESTROS%2C%20PINTORES%20Y%20GASFITEROS*%20%F0%9F%91%8B%2C%20los%20saluda%20el%20equipo%20de%20*Todo%20Lima*%20(todolima.com).%0A%0AVimos%20que%20son%20uno%20de%20los%20negocios%20con%20mejor%20reputaci%C3%B3n%20en%20Google%20Maps%20en%20*Lima*%20(%E2%AD%90%20*5.0*%20con%20502%20opiniones)%20%C2%A1Felicitaciones%20por%20tan%20buen%20trabajo!%20%F0%9F%91%8F%0A%0ARevisamos%20su%20ficha%20y%20notamos%20que%20*a%C3%BAn%20no%20cuentan%20con%20una%20p%C3%A1gina%20web%20oficial*%20donde%20sus%20clientes%20puedan%20consultar%20sus%20servicios%20y%20agendar%20directamente%20por%20WhatsApp.%0A%0AEn%20*Todo%20Lima*%20creamos%20landing%20pages%20ultrarr%C3%A1pidas%20pensadas%20para%20negocios%20locales%3A%0A%E2%9C%85%20Subdominio%20verificado%3A%20*maestros-pintores-y-gasfiteros.gasfiteros.todolima.com*%0A%E2%9C%85%20Bot%C3%B3n%20de%20WhatsApp%20directo%20para%20recibir%20pedidos%20y%20citas%20al%20instante%0A%E2%9C%85%20Mapa%20interactivo%20para%20que%20lleguen%20a%20su%20local%20en%20Lima%0A%E2%9C%85%20Carga%20en%20menos%20de%201%20segundo%20en%20celulares%0A%E2%9C%85%20Ficha%20destacada%20en%20el%20directorio%20todolima.com%0A%0APreparamos%20una%20demostraci%C3%B3n%20sin%20costo%20de%20c%C3%B3mo%20se%20ver%C3%ADa%20la%20web%20de%20*MAESTROS%2C%20PINTORES%20Y%20GASFITEROS*.%20%C2%BFLes%20gustar%C3%ADa%20que%20les%20comparta%20el%20enlace%20de%20prueba%20por%20aqu%C3%AD%3F%20%F0%9F%9A%80"
"Gasfiteros Express",gasfiteros,"San Juan de Lurigancho",5,501,981081899,NEEDS_WEBSITE,gasfiteros-express.gasfiteros.todolima.com,"https://wa.me/51981081899?text=Hola%20equipo%20de%20*Gasfiteros%20Express*%20%F0%9F%91%8B%2C%20los%20saluda%20el%20equipo%20de%20*Todo%20Lima*%20(todolima.com).%0A%0AVimos%20que%20son%20uno%20de%20los%20negocios%20con%20mejor%20reputaci%C3%B3n%20en%20Google%20Maps%20en%20*San%20Juan%20de%20Lurigancho*%20(%E2%AD%90%20*5.0*%20con%20501%20opiniones)%20%C2%A1Felicitaciones%20por%20tan%20buen%20trabajo!%20%F0%9F%91%8F%0A%0ARevisamos%20su%20ficha%20y%20notamos%20que%20*a%C3%BAn%20no%20cuentan%20con%20una%20p%C3%A1gina%20web%20oficial*%20donde%20sus%20clientes%20puedan%20consultar%20sus%20servicios%20y%20agendar%20directamente%20por%20WhatsApp.%0A%0AEn%20*Todo%20Lima*%20creamos%20landing%20pages%20ultrarr%C3%A1pidas%20pensadas%20para%20negocios%20locales%3A%0A%E2%9C%85%20Subdominio%20verificado%3A%20*gasfiteros-express.gasfiteros.todolima.com*%0A%E2%9C%85%20Bot%C3%B3n%20de%20WhatsApp%20directo%20para%20recibir%20pedidos%20y%20citas%20al%20instante%0A%E2%9C%85%20Mapa%20interactivo%20para%20que%20lleguen%20a%20su%20local%20en%20San%20Juan%20de%20Lurigancho%0A%E2%9C%85%20Carga%20en%20menos%20de%201%20segundo%20en%20celulares%0A%E2%9C%85%20Ficha%20destacada%20en%20el%20directorio%20todolima.com%0A%0APreparamos%20una%20demostraci%C3%B3n%20sin%20costo%20de%20c%C3%B3mo%20se%20ver%C3%ADa%20la%20web%20de%20*Gasfiteros%20Express*.%20%C2%BFLes%20gustar%C3%ADa%20que%20les%20comparta%20el%20enlace%20de%20prueba%20por%20aqu%C3%AD%3F%20%F0%9F%9A%80"
"Electricidad, Gasfiteria y Drywall",gasfiteros,"San Martín de Porres",5,19,952377290,NEEDS_WEBSITE,electricidad-gasfiteria-y-dryw.gasfiteros.todolima.com,"https://wa.me/51952377290?text=Hola%20equipo%20de%20*Electricidad%2C%20Gasfiteria%20y%20Drywall*%20%F0%9F%91%8B%2C%20los%20saluda%20el%20equipo%20de%20*Todo%20Lima*%20(todolima.com).%0A%0AVimos%20que%20son%20uno%20de%20los%20negocios%20con%20mejor%20reputaci%C3%B3n%20en%20Google%20Maps%20en%20*San%20Mart%C3%ADn%20de%20Porres*%20(%E2%AD%90%20*5.0*%20con%2019%20opiniones)%20%C2%A1Felicitaciones%20por%20tan%20buen%20trabajo!%20%F0%9F%91%8F%0A%0ARevisamos%20su%20ficha%20y%20notamos%20que%20*a%C3%BAn%20no%20cuentan%20con%20una%20p%C3%A1gina%20web%20oficial*%20donde%20sus%20clientes%20puedan%20consultar%20sus%20servicios%20y%20agendar%20directamente%20por%20WhatsApp.%0A%0AEn%20*Todo%20Lima*%20creamos%20landing%20pages%20ultrarr%C3%A1pidas%20pensadas%20para%20negocios%20locales%3A%0A%E2%9C%85%20Subdominio%20verificado%3A%20*electricidad-gasfiteria-y-dryw.gasfiteros.todolima.com*%0A%E2%9C%85%20Bot%C3%B3n%20de%20WhatsApp%20directo%20para%20recibir%20pedidos%20y%20citas%20al%20instante%0A%E2%9C%85%20Mapa%20interactivo%20para%20que%20lleguen%20a%20su%20local%20en%20San%20Mart%C3%ADn%20de%20Porres%0A%E2%9C%85%20Carga%20en%20menos%20de%201%20segundo%20en%20celulares%0A%E2%9C%85%20Ficha%20destacada%20en%20el%20directorio%20todolima.com%0A%0APreparamos%20una%20demostraci%C3%B3n%20sin%20costo%20de%20c%C3%B3mo%20se%20ver%C3%ADa%20la%20web%20de%20*Electricidad%2C%20Gasfiteria%20y%20Drywall*.%20%C2%BFLes%20gustar%C3%ADa%20que%20les%20comparta%20el%20enlace%20de%20prueba%20por%20aqu%C3%AD%3F%20%F0%9F%9A%80"
"Gasfiteria y Electricidad ""Ostos""",gasfiteros,"Santiago de Surco",5,12,931359837,NEEDS_WEBSITE,gasfiteria-y-electricidad-osto.gasfiteros.todolima.com,"https://wa.me/51931359837?text=Hola%20equipo%20de%20*Gasfiteria%20y%20Electricidad%20%22Ostos%22*%20%F0%9F%91%8B%2C%20los%20saluda%20el%20equipo%20de%20*Todo%20Lima*%20(todolima.com).%0A%0AVimos%20que%20son%20uno%20de%20los%20negocios%20con%20mejor%20reputaci%C3%B3n%20en%20Google%20Maps%20en%20*Santiago%20de%20Surco*%20(%E2%AD%90%20*5.0*%20con%2012%20opiniones)%20%C2%A1Felicitaciones%20por%20tan%20buen%20trabajo!%20%F0%9F%91%8F%0A%0ARevisamos%20su%20ficha%20y%20notamos%20que%20*a%C3%BAn%20no%20cuentan%20con%20una%20p%C3%A1gina%20web%20oficial*%20donde%20sus%20clientes%20puedan%20consultar%20sus%20servicios%20y%20agendar%20directamente%20por%20WhatsApp.%0A%0AEn%20*Todo%20Lima*%20creamos%20landing%20pages%20ultrarr%C3%A1pidas%20pensadas%20para%20negocios%20locales%3A%0A%E2%9C%85%20Subdominio%20verificado%3A%20*gasfiteria-y-electricidad-osto.gasfiteros.todolima.com*%0A%E2%9C%85%20Bot%C3%B3n%20de%20WhatsApp%20directo%20para%20recibir%20pedidos%20y%20citas%20al%20instante%0A%E2%9C%85%20Mapa%20interactivo%20para%20que%20lleguen%20a%20su%20local%20en%20Santiago%20de%20Surco%0A%E2%9C%85%20Carga%20en%20menos%20de%201%20segundo%20en%20celulares%0A%E2%9C%85%20Ficha%20destacada%20en%20el%20directorio%20todolima.com%0A%0APreparamos%20una%20demostraci%C3%B3n%20sin%20costo%20de%20c%C3%B3mo%20se%20ver%C3%ADa%20la%20web%20de%20*Gasfiteria%20y%20Electricidad%20%22Ostos%22*.%20%C2%BFLes%20gustar%C3%ADa%20que%20les%20comparta%20el%20enlace%20de%20prueba%20por%20aqu%C3%AD%3F%20%F0%9F%9A%80"
"Gasfitero de Lima",gasfiteros,"Villa María del Triunfo",5,6,985730039,REDESIGN_WEBSITE,gasfitero-de-lima.gasfiteros.todolima.com,"https://wa.me/51985730039?text=Hola%20equipo%20de%20*Gasfitero%20de%20Lima*%20%F0%9F%91%8B%2C%20gusto%20en%20saludarlos.%0A%0ALes%20escribimos%20desde%20*Todo%20Lima*.%20Al%20revisar%20a%20los%20referentes%20de%20*Villa%20Mar%C3%ADa%20del%20Triunfo*%20(donde%20ustedes%20destacan%20con%20%E2%AD%90%20*5.0*)%2C%20realizamos%20una%20auditor%C3%ADa%20t%C3%A9cnica%20gratuita%20a%20su%20web%20actual%20(*https%3A%2F%2Fwww.gasfiteriaexpress.com%2F*).%0A%0ADetectamos%20algunos%20puntos%20cr%C3%ADticos%20que%20podr%C3%ADan%20estar%20frenando%20sus%20consultas%3A%0A%E2%80%A2%20C%C3%B3digo%20de%20respuesta%20HTTP%20an%C3%B3malo%3A%20404.%0A%E2%80%A2%20No%20tiene%20etiqueta%20viewport%3A%20se%20ve%20diminuto%20y%20roto%20en%20tel%C3%A9fonos%20celulares.%0A%E2%80%A2%20No%20tiene%20etiqueta%20%3Ctitle%3E%3A%20Google%20no%20puede%20indexar%20el%20negocio%20correctamente.%0A%0A%F0%9F%91%89%20*Dato%20clave%3A*%20El%2065%25%20de%20usuarios%20en%20Lima%20abandonan%20una%20web%20si%20no%20encuentran%20un%20bot%C3%B3n%20flotante%20de%20WhatsApp%20para%20consultar%20en%20el%20momento.%0A%0A%0APodemos%20modernizar%20su%20web%20para%20que%20cargue%20al%20instante%20y%20multiplique%20sus%20contactos%20por%20WhatsApp.%20%C2%BFLes%20gustar%C3%ADa%20que%20les%20enviemos%20el%20reporte%20t%C3%A9cnico%20completo%3F%20%F0%9F%93%8A"
"Gasfiteria Requejo",gasfiteros,"Santiago de Surco",5,4,969112473,NEEDS_WEBSITE,gasfiteria-requejo.gasfiteros.todolima.com,"https://wa.me/51969112473?text=Hola%20equipo%20de%20*Gasfiteria%20Requejo*%20%F0%9F%91%8B%2C%20los%20saluda%20el%20equipo%20de%20*Todo%20Lima*%20(todolima.com).%0A%0AVimos%20que%20son%20uno%20de%20los%20negocios%20con%20mejor%20reputaci%C3%B3n%20en%20Google%20Maps%20en%20*Santiago%20de%20Surco*%20(%E2%AD%90%20*5.0*%20con%204%20opiniones)%20%C2%A1Felicitaciones%20por%20tan%20buen%20trabajo!%20%F0%9F%91%8F%0A%0ARevisamos%20su%20ficha%20y%20notamos%20que%20*a%C3%BAn%20no%20cuentan%20con%20una%20p%C3%A1gina%20web%20oficial*%20donde%20sus%20clientes%20puedan%20consultar%20sus%20servicios%20y%20agendar%20directamente%20por%20WhatsApp.%0A%0AEn%20*Todo%20Lima*%20creamos%20landing%20pages%20ultrarr%C3%A1pidas%20pensadas%20para%20negocios%20locales%3A%0A%E2%9C%85%20Subdominio%20verificado%3A%20*gasfiteria-requejo.gasfiteros.todolima.com*%0A%E2%9C%85%20Bot%C3%B3n%20de%20WhatsApp%20directo%20para%20recibir%20pedidos%20y%20citas%20al%20instante%0A%E2%9C%85%20Mapa%20interactivo%20para%20que%20lleguen%20a%20su%20local%20en%20Santiago%20de%20Surco%0A%E2%9C%85%20Carga%20en%20menos%20de%201%20segundo%20en%20celulares%0A%E2%9C%85%20Ficha%20destacada%20en%20el%20directorio%20todolima.com%0A%0APreparamos%20una%20demostraci%C3%B3n%20sin%20costo%20de%20c%C3%B3mo%20se%20ver%C3%ADa%20la%20web%20de%20*Gasfiteria%20Requejo*.%20%C2%BFLes%20gustar%C3%ADa%20que%20les%20comparta%20el%20enlace%20de%20prueba%20por%20aqu%C3%AD%3F%20%F0%9F%9A%80"
"Gasfiteria Hidroyaguas Peru s.a.c",gasfiteros,"Lima",5,4,996047523,NEEDS_WEBSITE,gasfiteria-hidroyaguas-peru-s-.gasfiteros.todolima.com,"https://wa.me/51996047523?text=Hola%20equipo%20de%20*Gasfiteria%20Hidroyaguas%20Peru%20s.a.c*%20%F0%9F%91%8B%2C%20los%20saluda%20el%20equipo%20de%20*Todo%20Lima*%20(todolima.com).%0A%0AVimos%20que%20son%20uno%20de%20los%20negocios%20con%20mejor%20reputaci%C3%B3n%20en%20Google%20Maps%20en%20*Lima*%20(%E2%AD%90%20*5.0*%20con%204%20opiniones)%20%C2%A1Felicitaciones%20por%20tan%20buen%20trabajo!%20%F0%9F%91%8F%0A%0ARevisamos%20su%20ficha%20y%20notamos%20que%20*a%C3%BAn%20no%20cuentan%20con%20una%20p%C3%A1gina%20web%20oficial*%20donde%20sus%20clientes%20puedan%20consultar%20sus%20servicios%20y%20agendar%20directamente%20por%20WhatsApp.%0A%0AEn%20*Todo%20Lima*%20creamos%20landing%20pages%20ultrarr%C3%A1pidas%20pensadas%20para%20negocios%20locales%3A%0A%E2%9C%85%20Subdominio%20verificado%3A%20*gasfiteria-hidroyaguas-peru-s-.gasfiteros.todolima.com*%0A%E2%9C%85%20Bot%C3%B3n%20de%20WhatsApp%20directo%20para%20recibir%20pedidos%20y%20citas%20al%20instante%0A%E2%9C%85%20Mapa%20interactivo%20para%20que%20lleguen%20a%20su%20local%20en%20Lima%0A%E2%9C%85%20Carga%20en%20menos%20de%201%20segundo%20en%20celulares%0A%E2%9C%85%20Ficha%20destacada%20en%20el%20directorio%20todolima.com%0A%0APreparamos%20una%20demostraci%C3%B3n%20sin%20costo%20de%20c%C3%B3mo%20se%20ver%C3%ADa%20la%20web%20de%20*Gasfiteria%20Hidroyaguas%20Peru%20s.a.c*.%20%C2%BFLes%20gustar%C3%ADa%20que%20les%20comparta%20el%20enlace%20de%20prueba%20por%20aqu%C3%AD%3F%20%F0%9F%9A%80"
"GASFITERIA ROJAS",gasfiteros,"Los Olivos",5,3,991576205,NEEDS_WEBSITE,gasfiteria-rojas.gasfiteros.todolima.com,"https://wa.me/51991576205?text=Hola%20equipo%20de%20*GASFITERIA%20ROJAS*%20%F0%9F%91%8B%2C%20los%20saluda%20el%20equipo%20de%20*Todo%20Lima*%20(todolima.com).%0A%0AVimos%20que%20son%20uno%20de%20los%20negocios%20con%20mejor%20reputaci%C3%B3n%20en%20Google%20Maps%20en%20*Los%20Olivos*%20(%E2%AD%90%20*5.0*%20con%203%20opiniones)%20%C2%A1Felicitaciones%20por%20tan%20buen%20trabajo!%20%F0%9F%91%8F%0A%0ARevisamos%20su%20ficha%20y%20notamos%20que%20*a%C3%BAn%20no%20cuentan%20con%20una%20p%C3%A1gina%20web%20oficial*%20donde%20sus%20clientes%20puedan%20consultar%20sus%20servicios%20y%20agendar%20directamente%20por%20WhatsApp.%0A%0AEn%20*Todo%20Lima*%20creamos%20landing%20pages%20ultrarr%C3%A1pidas%20pensadas%20para%20negocios%20locales%3A%0A%E2%9C%85%20Subdominio%20verificado%3A%20*gasfiteria-rojas.gasfiteros.todolima.com*%0A%E2%9C%85%20Bot%C3%B3n%20de%20WhatsApp%20directo%20para%20recibir%20pedidos%20y%20citas%20al%20instante%0A%E2%9C%85%20Mapa%20interactivo%20para%20que%20lleguen%20a%20su%20local%20en%20Los%20Olivos%0A%E2%9C%85%20Carga%20en%20menos%20de%201%20segundo%20en%20celulares%0A%E2%9C%85%20Ficha%20destacada%20en%20el%20directorio%20todolima.com%0A%0APreparamos%20una%20demostraci%C3%B3n%20sin%20costo%20de%20c%C3%B3mo%20se%20ver%C3%ADa%20la%20web%20de%20*GASFITERIA%20ROJAS*.%20%C2%BFLes%20gustar%C3%ADa%20que%20les%20comparta%20el%20enlace%20de%20prueba%20por%20aqu%C3%AD%3F%20%F0%9F%9A%80"
"⚡Electricista y Gasfitero Emergencia🧰",gasfiteros,"Santa Anita",5,2,980799736,NEEDS_WEBSITE,electricista-y-gasfitero-emerg.gasfiteros.todolima.com,"https://wa.me/51980799736?text=Hola%20equipo%20de%20*%E2%9A%A1Electricista%20y%20Gasfitero%20Emergencia%F0%9F%A7%B0*%20%F0%9F%91%8B%2C%20los%20saluda%20el%20equipo%20de%20*Todo%20Lima*%20(todolima.com).%0A%0AVimos%20que%20son%20uno%20de%20los%20negocios%20con%20mejor%20reputaci%C3%B3n%20en%20Google%20Maps%20en%20*Santa%20Anita*%20(%E2%AD%90%20*5.0*%20con%202%20opiniones)%20%C2%A1Felicitaciones%20por%20tan%20buen%20trabajo!%20%F0%9F%91%8F%0A%0ARevisamos%20su%20ficha%20y%20notamos%20que%20*a%C3%BAn%20no%20cuentan%20con%20una%20p%C3%A1gina%20web%20oficial*%20donde%20sus%20clientes%20puedan%20consultar%20sus%20servicios%20y%20agendar%20directamente%20por%20WhatsApp.%0A%0AEn%20*Todo%20Lima*%20creamos%20landing%20pages%20ultrarr%C3%A1pidas%20pensadas%20para%20negocios%20locales%3A%0A%E2%9C%85%20Subdominio%20verificado%3A%20*electricista-y-gasfitero-emerg.gasfiteros.todolima.com*%0A%E2%9C%85%20Bot%C3%B3n%20de%20WhatsApp%20directo%20para%20recibir%20pedidos%20y%20citas%20al%20instante%0A%E2%9C%85%20Mapa%20interactivo%20para%20que%20lleguen%20a%20su%20local%20en%20Santa%20Anita%0A%E2%9C%85%20Carga%20en%20menos%20de%201%20segundo%20en%20celulares%0A%E2%9C%85%20Ficha%20destacada%20en%20el%20directorio%20todolima.com%0A%0APreparamos%20una%20demostraci%C3%B3n%20sin%20costo%20de%20c%C3%B3mo%20se%20ver%C3%ADa%20la%20web%20de%20*%E2%9A%A1Electricista%20y%20Gasfitero%20Emergencia%F0%9F%A7%B0*.%20%C2%BFLes%20gustar%C3%ADa%20que%20les%20comparta%20el%20enlace%20de%20prueba%20por%20aqu%C3%AD%3F%20%F0%9F%9A%80"
"Gasfiteros y Más SRL",gasfiteros,"Lima",5,2,977727159,NEEDS_WEBSITE,gasfiteros-y-mas-srl.gasfiteros.todolima.com,"https://wa.me/51977727159?text=Hola%20equipo%20de%20*Gasfiteros%20y%20M%C3%A1s%20SRL*%20%F0%9F%91%8B%2C%20los%20saluda%20el%20equipo%20de%20*Todo%20Lima*%20(todolima.com).%0A%0AVimos%20que%20son%20uno%20de%20los%20negocios%20con%20mejor%20reputaci%C3%B3n%20en%20Google%20Maps%20en%20*Lima*%20(%E2%AD%90%20*5.0*%20con%202%20opiniones)%20%C2%A1Felicitaciones%20por%20tan%20buen%20trabajo!%20%F0%9F%91%8F%0A%0ARevisamos%20su%20ficha%20y%20notamos%20que%20*a%C3%BAn%20no%20cuentan%20con%20una%20p%C3%A1gina%20web%20oficial*%20donde%20sus%20clientes%20puedan%20consultar%20sus%20servicios%20y%20agendar%20directamente%20por%20WhatsApp.%0A%0AEn%20*Todo%20Lima*%20creamos%20landing%20pages%20ultrarr%C3%A1pidas%20pensadas%20para%20negocios%20locales%3A%0A%E2%9C%85%20Subdominio%20verificado%3A%20*gasfiteros-y-mas-srl.gasfiteros.todolima.com*%0A%E2%9C%85%20Bot%C3%B3n%20de%20WhatsApp%20directo%20para%20recibir%20pedidos%20y%20citas%20al%20instante%0A%E2%9C%85%20Mapa%20interactivo%20para%20que%20lleguen%20a%20su%20local%20en%20Lima%0A%E2%9C%85%20Carga%20en%20menos%20de%201%20segundo%20en%20celulares%0A%E2%9C%85%20Ficha%20destacada%20en%20el%20directorio%20todolima.com%0A%0APreparamos%20una%20demostraci%C3%B3n%20sin%20costo%20de%20c%C3%B3mo%20se%20ver%C3%ADa%20la%20web%20de%20*Gasfiteros%20y%20M%C3%A1s%20SRL*.%20%C2%BFLes%20gustar%C3%ADa%20que%20les%20comparta%20el%20enlace%20de%20prueba%20por%20aqu%C3%AD%3F%20%F0%9F%9A%80"
"Servicios de Gasfitería Sarmiento",gasfiteros,"San Borja",5,2,913092882,NEEDS_WEBSITE,servicios-de-gasfiteria-sarmie.gasfiteros.todolima.com,"https://wa.me/51913092882?text=Hola%20equipo%20de%20*Servicios%20de%20Gasfiter%C3%ADa%20Sarmiento*%20%F0%9F%91%8B%2C%20los%20saluda%20el%20equipo%20de%20*Todo%20Lima*%20(todolima.com).%0A%0AVimos%20que%20son%20uno%20de%20los%20negocios%20con%20mejor%20reputaci%C3%B3n%20en%20Google%20Maps%20en%20*San%20Borja*%20(%E2%AD%90%20*5.0*%20con%202%20opiniones)%20%C2%A1Felicitaciones%20por%20tan%20buen%20trabajo!%20%F0%9F%91%8F%0A%0ARevisamos%20su%20ficha%20y%20notamos%20que%20*a%C3%BAn%20no%20cuentan%20con%20una%20p%C3%A1gina%20web%20oficial*%20donde%20sus%20clientes%20puedan%20consultar%20sus%20servicios%20y%20agendar%20directamente%20por%20WhatsApp.%0A%0AEn%20*Todo%20Lima*%20creamos%20landing%20pages%20ultrarr%C3%A1pidas%20pensadas%20para%20negocios%20locales%3A%0A%E2%9C%85%20Subdominio%20verificado%3A%20*servicios-de-gasfiteria-sarmie.gasfiteros.todolima.com*%0A%E2%9C%85%20Bot%C3%B3n%20de%20WhatsApp%20directo%20para%20recibir%20pedidos%20y%20citas%20al%20instante%0A%E2%9C%85%20Mapa%20interactivo%20para%20que%20lleguen%20a%20su%20local%20en%20San%20Borja%0A%E2%9C%85%20Carga%20en%20menos%20de%201%20segundo%20en%20celulares%0A%E2%9C%85%20Ficha%20destacada%20en%20el%20directorio%20todolima.com%0A%0APreparamos%20una%20demostraci%C3%B3n%20sin%20costo%20de%20c%C3%B3mo%20se%20ver%C3%ADa%20la%20web%20de%20*Servicios%20de%20Gasfiter%C3%ADa%20Sarmiento*.%20%C2%BFLes%20gustar%C3%ADa%20que%20les%20comparta%20el%20enlace%20de%20prueba%20por%20aqu%C3%AD%3F%20%F0%9F%9A%80"
"Gasfitologos",gasfiteros,"Lince",5,2,993353365,NEEDS_WEBSITE,gasfitologos.gasfiteros.todolima.com,"https://wa.me/51993353365?text=Hola%20equipo%20de%20*Gasfitologos*%20%F0%9F%91%8B%2C%20los%20saluda%20el%20equipo%20de%20*Todo%20Lima*%20(todolima.com).%0A%0AVimos%20que%20son%20uno%20de%20los%20negocios%20con%20mejor%20reputaci%C3%B3n%20en%20Google%20Maps%20en%20*Lince*%20(%E2%AD%90%20*5.0*%20con%202%20opiniones)%20%C2%A1Felicitaciones%20por%20tan%20buen%20trabajo!%20%F0%9F%91%8F%0A%0ARevisamos%20su%20ficha%20y%20notamos%20que%20*a%C3%BAn%20no%20cuentan%20con%20una%20p%C3%A1gina%20web%20oficial*%20donde%20sus%20clientes%20puedan%20consultar%20sus%20servicios%20y%20agendar%20directamente%20por%20WhatsApp.%0A%0AEn%20*Todo%20Lima*%20creamos%20landing%20pages%20ultrarr%C3%A1pidas%20pensadas%20para%20negocios%20locales%3A%0A%E2%9C%85%20Subdominio%20verificado%3A%20*gasfitologos.gasfiteros.todolima.com*%0A%E2%9C%85%20Bot%C3%B3n%20de%20WhatsApp%20directo%20para%20recibir%20pedidos%20y%20citas%20al%20instante%0A%E2%9C%85%20Mapa%20interactivo%20para%20que%20lleguen%20a%20su%20local%20en%20Lince%0A%E2%9C%85%20Carga%20en%20menos%20de%201%20segundo%20en%20celulares%0A%E2%9C%85%20Ficha%20destacada%20en%20el%20directorio%20todolima.com%0A%0APreparamos%20una%20demostraci%C3%B3n%20sin%20costo%20de%20c%C3%B3mo%20se%20ver%C3%ADa%20la%20web%20de%20*Gasfitologos*.%20%C2%BFLes%20gustar%C3%ADa%20que%20les%20comparta%20el%20enlace%20de%20prueba%20por%20aqu%C3%AD%3F%20%F0%9F%9A%80"
"GASFITERO Y GAS DE CALIDDA MULTISERVICIOS",gasfiteros,"San Martín de Porres",5,1,947365895,UPGRADE_SOCIAL,gasfitero-y-gas-de-calidda-mul.gasfiteros.todolima.com,"https://wa.me/51947365895?text=Hola%20equipo%20de%20*GASFITERO%20Y%20GAS%20DE%20CALIDDA%20MULTISERVICIOS*%20%F0%9F%91%8B%2C%20les%20escribe%20el%20equipo%20de%20*Todo%20Lima*.%0A%0ARevisamos%20su%20destacada%20presencia%20en%20Google%20Maps%20en%20*San%20Mart%C3%ADn%20de%20Porres*%20(%E2%AD%90%20*5.0*%20estrellas).%20Notamos%20que%20su%20enlace%20de%20contacto%20actual%20es%20un%20perfil%20de%20*Facebook*.%0A%0AMuchos%20clientes%20que%20buscan%20servicios%20en%20Google%20prefieren%20una%20web%20r%C3%A1pida%20donde%20ver%20cat%C3%A1logo%2C%20fotos%20y%20tarifas%20sin%20tener%20que%20entrar%20a%20una%20red%20social%20o%20ver%20distracciones%20de%20la%20competencia.%0A%0A%C2%BFLes%20interesar%C3%ADa%20complementar%20su%20Facebook%20con%20una%20p%C3%A1gina%20web%20oficial%20(*gasfitero-y-gas-de-calidda-mul.gasfiteros.todolima.com*)%20con%20bot%C3%B3n%20directo%20a%20WhatsApp%20y%20presencia%20prioritaria%20en%20Todo%20Lima%3F%0A%0ATenemos%20una%20maqueta%20lista%20para%20mostrarles%20sin%20compromiso.%20%C2%BFSe%20las%20comparto%20por%20este%20medio%3F%20%F0%9F%93%B2"
"Servicios de Gasfitería en General",gasfiteros,"Comas",5,1,941194354,REDESIGN_WEBSITE,servicios-de-gasfiteria-en-gen.gasfiteros.todolima.com,"https://wa.me/51941194354?text=Hola%20equipo%20de%20*Servicios%20de%20Gasfiter%C3%ADa%20en%20General*%20%F0%9F%91%8B%2C%20gusto%20en%20saludarlos.%0A%0ALes%20escribimos%20desde%20*Todo%20Lima*.%20Al%20revisar%20a%20los%20referentes%20de%20*Comas*%20(donde%20ustedes%20destacan%20con%20%E2%AD%90%20*5.0*)%2C%20realizamos%20una%20auditor%C3%ADa%20t%C3%A9cnica%20gratuita%20a%20su%20web%20actual%20(*https%3A%2F%2Fservicios-de-gasfiteria-en-general.ueniweb.com%2F%3Futm_campaign%3Dgmb*).%0A%0ADetectamos%20algunos%20puntos%20cr%C3%ADticos%20que%20podr%C3%ADan%20estar%20frenando%20sus%20consultas%3A%0A%E2%80%A2%20Sin%20etiqueta%20de%20t%C3%ADtulo%20principal%20H1%20para%20posicionamiento%20org%C3%A1nico.%0A%E2%80%A2%20No%20tiene%20bot%C3%B3n%20directo%20a%20WhatsApp%20(pierde%20hasta%2060%25%20de%20contactos%20en%20Lima).%0A%E2%80%A2%20Tel%C3%A9fono%20en%20texto%20plano%3A%20el%20cliente%20no%20puede%20llamar%20con%20un%20solo%20toque%20desde%20el%20celular.%0A%0A%F0%9F%91%89%20*Dato%20clave%3A*%20El%2065%25%20de%20usuarios%20en%20Lima%20abandonan%20una%20web%20si%20no%20encuentran%20un%20bot%C3%B3n%20flotante%20de%20WhatsApp%20para%20consultar%20en%20el%20momento.%0A%0A%0APodemos%20modernizar%20su%20web%20para%20que%20cargue%20al%20instante%20y%20multiplique%20sus%20contactos%20por%20WhatsApp.%20%C2%BFLes%20gustar%C3%ADa%20que%20les%20enviemos%20el%20reporte%20t%C3%A9cnico%20completo%3F%20%F0%9F%93%8A"
"GASFITERO Y GAS DE CALIDDA MULTISERVICIOS",gasfiteros,"Villa El Salvador",5,1,947365895,UPGRADE_SOCIAL,gasfitero-y-gas-de-calidda-mul.gasfiteros.todolima.com,"https://wa.me/51947365895?text=Hola%20equipo%20de%20*GASFITERO%20Y%20GAS%20DE%20CALIDDA%20MULTISERVICIOS*%20%F0%9F%91%8B%2C%20les%20escribe%20el%20equipo%20de%20*Todo%20Lima*.%0A%0ARevisamos%20su%20destacada%20presencia%20en%20Google%20Maps%20en%20*Villa%20El%20Salvador*%20(%E2%AD%90%20*5.0*%20estrellas).%20Notamos%20que%20su%20enlace%20de%20contacto%20actual%20es%20un%20perfil%20de%20*Facebook*.%0A%0AMuchos%20clientes%20que%20buscan%20servicios%20en%20Google%20prefieren%20una%20web%20r%C3%A1pida%20donde%20ver%20cat%C3%A1logo%2C%20fotos%20y%20tarifas%20sin%20tener%20que%20entrar%20a%20una%20red%20social%20o%20ver%20distracciones%20de%20la%20competencia.%0A%0A%C2%BFLes%20interesar%C3%ADa%20complementar%20su%20Facebook%20con%20una%20p%C3%A1gina%20web%20oficial%20(*gasfitero-y-gas-de-calidda-mul.gasfiteros.todolima.com*)%20con%20bot%C3%B3n%20directo%20a%20WhatsApp%20y%20presencia%20prioritaria%20en%20Todo%20Lima%3F%0A%0ATenemos%20una%20maqueta%20lista%20para%20mostrarles%20sin%20compromiso.%20%C2%BFSe%20las%20comparto%20por%20este%20medio%3F%20%F0%9F%93%B2"
"GINE&Co",ginecologos,"San Isidro",5,21,993508764,NEEDS_WEBSITE,gine-co.ginecologos.todolima.com,"https://wa.me/51993508764?text=Hola%20equipo%20de%20*GINE%26Co*%20%F0%9F%91%8B%2C%20los%20saluda%20el%20equipo%20de%20*Todo%20Lima*%20(todolima.com).%0A%0AVimos%20que%20son%20uno%20de%20los%20negocios%20con%20mejor%20reputaci%C3%B3n%20en%20Google%20Maps%20en%20*San%20Isidro*%20(%E2%AD%90%20*5.0*%20con%2021%20opiniones)%20%C2%A1Felicitaciones%20por%20tan%20buen%20trabajo!%20%F0%9F%91%8F%0A%0ARevisamos%20su%20ficha%20y%20notamos%20que%20*a%C3%BAn%20no%20cuentan%20con%20una%20p%C3%A1gina%20web%20oficial*%20donde%20sus%20clientes%20puedan%20consultar%20sus%20servicios%20y%20agendar%20directamente%20por%20WhatsApp.%0A%0AEn%20*Todo%20Lima*%20creamos%20landing%20pages%20ultrarr%C3%A1pidas%20pensadas%20para%20negocios%20locales%3A%0A%E2%9C%85%20Subdominio%20verificado%3A%20*gine-co.ginecologos.todolima.com*%0A%E2%9C%85%20Bot%C3%B3n%20de%20WhatsApp%20directo%20para%20recibir%20pedidos%20y%20citas%20al%20instante%0A%E2%9C%85%20Mapa%20interactivo%20para%20que%20lleguen%20a%20su%20local%20en%20San%20Isidro%0A%E2%9C%85%20Carga%20en%20menos%20de%201%20segundo%20en%20celulares%0A%E2%9C%85%20Ficha%20destacada%20en%20el%20directorio%20todolima.com%0A%0APreparamos%20una%20demostraci%C3%B3n%20sin%20costo%20de%20c%C3%B3mo%20se%20ver%C3%ADa%20la%20web%20de%20*GINE%26Co*.%20%C2%BFLes%20gustar%C3%ADa%20que%20les%20comparta%20el%20enlace%20de%20prueba%20por%20aqu%C3%AD%3F%20%F0%9F%9A%80"
"Bella Mujer Centro especializado Osbtétrico y Estética",ginecologos,"Lima",5,1,919011369,NEEDS_WEBSITE,bella-mujer-centro-especializa.ginecologos.todolima.com,"https://wa.me/51919011369?text=Hola%20equipo%20de%20*Bella%20Mujer%20Centro%20especializado%20Osbt%C3%A9trico%20y%20Est%C3%A9tica*%20%F0%9F%91%8B%2C%20los%20saluda%20el%20equipo%20de%20*Todo%20Lima*%20(todolima.com).%0A%0AVimos%20que%20son%20uno%20de%20los%20negocios%20con%20mejor%20reputaci%C3%B3n%20en%20Google%20Maps%20en%20*Lima*%20(%E2%AD%90%20*5.0*%20con%201%20opiniones)%20%C2%A1Felicitaciones%20por%20tan%20buen%20trabajo!%20%F0%9F%91%8F%0A%0ARevisamos%20su%20ficha%20y%20notamos%20que%20*a%C3%BAn%20no%20cuentan%20con%20una%20p%C3%A1gina%20web%20oficial*%20donde%20sus%20clientes%20puedan%20consultar%20sus%20servicios%20y%20agendar%20directamente%20por%20WhatsApp.%0A%0AEn%20*Todo%20Lima*%20creamos%20landing%20pages%20ultrarr%C3%A1pidas%20pensadas%20para%20negocios%20locales%3A%0A%E2%9C%85%20Subdominio%20verificado%3A%20*bella-mujer-centro-especializa.ginecologos.todolima.com*%0A%E2%9C%85%20Bot%C3%B3n%20de%20WhatsApp%20directo%20para%20recibir%20pedidos%20y%20citas%20al%20instante%0A%E2%9C%85%20Mapa%20interactivo%20para%20que%20lleguen%20a%20su%20local%20en%20Lima%0A%E2%9C%85%20Carga%20en%20menos%20de%201%20segundo%20en%20celulares%0A%E2%9C%85%20Ficha%20destacada%20en%20el%20directorio%20todolima.com%0A%0APreparamos%20una%20demostraci%C3%B3n%20sin%20costo%20de%20c%C3%B3mo%20se%20ver%C3%ADa%20la%20web%20de%20*Bella%20Mujer%20Centro%20especializado%20Osbt%C3%A9trico%20y%20Est%C3%A9tica*.%20%C2%BFLes%20gustar%C3%ADa%20que%20les%20comparta%20el%20enlace%20de%20prueba%20por%20aqu%C3%AD%3F%20%F0%9F%9A%80"
"A&L Servicios Múltiple SAC",pintores,"Ate",5,23,934944449,NEEDS_WEBSITE,a-l-servicios-multiple-sac.pintores.todolima.com,"https://wa.me/51934944449?text=Hola%20equipo%20de%20*A%26L%20Servicios%20M%C3%BAltiple%20SAC*%20%F0%9F%91%8B%2C%20los%20saluda%20el%20equipo%20de%20*Todo%20Lima*%20(todolima.com).%0A%0AVimos%20que%20son%20uno%20de%20los%20negocios%20con%20mejor%20reputaci%C3%B3n%20en%20Google%20Maps%20en%20*Ate*%20(%E2%AD%90%20*5.0*%20con%2023%20opiniones)%20%C2%A1Felicitaciones%20por%20tan%20buen%20trabajo!%20%F0%9F%91%8F%0A%0ARevisamos%20su%20ficha%20y%20notamos%20que%20*a%C3%BAn%20no%20cuentan%20con%20una%20p%C3%A1gina%20web%20oficial*%20donde%20sus%20clientes%20puedan%20consultar%20sus%20servicios%20y%20agendar%20directamente%20por%20WhatsApp.%0A%0AEn%20*Todo%20Lima*%20creamos%20landing%20pages%20ultrarr%C3%A1pidas%20pensadas%20para%20negocios%20locales%3A%0A%E2%9C%85%20Subdominio%20verificado%3A%20*a-l-servicios-multiple-sac.pintores.todolima.com*%0A%E2%9C%85%20Bot%C3%B3n%20de%20WhatsApp%20directo%20para%20recibir%20pedidos%20y%20citas%20al%20instante%0A%E2%9C%85%20Mapa%20interactivo%20para%20que%20lleguen%20a%20su%20local%20en%20Ate%0A%E2%9C%85%20Carga%20en%20menos%20de%201%20segundo%20en%20celulares%0A%E2%9C%85%20Ficha%20destacada%20en%20el%20directorio%20todolima.com%0A%0APreparamos%20una%20demostraci%C3%B3n%20sin%20costo%20de%20c%C3%B3mo%20se%20ver%C3%ADa%20la%20web%20de%20*A%26L%20Servicios%20M%C3%BAltiple%20SAC*.%20%C2%BFLes%20gustar%C3%ADa%20que%20les%20comparta%20el%20enlace%20de%20prueba%20por%20aqu%C3%AD%3F%20%F0%9F%9A%80"
"RetratArte - Retratos a Carboncillo, Óleo y Clases de Dibujo en Lima",pintores,"Jesús María",5,21,993713663,UPGRADE_SOCIAL,retratarte-retratos-a-carbonci.pintores.todolima.com,"https://wa.me/51993713663?text=Hola%20equipo%20de%20*RetratArte%20-%20Retratos%20a%20Carboncillo%2C%20%C3%93leo%20y%20Clases%20de%20Dibujo%20en%20Lima*%20%F0%9F%91%8B%2C%20les%20escribe%20el%20equipo%20de%20*Todo%20Lima*.%0A%0ARevisamos%20su%20destacada%20presencia%20en%20Google%20Maps%20en%20*Jes%C3%BAs%20Mar%C3%ADa*%20(%E2%AD%90%20*5.0*%20estrellas).%20Notamos%20que%20su%20enlace%20de%20contacto%20actual%20es%20un%20perfil%20de%20*Facebook*.%0A%0AMuchos%20clientes%20que%20buscan%20servicios%20en%20Google%20prefieren%20una%20web%20r%C3%A1pida%20donde%20ver%20cat%C3%A1logo%2C%20fotos%20y%20tarifas%20sin%20tener%20que%20entrar%20a%20una%20red%20social%20o%20ver%20distracciones%20de%20la%20competencia.%0A%0A%C2%BFLes%20interesar%C3%ADa%20complementar%20su%20Facebook%20con%20una%20p%C3%A1gina%20web%20oficial%20(*retratarte-retratos-a-carbonci.pintores.todolima.com*)%20con%20bot%C3%B3n%20directo%20a%20WhatsApp%20y%20presencia%20prioritaria%20en%20Todo%20Lima%3F%0A%0ATenemos%20una%20maqueta%20lista%20para%20mostrarles%20sin%20compromiso.%20%C2%BFSe%20las%20comparto%20por%20este%20medio%3F%20%F0%9F%93%B2"
"PINTACABADOS INDUSTRIALES S.A.C",pintores,"Lima",5,12,934519732,NEEDS_WEBSITE,pintacabados-industriales-s-a-.pintores.todolima.com,"https://wa.me/51934519732?text=Hola%20equipo%20de%20*PINTACABADOS%20INDUSTRIALES%20S.A.C*%20%F0%9F%91%8B%2C%20los%20saluda%20el%20equipo%20de%20*Todo%20Lima*%20(todolima.com).%0A%0AVimos%20que%20son%20uno%20de%20los%20negocios%20con%20mejor%20reputaci%C3%B3n%20en%20Google%20Maps%20en%20*Lima*%20(%E2%AD%90%20*5.0*%20con%2012%20opiniones)%20%C2%A1Felicitaciones%20por%20tan%20buen%20trabajo!%20%F0%9F%91%8F%0A%0ARevisamos%20su%20ficha%20y%20notamos%20que%20*a%C3%BAn%20no%20cuentan%20con%20una%20p%C3%A1gina%20web%20oficial*%20donde%20sus%20clientes%20puedan%20consultar%20sus%20servicios%20y%20agendar%20directamente%20por%20WhatsApp.%0A%0AEn%20*Todo%20Lima*%20creamos%20landing%20pages%20ultrarr%C3%A1pidas%20pensadas%20para%20negocios%20locales%3A%0A%E2%9C%85%20Subdominio%20verificado%3A%20*pintacabados-industriales-s-a-.pintores.todolima.com*%0A%E2%9C%85%20Bot%C3%B3n%20de%20WhatsApp%20directo%20para%20recibir%20pedidos%20y%20citas%20al%20instante%0A%E2%9C%85%20Mapa%20interactivo%20para%20que%20lleguen%20a%20su%20local%20en%20Lima%0A%E2%9C%85%20Carga%20en%20menos%20de%201%20segundo%20en%20celulares%0A%E2%9C%85%20Ficha%20destacada%20en%20el%20directorio%20todolima.com%0A%0APreparamos%20una%20demostraci%C3%B3n%20sin%20costo%20de%20c%C3%B3mo%20se%20ver%C3%ADa%20la%20web%20de%20*PINTACABADOS%20INDUSTRIALES%20S.A.C*.%20%C2%BFLes%20gustar%C3%ADa%20que%20les%20comparta%20el%20enlace%20de%20prueba%20por%20aqu%C3%AD%3F%20%F0%9F%9A%80"
"Vidrieria ThePrinZ (Melamina, aluminio, Drywall)",pintores,"Ate",5,8,976984913,UPGRADE_SOCIAL,vidrieria-theprinz-melamina-al.pintores.todolima.com,"https://wa.me/51976984913?text=Hola%20equipo%20de%20*Vidrieria%20ThePrinZ%20(Melamina%2C%20aluminio%2C%20Drywall)*%20%F0%9F%91%8B%2C%20les%20escribe%20el%20equipo%20de%20*Todo%20Lima*.%0A%0ARevisamos%20su%20destacada%20presencia%20en%20Google%20Maps%20en%20*Ate*%20(%E2%AD%90%20*5.0*%20estrellas).%20Notamos%20que%20su%20enlace%20de%20contacto%20actual%20es%20un%20perfil%20de%20*Facebook*.%0A%0AMuchos%20clientes%20que%20buscan%20servicios%20en%20Google%20prefieren%20una%20web%20r%C3%A1pida%20donde%20ver%20cat%C3%A1logo%2C%20fotos%20y%20tarifas%20sin%20tener%20que%20entrar%20a%20una%20red%20social%20o%20ver%20distracciones%20de%20la%20competencia.%0A%0A%C2%BFLes%20interesar%C3%ADa%20complementar%20su%20Facebook%20con%20una%20p%C3%A1gina%20web%20oficial%20(*vidrieria-theprinz-melamina-al.pintores.todolima.com*)%20con%20bot%C3%B3n%20directo%20a%20WhatsApp%20y%20presencia%20prioritaria%20en%20Todo%20Lima%3F%0A%0ATenemos%20una%20maqueta%20lista%20para%20mostrarles%20sin%20compromiso.%20%C2%BFSe%20las%20comparto%20por%20este%20medio%3F%20%F0%9F%93%B2"
"El Pintor de Lima Luis Samanamud T.",pintores,"Lima",5,4,951487172,NEEDS_WEBSITE,el-pintor-de-lima-luis-samanam.pintores.todolima.com,"https://wa.me/51951487172?text=Hola%20equipo%20de%20*El%20Pintor%20de%20Lima%20Luis%20Samanamud%20T.*%20%F0%9F%91%8B%2C%20los%20saluda%20el%20equipo%20de%20*Todo%20Lima*%20(todolima.com).%0A%0AVimos%20que%20son%20uno%20de%20los%20negocios%20con%20mejor%20reputaci%C3%B3n%20en%20Google%20Maps%20en%20*Lima*%20(%E2%AD%90%20*5.0*%20con%204%20opiniones)%20%C2%A1Felicitaciones%20por%20tan%20buen%20trabajo!%20%F0%9F%91%8F%0A%0ARevisamos%20su%20ficha%20y%20notamos%20que%20*a%C3%BAn%20no%20cuentan%20con%20una%20p%C3%A1gina%20web%20oficial*%20donde%20sus%20clientes%20puedan%20consultar%20sus%20servicios%20y%20agendar%20directamente%20por%20WhatsApp.%0A%0AEn%20*Todo%20Lima*%20creamos%20landing%20pages%20ultrarr%C3%A1pidas%20pensadas%20para%20negocios%20locales%3A%0A%E2%9C%85%20Subdominio%20verificado%3A%20*el-pintor-de-lima-luis-samanam.pintores.todolima.com*%0A%E2%9C%85%20Bot%C3%B3n%20de%20WhatsApp%20directo%20para%20recibir%20pedidos%20y%20citas%20al%20instante%0A%E2%9C%85%20Mapa%20interactivo%20para%20que%20lleguen%20a%20su%20local%20en%20Lima%0A%E2%9C%85%20Carga%20en%20menos%20de%201%20segundo%20en%20celulares%0A%E2%9C%85%20Ficha%20destacada%20en%20el%20directorio%20todolima.com%0A%0APreparamos%20una%20demostraci%C3%B3n%20sin%20costo%20de%20c%C3%B3mo%20se%20ver%C3%ADa%20la%20web%20de%20*El%20Pintor%20de%20Lima%20Luis%20Samanamud%20T.*.%20%C2%BFLes%20gustar%C3%ADa%20que%20les%20comparta%20el%20enlace%20de%20prueba%20por%20aqu%C3%AD%3F%20%F0%9F%9A%80"
"Matizados Branzo",pintores,"Breña",5,3,941003818,NEEDS_WEBSITE,matizados-branzo.pintores.todolima.com,"https://wa.me/51941003818?text=Hola%20equipo%20de%20*Matizados%20Branzo*%20%F0%9F%91%8B%2C%20los%20saluda%20el%20equipo%20de%20*Todo%20Lima*%20(todolima.com).%0A%0AVimos%20que%20son%20uno%20de%20los%20negocios%20con%20mejor%20reputaci%C3%B3n%20en%20Google%20Maps%20en%20*Bre%C3%B1a*%20(%E2%AD%90%20*5.0*%20con%203%20opiniones)%20%C2%A1Felicitaciones%20por%20tan%20buen%20trabajo!%20%F0%9F%91%8F%0A%0ARevisamos%20su%20ficha%20y%20notamos%20que%20*a%C3%BAn%20no%20cuentan%20con%20una%20p%C3%A1gina%20web%20oficial*%20donde%20sus%20clientes%20puedan%20consultar%20sus%20servicios%20y%20agendar%20directamente%20por%20WhatsApp.%0A%0AEn%20*Todo%20Lima*%20creamos%20landing%20pages%20ultrarr%C3%A1pidas%20pensadas%20para%20negocios%20locales%3A%0A%E2%9C%85%20Subdominio%20verificado%3A%20*matizados-branzo.pintores.todolima.com*%0A%E2%9C%85%20Bot%C3%B3n%20de%20WhatsApp%20directo%20para%20recibir%20pedidos%20y%20citas%20al%20instante%0A%E2%9C%85%20Mapa%20interactivo%20para%20que%20lleguen%20a%20su%20local%20en%20Bre%C3%B1a%0A%E2%9C%85%20Carga%20en%20menos%20de%201%20segundo%20en%20celulares%0A%E2%9C%85%20Ficha%20destacada%20en%20el%20directorio%20todolima.com%0A%0APreparamos%20una%20demostraci%C3%B3n%20sin%20costo%20de%20c%C3%B3mo%20se%20ver%C3%ADa%20la%20web%20de%20*Matizados%20Branzo*.%20%C2%BFLes%20gustar%C3%ADa%20que%20les%20comparta%20el%20enlace%20de%20prueba%20por%20aqu%C3%AD%3F%20%F0%9F%9A%80"
"ARTCO Escuela de Arte y Diseño Contemporáneo",pintores,"Lima",5,2,921905967,REDESIGN_WEBSITE,artco-escuela-de-arte-y-diseno.pintores.todolima.com,"https://wa.me/51921905967?text=Hola%20equipo%20de%20*ARTCO%20Escuela%20de%20Arte%20y%20Dise%C3%B1o%20Contempor%C3%A1neo*%20%F0%9F%91%8B%2C%20gusto%20en%20saludarlos.%0A%0ALes%20escribimos%20desde%20*Todo%20Lima*.%20Al%20revisar%20a%20los%20referentes%20de%20*Lima*%20(donde%20ustedes%20destacan%20con%20%E2%AD%90%20*5.0*)%2C%20realizamos%20una%20auditor%C3%ADa%20t%C3%A9cnica%20gratuita%20a%20su%20web%20actual%20(*http%3A%2F%2Fwww.artcoedu.com%2F*).%0A%0ADetectamos%20algunos%20puntos%20cr%C3%ADticos%20que%20podr%C3%ADan%20estar%20frenando%20sus%20consultas%3A%0A%E2%80%A2%20El%20servidor%20tard%C3%B3%20m%C3%A1s%20de%204s%20en%20responder%20(Timeout).%20El%20sitio%20est%C3%A1%20pr%C3%A1cticamente%20inoperativo%20para%20usuarios%20m%C3%B3viles.%0A%0A%F0%9F%91%89%20*Dato%20clave%3A*%20El%2065%25%20de%20usuarios%20en%20Lima%20abandonan%20una%20web%20si%20no%20encuentran%20un%20bot%C3%B3n%20flotante%20de%20WhatsApp%20para%20consultar%20en%20el%20momento.%0A%F0%9F%91%89%20*Velocidad%3A*%20Su%20web%20tarda%204.0s%20en%20responder%2C%20cuando%20el%20est%C3%A1ndar%20recomendado%20para%20m%C3%B3viles%20es%20menor%20a%201.5s.%0A%0APodemos%20modernizar%20su%20web%20para%20que%20cargue%20al%20instante%20y%20multiplique%20sus%20contactos%20por%20WhatsApp.%20%C2%BFLes%20gustar%C3%ADa%20que%20les%20enviemos%20el%20reporte%20t%C3%A9cnico%20completo%3F%20%F0%9F%93%8A"
"MS Pintores",pintores,"Lima",5,1,918385646,REDESIGN_WEBSITE,ms-pintores.pintores.todolima.com,"https://wa.me/51918385646?text=Hola%20equipo%20de%20*MS%20Pintores*%20%F0%9F%91%8B%2C%20gusto%20en%20saludarlos.%0A%0ALes%20escribimos%20desde%20*Todo%20Lima*.%20Al%20revisar%20a%20los%20referentes%20de%20*Lima*%20(donde%20ustedes%20destacan%20con%20%E2%AD%90%20*5.0*)%2C%20realizamos%20una%20auditor%C3%ADa%20t%C3%A9cnica%20gratuita%20a%20su%20web%20actual%20(*https%3A%2F%2Fms-pintores.ueniweb.com%2F%3Futm_campaign%3Dgmb*).%0A%0ADetectamos%20algunos%20puntos%20cr%C3%ADticos%20que%20podr%C3%ADan%20estar%20frenando%20sus%20consultas%3A%0A%E2%80%A2%20Sin%20etiqueta%20de%20t%C3%ADtulo%20principal%20H1%20para%20posicionamiento%20org%C3%A1nico.%0A%E2%80%A2%20No%20tiene%20bot%C3%B3n%20directo%20a%20WhatsApp%20(pierde%20hasta%2060%25%20de%20contactos%20en%20Lima).%0A%E2%80%A2%20Tel%C3%A9fono%20en%20texto%20plano%3A%20el%20cliente%20no%20puede%20llamar%20con%20un%20solo%20toque%20desde%20el%20celular.%0A%0A%F0%9F%91%89%20*Dato%20clave%3A*%20El%2065%25%20de%20usuarios%20en%20Lima%20abandonan%20una%20web%20si%20no%20encuentran%20un%20bot%C3%B3n%20flotante%20de%20WhatsApp%20para%20consultar%20en%20el%20momento.%0A%0A%0APodemos%20modernizar%20su%20web%20para%20que%20cargue%20al%20instante%20y%20multiplique%20sus%20contactos%20por%20WhatsApp.%20%C2%BFLes%20gustar%C3%ADa%20que%20les%20enviemos%20el%20reporte%20t%C3%A9cnico%20completo%3F%20%F0%9F%93%8A"
"Bienes y Obras Servicios Generales",pintores,"Lima",5,1,995482654,NEEDS_WEBSITE,bienes-y-obras-servicios-gener.pintores.todolima.com,"https://wa.me/51995482654?text=Hola%20equipo%20de%20*Bienes%20y%20Obras%20Servicios%20Generales*%20%F0%9F%91%8B%2C%20los%20saluda%20el%20equipo%20de%20*Todo%20Lima*%20(todolima.com).%0A%0AVimos%20que%20son%20uno%20de%20los%20negocios%20con%20mejor%20reputaci%C3%B3n%20en%20Google%20Maps%20en%20*Lima*%20(%E2%AD%90%20*5.0*%20con%201%20opiniones)%20%C2%A1Felicitaciones%20por%20tan%20buen%20trabajo!%20%F0%9F%91%8F%0A%0ARevisamos%20su%20ficha%20y%20notamos%20que%20*a%C3%BAn%20no%20cuentan%20con%20una%20p%C3%A1gina%20web%20oficial*%20donde%20sus%20clientes%20puedan%20consultar%20sus%20servicios%20y%20agendar%20directamente%20por%20WhatsApp.%0A%0AEn%20*Todo%20Lima*%20creamos%20landing%20pages%20ultrarr%C3%A1pidas%20pensadas%20para%20negocios%20locales%3A%0A%E2%9C%85%20Subdominio%20verificado%3A%20*bienes-y-obras-servicios-gener.pintores.todolima.com*%0A%E2%9C%85%20Bot%C3%B3n%20de%20WhatsApp%20directo%20para%20recibir%20pedidos%20y%20citas%20al%20instante%0A%E2%9C%85%20Mapa%20interactivo%20para%20que%20lleguen%20a%20su%20local%20en%20Lima%0A%E2%9C%85%20Carga%20en%20menos%20de%201%20segundo%20en%20celulares%0A%E2%9C%85%20Ficha%20destacada%20en%20el%20directorio%20todolima.com%0A%0APreparamos%20una%20demostraci%C3%B3n%20sin%20costo%20de%20c%C3%B3mo%20se%20ver%C3%ADa%20la%20web%20de%20*Bienes%20y%20Obras%20Servicios%20Generales*.%20%C2%BFLes%20gustar%C3%ADa%20que%20les%20comparta%20el%20enlace%20de%20prueba%20por%20aqu%C3%AD%3F%20%F0%9F%9A%80"
"Servicio de Pintura Jhorgi",pintores,"Lima",5,1,989976166,REDESIGN_WEBSITE,servicio-de-pintura-jhorgi.pintores.todolima.com,"https://wa.me/51989976166?text=Hola%20equipo%20de%20*Servicio%20de%20Pintura%20Jhorgi*%20%F0%9F%91%8B%2C%20gusto%20en%20saludarlos.%0A%0ALes%20escribimos%20desde%20*Todo%20Lima*.%20Al%20revisar%20a%20los%20referentes%20de%20*Lima*%20(donde%20ustedes%20destacan%20con%20%E2%AD%90%20*5.0*)%2C%20realizamos%20una%20auditor%C3%ADa%20t%C3%A9cnica%20gratuita%20a%20su%20web%20actual%20(*https%3A%2F%2Fservicio-de-pintura-jhorgi.ueniweb.com%2F%3Futm_campaign%3Dgmb*).%0A%0ADetectamos%20algunos%20puntos%20cr%C3%ADticos%20que%20podr%C3%ADan%20estar%20frenando%20sus%20consultas%3A%0A%E2%80%A2%20Sin%20etiqueta%20de%20t%C3%ADtulo%20principal%20H1%20para%20posicionamiento%20org%C3%A1nico.%0A%E2%80%A2%20No%20tiene%20bot%C3%B3n%20directo%20a%20WhatsApp%20(pierde%20hasta%2060%25%20de%20contactos%20en%20Lima).%0A%E2%80%A2%20Tel%C3%A9fono%20en%20texto%20plano%3A%20el%20cliente%20no%20puede%20llamar%20con%20un%20solo%20toque%20desde%20el%20celular.%0A%0A%F0%9F%91%89%20*Dato%20clave%3A*%20El%2065%25%20de%20usuarios%20en%20Lima%20abandonan%20una%20web%20si%20no%20encuentran%20un%20bot%C3%B3n%20flotante%20de%20WhatsApp%20para%20consultar%20en%20el%20momento.%0A%0A%0APodemos%20modernizar%20su%20web%20para%20que%20cargue%20al%20instante%20y%20multiplique%20sus%20contactos%20por%20WhatsApp.%20%C2%BFLes%20gustar%C3%ADa%20que%20les%20enviemos%20el%20reporte%20t%C3%A9cnico%20completo%3F%20%F0%9F%93%8A"
"Martin ( Mecánico)Pintor",pintores,"Lima",5,1,999975988,NEEDS_WEBSITE,martin-mecanico-pintor.pintores.todolima.com,"https://wa.me/51999975988?text=Hola%20equipo%20de%20*Martin%20(%20Mec%C3%A1nico)Pintor*%20%F0%9F%91%8B%2C%20los%20saluda%20el%20equipo%20de%20*Todo%20Lima*%20(todolima.com).%0A%0AVimos%20que%20son%20uno%20de%20los%20negocios%20con%20mejor%20reputaci%C3%B3n%20en%20Google%20Maps%20en%20*Lima*%20(%E2%AD%90%20*5.0*%20con%201%20opiniones)%20%C2%A1Felicitaciones%20por%20tan%20buen%20trabajo!%20%F0%9F%91%8F%0A%0ARevisamos%20su%20ficha%20y%20notamos%20que%20*a%C3%BAn%20no%20cuentan%20con%20una%20p%C3%A1gina%20web%20oficial*%20donde%20sus%20clientes%20puedan%20consultar%20sus%20servicios%20y%20agendar%20directamente%20por%20WhatsApp.%0A%0AEn%20*Todo%20Lima*%20creamos%20landing%20pages%20ultrarr%C3%A1pidas%20pensadas%20para%20negocios%20locales%3A%0A%E2%9C%85%20Subdominio%20verificado%3A%20*martin-mecanico-pintor.pintores.todolima.com*%0A%E2%9C%85%20Bot%C3%B3n%20de%20WhatsApp%20directo%20para%20recibir%20pedidos%20y%20citas%20al%20instante%0A%E2%9C%85%20Mapa%20interactivo%20para%20que%20lleguen%20a%20su%20local%20en%20Lima%0A%E2%9C%85%20Carga%20en%20menos%20de%201%20segundo%20en%20celulares%0A%E2%9C%85%20Ficha%20destacada%20en%20el%20directorio%20todolima.com%0A%0APreparamos%20una%20demostraci%C3%B3n%20sin%20costo%20de%20c%C3%B3mo%20se%20ver%C3%ADa%20la%20web%20de%20*Martin%20(%20Mec%C3%A1nico)Pintor*.%20%C2%BFLes%20gustar%C3%ADa%20que%20les%20comparta%20el%20enlace%20de%20prueba%20por%20aqu%C3%AD%3F%20%F0%9F%9A%80"
"MGM SOLUCION CONSTRUCCION SAC",pintores,"Breña",5,1,995024991,NEEDS_WEBSITE,mgm-solucion-construccion-sac.pintores.todolima.com,"https://wa.me/51995024991?text=Hola%20equipo%20de%20*MGM%20SOLUCION%20CONSTRUCCION%20SAC*%20%F0%9F%91%8B%2C%20los%20saluda%20el%20equipo%20de%20*Todo%20Lima*%20(todolima.com).%0A%0AVimos%20que%20son%20uno%20de%20los%20negocios%20con%20mejor%20reputaci%C3%B3n%20en%20Google%20Maps%20en%20*Bre%C3%B1a*%20(%E2%AD%90%20*5.0*%20con%201%20opiniones)%20%C2%A1Felicitaciones%20por%20tan%20buen%20trabajo!%20%F0%9F%91%8F%0A%0ARevisamos%20su%20ficha%20y%20notamos%20que%20*a%C3%BAn%20no%20cuentan%20con%20una%20p%C3%A1gina%20web%20oficial*%20donde%20sus%20clientes%20puedan%20consultar%20sus%20servicios%20y%20agendar%20directamente%20por%20WhatsApp.%0A%0AEn%20*Todo%20Lima*%20creamos%20landing%20pages%20ultrarr%C3%A1pidas%20pensadas%20para%20negocios%20locales%3A%0A%E2%9C%85%20Subdominio%20verificado%3A%20*mgm-solucion-construccion-sac.pintores.todolima.com*%0A%E2%9C%85%20Bot%C3%B3n%20de%20WhatsApp%20directo%20para%20recibir%20pedidos%20y%20citas%20al%20instante%0A%E2%9C%85%20Mapa%20interactivo%20para%20que%20lleguen%20a%20su%20local%20en%20Bre%C3%B1a%0A%E2%9C%85%20Carga%20en%20menos%20de%201%20segundo%20en%20celulares%0A%E2%9C%85%20Ficha%20destacada%20en%20el%20directorio%20todolima.com%0A%0APreparamos%20una%20demostraci%C3%B3n%20sin%20costo%20de%20c%C3%B3mo%20se%20ver%C3%ADa%20la%20web%20de%20*MGM%20SOLUCION%20CONSTRUCCION%20SAC*.%20%C2%BFLes%20gustar%C3%ADa%20que%20les%20comparta%20el%20enlace%20de%20prueba%20por%20aqu%C3%AD%3F%20%F0%9F%9A%80"
"PINTURAS HEMPEL | HCM Pinturas del Perú",pintores,"Breña",5,1,972745967,REDESIGN_WEBSITE,pinturas-hempel-hcm-pinturas-d.pintores.todolima.com,"https://wa.me/51972745967?text=Hola%20equipo%20de%20*PINTURAS%20HEMPEL%20%7C%20HCM%20Pinturas%20del%20Per%C3%BA*%20%F0%9F%91%8B%2C%20gusto%20en%20saludarlos.%0A%0ALes%20escribimos%20desde%20*Todo%20Lima*.%20Al%20revisar%20a%20los%20referentes%20de%20*Bre%C3%B1a*%20(donde%20ustedes%20destacan%20con%20%E2%AD%90%20*5.0*)%2C%20realizamos%20una%20auditor%C3%ADa%20t%C3%A9cnica%20gratuita%20a%20su%20web%20actual%20(*https%3A%2F%2Fwww.hcmpinturas.com%2F*).%0A%0ADetectamos%20algunos%20puntos%20cr%C3%ADticos%20que%20podr%C3%ADan%20estar%20frenando%20sus%20consultas%3A%0A%E2%80%A2%20El%20servidor%20tard%C3%B3%20m%C3%A1s%20de%204s%20en%20responder%20(Timeout).%20El%20sitio%20est%C3%A1%20pr%C3%A1cticamente%20inoperativo%20para%20usuarios%20m%C3%B3viles.%0A%0A%F0%9F%91%89%20*Dato%20clave%3A*%20El%2065%25%20de%20usuarios%20en%20Lima%20abandonan%20una%20web%20si%20no%20encuentran%20un%20bot%C3%B3n%20flotante%20de%20WhatsApp%20para%20consultar%20en%20el%20momento.%0A%F0%9F%91%89%20*Velocidad%3A*%20Su%20web%20tarda%204.0s%20en%20responder%2C%20cuando%20el%20est%C3%A1ndar%20recomendado%20para%20m%C3%B3viles%20es%20menor%20a%201.5s.%0A%0APodemos%20modernizar%20su%20web%20para%20que%20cargue%20al%20instante%20y%20multiplique%20sus%20contactos%20por%20WhatsApp.%20%C2%BFLes%20gustar%C3%ADa%20que%20les%20enviemos%20el%20reporte%20t%C3%A9cnico%20completo%3F%20%F0%9F%93%8A"
"Planchado y pintura Omar",pintores,"Ate",5,1,947329075,NEEDS_WEBSITE,planchado-y-pintura-omar.pintores.todolima.com,"https://wa.me/51947329075?text=Hola%20equipo%20de%20*Planchado%20y%20pintura%20Omar*%20%F0%9F%91%8B%2C%20los%20saluda%20el%20equipo%20de%20*Todo%20Lima*%20(todolima.com).%0A%0AVimos%20que%20son%20uno%20de%20los%20negocios%20con%20mejor%20reputaci%C3%B3n%20en%20Google%20Maps%20en%20*Ate*%20(%E2%AD%90%20*5.0*%20con%201%20opiniones)%20%C2%A1Felicitaciones%20por%20tan%20buen%20trabajo!%20%F0%9F%91%8F%0A%0ARevisamos%20su%20ficha%20y%20notamos%20que%20*a%C3%BAn%20no%20cuentan%20con%20una%20p%C3%A1gina%20web%20oficial*%20donde%20sus%20clientes%20puedan%20consultar%20sus%20servicios%20y%20agendar%20directamente%20por%20WhatsApp.%0A%0AEn%20*Todo%20Lima*%20creamos%20landing%20pages%20ultrarr%C3%A1pidas%20pensadas%20para%20negocios%20locales%3A%0A%E2%9C%85%20Subdominio%20verificado%3A%20*planchado-y-pintura-omar.pintores.todolima.com*%0A%E2%9C%85%20Bot%C3%B3n%20de%20WhatsApp%20directo%20para%20recibir%20pedidos%20y%20citas%20al%20instante%0A%E2%9C%85%20Mapa%20interactivo%20para%20que%20lleguen%20a%20su%20local%20en%20Ate%0A%E2%9C%85%20Carga%20en%20menos%20de%201%20segundo%20en%20celulares%0A%E2%9C%85%20Ficha%20destacada%20en%20el%20directorio%20todolima.com%0A%0APreparamos%20una%20demostraci%C3%B3n%20sin%20costo%20de%20c%C3%B3mo%20se%20ver%C3%ADa%20la%20web%20de%20*Planchado%20y%20pintura%20Omar*.%20%C2%BFLes%20gustar%C3%ADa%20que%20les%20comparta%20el%20enlace%20de%20prueba%20por%20aqu%C3%AD%3F%20%F0%9F%9A%80"
"Pizza Madre",pizzerias,"Miraflores",5,3,986199715,NEEDS_WEBSITE,pizza-madre.pizzerias.todolima.com,"https://wa.me/51986199715?text=Hola%20equipo%20de%20*Pizza%20Madre*%20%F0%9F%91%8B%2C%20los%20saluda%20el%20equipo%20de%20*Todo%20Lima*%20(todolima.com).%0A%0AVimos%20que%20son%20uno%20de%20los%20negocios%20con%20mejor%20reputaci%C3%B3n%20en%20Google%20Maps%20en%20*Miraflores*%20(%E2%AD%90%20*5.0*%20con%203%20opiniones)%20%C2%A1Felicitaciones%20por%20tan%20buen%20trabajo!%20%F0%9F%91%8F%0A%0ARevisamos%20su%20ficha%20y%20notamos%20que%20*a%C3%BAn%20no%20cuentan%20con%20una%20p%C3%A1gina%20web%20oficial*%20donde%20sus%20clientes%20puedan%20consultar%20sus%20servicios%20y%20agendar%20directamente%20por%20WhatsApp.%0A%0AEn%20*Todo%20Lima*%20creamos%20landing%20pages%20ultrarr%C3%A1pidas%20pensadas%20para%20negocios%20locales%3A%0A%E2%9C%85%20Subdominio%20verificado%3A%20*pizza-madre.pizzerias.todolima.com*%0A%E2%9C%85%20Bot%C3%B3n%20de%20WhatsApp%20directo%20para%20recibir%20pedidos%20y%20citas%20al%20instante%0A%E2%9C%85%20Mapa%20interactivo%20para%20que%20lleguen%20a%20su%20local%20en%20Miraflores%0A%E2%9C%85%20Carga%20en%20menos%20de%201%20segundo%20en%20celulares%0A%E2%9C%85%20Ficha%20destacada%20en%20el%20directorio%20todolima.com%0A%0APreparamos%20una%20demostraci%C3%B3n%20sin%20costo%20de%20c%C3%B3mo%20se%20ver%C3%ADa%20la%20web%20de%20*Pizza%20Madre*.%20%C2%BFLes%20gustar%C3%ADa%20que%20les%20comparta%20el%20enlace%20de%20prueba%20por%20aqu%C3%AD%3F%20%F0%9F%9A%80"
"Pollería El Leñador La Victoria",pollerias,"Lima",5,5,920189927,NEEDS_WEBSITE,polleria-el-lenador-la-victori.pollerias.todolima.com,"https://wa.me/51920189927?text=Hola%20equipo%20de%20*Poller%C3%ADa%20El%20Le%C3%B1ador%20La%20Victoria*%20%F0%9F%91%8B%2C%20los%20saluda%20el%20equipo%20de%20*Todo%20Lima*%20(todolima.com).%0A%0AVimos%20que%20son%20uno%20de%20los%20negocios%20con%20mejor%20reputaci%C3%B3n%20en%20Google%20Maps%20en%20*Lima*%20(%E2%AD%90%20*5.0*%20con%205%20opiniones)%20%C2%A1Felicitaciones%20por%20tan%20buen%20trabajo!%20%F0%9F%91%8F%0A%0ARevisamos%20su%20ficha%20y%20notamos%20que%20*a%C3%BAn%20no%20cuentan%20con%20una%20p%C3%A1gina%20web%20oficial*%20donde%20sus%20clientes%20puedan%20consultar%20sus%20servicios%20y%20agendar%20directamente%20por%20WhatsApp.%0A%0AEn%20*Todo%20Lima*%20creamos%20landing%20pages%20ultrarr%C3%A1pidas%20pensadas%20para%20negocios%20locales%3A%0A%E2%9C%85%20Subdominio%20verificado%3A%20*polleria-el-lenador-la-victori.pollerias.todolima.com*%0A%E2%9C%85%20Bot%C3%B3n%20de%20WhatsApp%20directo%20para%20recibir%20pedidos%20y%20citas%20al%20instante%0A%E2%9C%85%20Mapa%20interactivo%20para%20que%20lleguen%20a%20su%20local%20en%20Lima%0A%E2%9C%85%20Carga%20en%20menos%20de%201%20segundo%20en%20celulares%0A%E2%9C%85%20Ficha%20destacada%20en%20el%20directorio%20todolima.com%0A%0APreparamos%20una%20demostraci%C3%B3n%20sin%20costo%20de%20c%C3%B3mo%20se%20ver%C3%ADa%20la%20web%20de%20*Poller%C3%ADa%20El%20Le%C3%B1ador%20La%20Victoria*.%20%C2%BFLes%20gustar%C3%ADa%20que%20les%20comparta%20el%20enlace%20de%20prueba%20por%20aqu%C3%AD%3F%20%F0%9F%9A%80"
"Polleria al toque",pollerias,"Lima",5,4,951593597,NEEDS_WEBSITE,polleria-al-toque.pollerias.todolima.com,"https://wa.me/51951593597?text=Hola%20equipo%20de%20*Polleria%20al%20toque*%20%F0%9F%91%8B%2C%20los%20saluda%20el%20equipo%20de%20*Todo%20Lima*%20(todolima.com).%0A%0AVimos%20que%20son%20uno%20de%20los%20negocios%20con%20mejor%20reputaci%C3%B3n%20en%20Google%20Maps%20en%20*Lima*%20(%E2%AD%90%20*5.0*%20con%204%20opiniones)%20%C2%A1Felicitaciones%20por%20tan%20buen%20trabajo!%20%F0%9F%91%8F%0A%0ARevisamos%20su%20ficha%20y%20notamos%20que%20*a%C3%BAn%20no%20cuentan%20con%20una%20p%C3%A1gina%20web%20oficial*%20donde%20sus%20clientes%20puedan%20consultar%20sus%20servicios%20y%20agendar%20directamente%20por%20WhatsApp.%0A%0AEn%20*Todo%20Lima*%20creamos%20landing%20pages%20ultrarr%C3%A1pidas%20pensadas%20para%20negocios%20locales%3A%0A%E2%9C%85%20Subdominio%20verificado%3A%20*polleria-al-toque.pollerias.todolima.com*%0A%E2%9C%85%20Bot%C3%B3n%20de%20WhatsApp%20directo%20para%20recibir%20pedidos%20y%20citas%20al%20instante%0A%E2%9C%85%20Mapa%20interactivo%20para%20que%20lleguen%20a%20su%20local%20en%20Lima%0A%E2%9C%85%20Carga%20en%20menos%20de%201%20segundo%20en%20celulares%0A%E2%9C%85%20Ficha%20destacada%20en%20el%20directorio%20todolima.com%0A%0APreparamos%20una%20demostraci%C3%B3n%20sin%20costo%20de%20c%C3%B3mo%20se%20ver%C3%ADa%20la%20web%20de%20*Polleria%20al%20toque*.%20%C2%BFLes%20gustar%C3%ADa%20que%20les%20comparta%20el%20enlace%20de%20prueba%20por%20aqu%C3%AD%3F%20%F0%9F%9A%80"
"Polleria El Pollis",pollerias,"Breña",5,3,938559789,NEEDS_WEBSITE,polleria-el-pollis.pollerias.todolima.com,"https://wa.me/51938559789?text=Hola%20equipo%20de%20*Polleria%20El%20Pollis*%20%F0%9F%91%8B%2C%20los%20saluda%20el%20equipo%20de%20*Todo%20Lima*%20(todolima.com).%0A%0AVimos%20que%20son%20uno%20de%20los%20negocios%20con%20mejor%20reputaci%C3%B3n%20en%20Google%20Maps%20en%20*Bre%C3%B1a*%20(%E2%AD%90%20*5.0*%20con%203%20opiniones)%20%C2%A1Felicitaciones%20por%20tan%20buen%20trabajo!%20%F0%9F%91%8F%0A%0ARevisamos%20su%20ficha%20y%20notamos%20que%20*a%C3%BAn%20no%20cuentan%20con%20una%20p%C3%A1gina%20web%20oficial*%20donde%20sus%20clientes%20puedan%20consultar%20sus%20servicios%20y%20agendar%20directamente%20por%20WhatsApp.%0A%0AEn%20*Todo%20Lima*%20creamos%20landing%20pages%20ultrarr%C3%A1pidas%20pensadas%20para%20negocios%20locales%3A%0A%E2%9C%85%20Subdominio%20verificado%3A%20*polleria-el-pollis.pollerias.todolima.com*%0A%E2%9C%85%20Bot%C3%B3n%20de%20WhatsApp%20directo%20para%20recibir%20pedidos%20y%20citas%20al%20instante%0A%E2%9C%85%20Mapa%20interactivo%20para%20que%20lleguen%20a%20su%20local%20en%20Bre%C3%B1a%0A%E2%9C%85%20Carga%20en%20menos%20de%201%20segundo%20en%20celulares%0A%E2%9C%85%20Ficha%20destacada%20en%20el%20directorio%20todolima.com%0A%0APreparamos%20una%20demostraci%C3%B3n%20sin%20costo%20de%20c%C3%B3mo%20se%20ver%C3%ADa%20la%20web%20de%20*Polleria%20El%20Pollis*.%20%C2%BFLes%20gustar%C3%ADa%20que%20les%20comparta%20el%20enlace%20de%20prueba%20por%20aqu%C3%AD%3F%20%F0%9F%9A%80"
"Servicio Técnico, Reparación de Termas Sole, Bryant, Bosch, Sakura - Calentadores - Termotanques . Alerta Perú Técnico",reparacion-refrigeradoras,"Santiago de Surco",5,111,997144598,REDESIGN_WEBSITE,servicio-tecnico-reparacion-de.reparacion-refrigeradoras.todolima.com,"https://wa.me/51997144598?text=Hola%20equipo%20de%20*Servicio%20T%C3%A9cnico%2C%20Reparaci%C3%B3n%20de%20Termas%20Sole%2C%20Bryant%2C%20Bosch%2C%20Sakura%20-%20Calentadores%20-%20Termotanques%20.%20Alerta%20Per%C3%BA%20T%C3%A9cnico*%20%F0%9F%91%8B%2C%20gusto%20en%20saludarlos.%0A%0ALes%20escribimos%20desde%20*Todo%20Lima*.%20Al%20revisar%20a%20los%20referentes%20de%20*Santiago%20de%20Surco*%20(donde%20ustedes%20destacan%20con%20%E2%AD%90%20*5.0*)%2C%20realizamos%20una%20auditor%C3%ADa%20t%C3%A9cnica%20gratuita%20a%20su%20web%20actual%20(*https%3A%2F%2Fwww.alertaperutecnico.com%2F*).%0A%0ADetectamos%20algunos%20puntos%20cr%C3%ADticos%20que%20podr%C3%ADan%20estar%20frenando%20sus%20consultas%3A%0A%E2%80%A2%20El%20servidor%20tard%C3%B3%20m%C3%A1s%20de%204s%20en%20responder%20(Timeout).%20El%20sitio%20est%C3%A1%20pr%C3%A1cticamente%20inoperativo%20para%20usuarios%20m%C3%B3viles.%0A%0A%F0%9F%91%89%20*Dato%20clave%3A*%20El%2065%25%20de%20usuarios%20en%20Lima%20abandonan%20una%20web%20si%20no%20encuentran%20un%20bot%C3%B3n%20flotante%20de%20WhatsApp%20para%20consultar%20en%20el%20momento.%0A%F0%9F%91%89%20*Velocidad%3A*%20Su%20web%20tarda%204.0s%20en%20responder%2C%20cuando%20el%20est%C3%A1ndar%20recomendado%20para%20m%C3%B3viles%20es%20menor%20a%201.5s.%0A%0APodemos%20modernizar%20su%20web%20para%20que%20cargue%20al%20instante%20y%20multiplique%20sus%20contactos%20por%20WhatsApp.%20%C2%BFLes%20gustar%C3%ADa%20que%20les%20enviemos%20el%20reporte%20t%C3%A9cnico%20completo%3F%20%F0%9F%93%8A"
"Servicios Daniels",reparacion-refrigeradoras,"Santiago de Surco",5,56,991123190,REDESIGN_WEBSITE,servicios-daniels.reparacion-refrigeradoras.todolima.com,"https://wa.me/51991123190?text=Hola%20equipo%20de%20*Servicios%20Daniels*%20%F0%9F%91%8B%2C%20gusto%20en%20saludarlos.%0A%0ALes%20escribimos%20desde%20*Todo%20Lima*.%20Al%20revisar%20a%20los%20referentes%20de%20*Santiago%20de%20Surco*%20(donde%20ustedes%20destacan%20con%20%E2%AD%90%20*5.0*)%2C%20realizamos%20una%20auditor%C3%ADa%20t%C3%A9cnica%20gratuita%20a%20su%20web%20actual%20(*https%3A%2F%2Fservicios-daniels.netlify.app%2F*).%0A%0ADetectamos%20algunos%20puntos%20cr%C3%ADticos%20que%20podr%C3%ADan%20estar%20frenando%20sus%20consultas%3A%0A%E2%80%A2%20El%20servidor%20tard%C3%B3%20m%C3%A1s%20de%204s%20en%20responder%20(Timeout).%20El%20sitio%20est%C3%A1%20pr%C3%A1cticamente%20inoperativo%20para%20usuarios%20m%C3%B3viles.%0A%0A%F0%9F%91%89%20*Dato%20clave%3A*%20El%2065%25%20de%20usuarios%20en%20Lima%20abandonan%20una%20web%20si%20no%20encuentran%20un%20bot%C3%B3n%20flotante%20de%20WhatsApp%20para%20consultar%20en%20el%20momento.%0A%F0%9F%91%89%20*Velocidad%3A*%20Su%20web%20tarda%204.0s%20en%20responder%2C%20cuando%20el%20est%C3%A1ndar%20recomendado%20para%20m%C3%B3viles%20es%20menor%20a%201.5s.%0A%0APodemos%20modernizar%20su%20web%20para%20que%20cargue%20al%20instante%20y%20multiplique%20sus%20contactos%20por%20WhatsApp.%20%C2%BFLes%20gustar%C3%ADa%20que%20les%20enviemos%20el%20reporte%20t%C3%A9cnico%20completo%3F%20%F0%9F%93%8A"
"SERVICIO TÉCNICO CUBA",reparacion-refrigeradoras,"Lima",5,15,993998482,UPGRADE_SOCIAL,servicio-tecnico-cuba.reparacion-refrigeradoras.todolima.com,"https://wa.me/51993998482?text=Hola%20equipo%20de%20*SERVICIO%20T%C3%89CNICO%20CUBA*%20%F0%9F%91%8B%2C%20les%20escribe%20el%20equipo%20de%20*Todo%20Lima*.%0A%0ARevisamos%20su%20destacada%20presencia%20en%20Google%20Maps%20en%20*Lima*%20(%E2%AD%90%20*5.0*%20estrellas).%20Notamos%20que%20su%20enlace%20de%20contacto%20actual%20es%20un%20perfil%20de%20*Facebook*.%0A%0AMuchos%20clientes%20que%20buscan%20servicios%20en%20Google%20prefieren%20una%20web%20r%C3%A1pida%20donde%20ver%20cat%C3%A1logo%2C%20fotos%20y%20tarifas%20sin%20tener%20que%20entrar%20a%20una%20red%20social%20o%20ver%20distracciones%20de%20la%20competencia.%0A%0A%C2%BFLes%20interesar%C3%ADa%20complementar%20su%20Facebook%20con%20una%20p%C3%A1gina%20web%20oficial%20(*servicio-tecnico-cuba.reparacion-refrigeradoras.todolima.com*)%20con%20bot%C3%B3n%20directo%20a%20WhatsApp%20y%20presencia%20prioritaria%20en%20Todo%20Lima%3F%0A%0ATenemos%20una%20maqueta%20lista%20para%20mostrarles%20sin%20compromiso.%20%C2%BFSe%20las%20comparto%20por%20este%20medio%3F%20%F0%9F%93%B2"
"Reparatec - Tecnicos de Refrigeradoras , Lavadoras , Cocinas y mas...",reparacion-refrigeradoras,"Santa Anita",5,3,914301010,REDESIGN_WEBSITE,reparatec-tecnicos-de-refriger.reparacion-refrigeradoras.todolima.com,"https://wa.me/51914301010?text=Hola%20equipo%20de%20*Reparatec%20-%20Tecnicos%20de%20Refrigeradoras%20%2C%20Lavadoras%20%2C%20Cocinas%20y%20mas...*%20%F0%9F%91%8B%2C%20gusto%20en%20saludarlos.%0A%0ALes%20escribimos%20desde%20*Todo%20Lima*.%20Al%20revisar%20a%20los%20referentes%20de%20*Santa%20Anita*%20(donde%20ustedes%20destacan%20con%20%E2%AD%90%20*5.0*)%2C%20realizamos%20una%20auditor%C3%ADa%20t%C3%A9cnica%20gratuita%20a%20su%20web%20actual%20(*https%3A%2F%2Freparatec.pe%2F*).%0A%0ADetectamos%20algunos%20puntos%20cr%C3%ADticos%20que%20podr%C3%ADan%20estar%20frenando%20sus%20consultas%3A%0A%E2%80%A2%20El%20servidor%20tard%C3%B3%20m%C3%A1s%20de%204s%20en%20responder%20(Timeout).%20El%20sitio%20est%C3%A1%20pr%C3%A1cticamente%20inoperativo%20para%20usuarios%20m%C3%B3viles.%0A%0A%F0%9F%91%89%20*Dato%20clave%3A*%20El%2065%25%20de%20usuarios%20en%20Lima%20abandonan%20una%20web%20si%20no%20encuentran%20un%20bot%C3%B3n%20flotante%20de%20WhatsApp%20para%20consultar%20en%20el%20momento.%0A%F0%9F%91%89%20*Velocidad%3A*%20Su%20web%20tarda%204.0s%20en%20responder%2C%20cuando%20el%20est%C3%A1ndar%20recomendado%20para%20m%C3%B3viles%20es%20menor%20a%201.5s.%0A%0APodemos%20modernizar%20su%20web%20para%20que%20cargue%20al%20instante%20y%20multiplique%20sus%20contactos%20por%20WhatsApp.%20%C2%BFLes%20gustar%C3%ADa%20que%20les%20enviemos%20el%20reporte%20t%C3%A9cnico%20completo%3F%20%F0%9F%93%8A"
"FRIOSERVICE",reparacion-refrigeradoras,"Villa El Salvador",5,3,936799915,REDESIGN_WEBSITE,frioservice.reparacion-refrigeradoras.todolima.com,"https://wa.me/51936799915?text=Hola%20equipo%20de%20*FRIOSERVICE*%20%F0%9F%91%8B%2C%20gusto%20en%20saludarlos.%0A%0ALes%20escribimos%20desde%20*Todo%20Lima*.%20Al%20revisar%20a%20los%20referentes%20de%20*Villa%20El%20Salvador*%20(donde%20ustedes%20destacan%20con%20%E2%AD%90%20*5.0*)%2C%20realizamos%20una%20auditor%C3%ADa%20t%C3%A9cnica%20gratuita%20a%20su%20web%20actual%20(*https%3A%2F%2Ffrioservice-16.my.canva.site%2F*).%0A%0ADetectamos%20algunos%20puntos%20cr%C3%ADticos%20que%20podr%C3%ADan%20estar%20frenando%20sus%20consultas%3A%0A%E2%80%A2%20El%20servidor%20tard%C3%B3%20m%C3%A1s%20de%204s%20en%20responder%20(Timeout).%20El%20sitio%20est%C3%A1%20pr%C3%A1cticamente%20inoperativo%20para%20usuarios%20m%C3%B3viles.%0A%0A%F0%9F%91%89%20*Dato%20clave%3A*%20El%2065%25%20de%20usuarios%20en%20Lima%20abandonan%20una%20web%20si%20no%20encuentran%20un%20bot%C3%B3n%20flotante%20de%20WhatsApp%20para%20consultar%20en%20el%20momento.%0A%F0%9F%91%89%20*Velocidad%3A*%20Su%20web%20tarda%204.0s%20en%20responder%2C%20cuando%20el%20est%C3%A1ndar%20recomendado%20para%20m%C3%B3viles%20es%20menor%20a%201.5s.%0A%0APodemos%20modernizar%20su%20web%20para%20que%20cargue%20al%20instante%20y%20multiplique%20sus%20contactos%20por%20WhatsApp.%20%C2%BFLes%20gustar%C3%ADa%20que%20les%20enviemos%20el%20reporte%20t%C3%A9cnico%20completo%3F%20%F0%9F%93%8A"
"Multiservicios Roberto",reparacion-refrigeradoras,"Lima",5,2,956277461,REDESIGN_WEBSITE,multiservicios-roberto.reparacion-refrigeradoras.todolima.com,"https://wa.me/51956277461?text=Hola%20equipo%20de%20*Multiservicios%20Roberto*%20%F0%9F%91%8B%2C%20gusto%20en%20saludarlos.%0A%0ALes%20escribimos%20desde%20*Todo%20Lima*.%20Al%20revisar%20a%20los%20referentes%20de%20*Lima*%20(donde%20ustedes%20destacan%20con%20%E2%AD%90%20*5.0*)%2C%20realizamos%20una%20auditor%C3%ADa%20t%C3%A9cnica%20gratuita%20a%20su%20web%20actual%20(*https%3A%2F%2Fwww.negocioschaclacayo.com%2Fmultiservicios-roberto*).%0A%0ADetectamos%20algunos%20puntos%20cr%C3%ADticos%20que%20podr%C3%ADan%20estar%20frenando%20sus%20consultas%3A%0A%E2%80%A2%20El%20servidor%20tard%C3%B3%20m%C3%A1s%20de%204s%20en%20responder%20(Timeout).%20El%20sitio%20est%C3%A1%20pr%C3%A1cticamente%20inoperativo%20para%20usuarios%20m%C3%B3viles.%0A%0A%F0%9F%91%89%20*Dato%20clave%3A*%20El%2065%25%20de%20usuarios%20en%20Lima%20abandonan%20una%20web%20si%20no%20encuentran%20un%20bot%C3%B3n%20flotante%20de%20WhatsApp%20para%20consultar%20en%20el%20momento.%0A%F0%9F%91%89%20*Velocidad%3A*%20Su%20web%20tarda%204.0s%20en%20responder%2C%20cuando%20el%20est%C3%A1ndar%20recomendado%20para%20m%C3%B3viles%20es%20menor%20a%201.5s.%0A%0APodemos%20modernizar%20su%20web%20para%20que%20cargue%20al%20instante%20y%20multiplique%20sus%20contactos%20por%20WhatsApp.%20%C2%BFLes%20gustar%C3%ADa%20que%20les%20enviemos%20el%20reporte%20t%C3%A9cnico%20completo%3F%20%F0%9F%93%8A"
"Técnico de reparación de targetas de lavadora y refrigerador",reparacion-refrigeradoras,"Lima",5,2,913773921,UPGRADE_SOCIAL,tecnico-de-reparacion-de-targe.reparacion-refrigeradoras.todolima.com,"https://wa.me/51913773921?text=Hola%20equipo%20de%20*T%C3%A9cnico%20de%20reparaci%C3%B3n%20de%20targetas%20de%20lavadora%20y%20refrigerador*%20%F0%9F%91%8B%2C%20les%20escribe%20el%20equipo%20de%20*Todo%20Lima*.%0A%0ARevisamos%20su%20destacada%20presencia%20en%20Google%20Maps%20en%20*Lima*%20(%E2%AD%90%20*5.0*%20estrellas).%20Notamos%20que%20su%20enlace%20de%20contacto%20actual%20es%20un%20perfil%20de%20*Facebook*.%0A%0AMuchos%20clientes%20que%20buscan%20servicios%20en%20Google%20prefieren%20una%20web%20r%C3%A1pida%20donde%20ver%20cat%C3%A1logo%2C%20fotos%20y%20tarifas%20sin%20tener%20que%20entrar%20a%20una%20red%20social%20o%20ver%20distracciones%20de%20la%20competencia.%0A%0A%C2%BFLes%20interesar%C3%ADa%20complementar%20su%20Facebook%20con%20una%20p%C3%A1gina%20web%20oficial%20(*tecnico-de-reparacion-de-targe.reparacion-refrigeradoras.todolima.com*)%20con%20bot%C3%B3n%20directo%20a%20WhatsApp%20y%20presencia%20prioritaria%20en%20Todo%20Lima%3F%0A%0ATenemos%20una%20maqueta%20lista%20para%20mostrarles%20sin%20compromiso.%20%C2%BFSe%20las%20comparto%20por%20este%20medio%3F%20%F0%9F%93%B2"
"REFRIGERACIÓN FLORESSAN SERVICIO TÉCNICO DE REFRIGERADORAS LAVADORAS",reparacion-refrigeradoras,"Ate",5,1,947629312,NEEDS_WEBSITE,refrigeracion-floressan-servic.reparacion-refrigeradoras.todolima.com,"https://wa.me/51947629312?text=Hola%20equipo%20de%20*REFRIGERACI%C3%93N%20FLORESSAN%20SERVICIO%20T%C3%89CNICO%20DE%20REFRIGERADORAS%20LAVADORAS*%20%F0%9F%91%8B%2C%20los%20saluda%20el%20equipo%20de%20*Todo%20Lima*%20(todolima.com).%0A%0AVimos%20que%20son%20uno%20de%20los%20negocios%20con%20mejor%20reputaci%C3%B3n%20en%20Google%20Maps%20en%20*Ate*%20(%E2%AD%90%20*5.0*%20con%201%20opiniones)%20%C2%A1Felicitaciones%20por%20tan%20buen%20trabajo!%20%F0%9F%91%8F%0A%0ARevisamos%20su%20ficha%20y%20notamos%20que%20*a%C3%BAn%20no%20cuentan%20con%20una%20p%C3%A1gina%20web%20oficial*%20donde%20sus%20clientes%20puedan%20consultar%20sus%20servicios%20y%20agendar%20directamente%20por%20WhatsApp.%0A%0AEn%20*Todo%20Lima*%20creamos%20landing%20pages%20ultrarr%C3%A1pidas%20pensadas%20para%20negocios%20locales%3A%0A%E2%9C%85%20Subdominio%20verificado%3A%20*refrigeracion-floressan-servic.reparacion-refrigeradoras.todolima.com*%0A%E2%9C%85%20Bot%C3%B3n%20de%20WhatsApp%20directo%20para%20recibir%20pedidos%20y%20citas%20al%20instante%0A%E2%9C%85%20Mapa%20interactivo%20para%20que%20lleguen%20a%20su%20local%20en%20Ate%0A%E2%9C%85%20Carga%20en%20menos%20de%201%20segundo%20en%20celulares%0A%E2%9C%85%20Ficha%20destacada%20en%20el%20directorio%20todolima.com%0A%0APreparamos%20una%20demostraci%C3%B3n%20sin%20costo%20de%20c%C3%B3mo%20se%20ver%C3%ADa%20la%20web%20de%20*REFRIGERACI%C3%93N%20FLORESSAN%20SERVICIO%20T%C3%89CNICO%20DE%20REFRIGERADORAS%20LAVADORAS*.%20%C2%BFLes%20gustar%C3%ADa%20que%20les%20comparta%20el%20enlace%20de%20prueba%20por%20aqu%C3%AD%3F%20%F0%9F%9A%80"
"ELECTRO REPARACIONES",reparacion-refrigeradoras,"San Juan de Lurigancho",5,1,934336762,UPGRADE_SOCIAL,electro-reparaciones.reparacion-refrigeradoras.todolima.com,"https://wa.me/51934336762?text=Hola%20equipo%20de%20*ELECTRO%20REPARACIONES*%20%F0%9F%91%8B%2C%20les%20escribe%20el%20equipo%20de%20*Todo%20Lima*.%0A%0ARevisamos%20su%20destacada%20presencia%20en%20Google%20Maps%20en%20*San%20Juan%20de%20Lurigancho*%20(%E2%AD%90%20*5.0*%20estrellas).%20Notamos%20que%20su%20enlace%20de%20contacto%20actual%20es%20un%20perfil%20de%20*WhatsApp%20Directo*.%0A%0AMuchos%20clientes%20que%20buscan%20servicios%20en%20Google%20prefieren%20una%20web%20r%C3%A1pida%20donde%20ver%20cat%C3%A1logo%2C%20fotos%20y%20tarifas%20sin%20tener%20que%20entrar%20a%20una%20red%20social%20o%20ver%20distracciones%20de%20la%20competencia.%0A%0A%C2%BFLes%20interesar%C3%ADa%20complementar%20su%20WhatsApp%20Directo%20con%20una%20p%C3%A1gina%20web%20oficial%20(*electro-reparaciones.reparacion-refrigeradoras.todolima.com*)%20con%20bot%C3%B3n%20directo%20a%20WhatsApp%20y%20presencia%20prioritaria%20en%20Todo%20Lima%3F%0A%0ATenemos%20una%20maqueta%20lista%20para%20mostrarles%20sin%20compromiso.%20%C2%BFSe%20las%20comparto%20por%20este%20medio%3F%20%F0%9F%93%B2"
"Mecánica Automotriz Car Lumbre",talleres-mecanicos,"Rímac",5,5,979701851,UPGRADE_SOCIAL,mecanica-automotriz-car-lumbre.talleres-mecanicos.todolima.com,"https://wa.me/51979701851?text=Hola%20equipo%20de%20*Mec%C3%A1nica%20Automotriz%20Car%20Lumbre*%20%F0%9F%91%8B%2C%20les%20escribe%20el%20equipo%20de%20*Todo%20Lima*.%0A%0ARevisamos%20su%20destacada%20presencia%20en%20Google%20Maps%20en%20*R%C3%ADmac*%20(%E2%AD%90%20*5.0*%20estrellas).%20Notamos%20que%20su%20enlace%20de%20contacto%20actual%20es%20un%20perfil%20de%20*Facebook*.%0A%0AMuchos%20clientes%20que%20buscan%20servicios%20en%20Google%20prefieren%20una%20web%20r%C3%A1pida%20donde%20ver%20cat%C3%A1logo%2C%20fotos%20y%20tarifas%20sin%20tener%20que%20entrar%20a%20una%20red%20social%20o%20ver%20distracciones%20de%20la%20competencia.%0A%0A%C2%BFLes%20interesar%C3%ADa%20complementar%20su%20Facebook%20con%20una%20p%C3%A1gina%20web%20oficial%20(*mecanica-automotriz-car-lumbre.talleres-mecanicos.todolima.com*)%20con%20bot%C3%B3n%20directo%20a%20WhatsApp%20y%20presencia%20prioritaria%20en%20Todo%20Lima%3F%0A%0ATenemos%20una%20maqueta%20lista%20para%20mostrarles%20sin%20compromiso.%20%C2%BFSe%20las%20comparto%20por%20este%20medio%3F%20%F0%9F%93%B2"
"TALLER DE MECANICA AUTOMOTRIZ NOLCAR EIRL",talleres-mecanicos,"Lima",5,5,981503643,NEEDS_WEBSITE,taller-de-mecanica-automotriz-.talleres-mecanicos.todolima.com,"https://wa.me/51981503643?text=Hola%20equipo%20de%20*TALLER%20DE%20MECANICA%20AUTOMOTRIZ%20NOLCAR%20EIRL*%20%F0%9F%91%8B%2C%20los%20saluda%20el%20equipo%20de%20*Todo%20Lima*%20(todolima.com).%0A%0AVimos%20que%20son%20uno%20de%20los%20negocios%20con%20mejor%20reputaci%C3%B3n%20en%20Google%20Maps%20en%20*Lima*%20(%E2%AD%90%20*5.0*%20con%205%20opiniones)%20%C2%A1Felicitaciones%20por%20tan%20buen%20trabajo!%20%F0%9F%91%8F%0A%0ARevisamos%20su%20ficha%20y%20notamos%20que%20*a%C3%BAn%20no%20cuentan%20con%20una%20p%C3%A1gina%20web%20oficial*%20donde%20sus%20clientes%20puedan%20consultar%20sus%20servicios%20y%20agendar%20directamente%20por%20WhatsApp.%0A%0AEn%20*Todo%20Lima*%20creamos%20landing%20pages%20ultrarr%C3%A1pidas%20pensadas%20para%20negocios%20locales%3A%0A%E2%9C%85%20Subdominio%20verificado%3A%20*taller-de-mecanica-automotriz-.talleres-mecanicos.todolima.com*%0A%E2%9C%85%20Bot%C3%B3n%20de%20WhatsApp%20directo%20para%20recibir%20pedidos%20y%20citas%20al%20instante%0A%E2%9C%85%20Mapa%20interactivo%20para%20que%20lleguen%20a%20su%20local%20en%20Lima%0A%E2%9C%85%20Carga%20en%20menos%20de%201%20segundo%20en%20celulares%0A%E2%9C%85%20Ficha%20destacada%20en%20el%20directorio%20todolima.com%0A%0APreparamos%20una%20demostraci%C3%B3n%20sin%20costo%20de%20c%C3%B3mo%20se%20ver%C3%ADa%20la%20web%20de%20*TALLER%20DE%20MECANICA%20AUTOMOTRIZ%20NOLCAR%20EIRL*.%20%C2%BFLes%20gustar%C3%ADa%20que%20les%20comparta%20el%20enlace%20de%20prueba%20por%20aqu%C3%AD%3F%20%F0%9F%9A%80"
"R&R Servicios Automotrices",talleres-mecanicos,"Lima",5,4,981527545,REDESIGN_WEBSITE,r-r-servicios-automotrices.talleres-mecanicos.todolima.com,"https://wa.me/51981527545?text=Hola%20equipo%20de%20*R%26R%20Servicios%20Automotrices*%20%F0%9F%91%8B%2C%20gusto%20en%20saludarlos.%0A%0ALes%20escribimos%20desde%20*Todo%20Lima*.%20Al%20revisar%20a%20los%20referentes%20de%20*Lima*%20(donde%20ustedes%20destacan%20con%20%E2%AD%90%20*5.0*)%2C%20realizamos%20una%20auditor%C3%ADa%20t%C3%A9cnica%20gratuita%20a%20su%20web%20actual%20(*https%3A%2F%2Ftallermec.net.pe%2Fp%2Frr-servicios-automotrices%2F%3Futm_source%3Dgoogle%26utm_medium%3Dorganic%26utm_campaign%3Dgmb*).%0A%0ADetectamos%20algunos%20puntos%20cr%C3%ADticos%20que%20podr%C3%ADan%20estar%20frenando%20sus%20consultas%3A%0A%E2%80%A2%20El%20servidor%20tard%C3%B3%20m%C3%A1s%20de%204s%20en%20responder%20(Timeout).%20El%20sitio%20est%C3%A1%20pr%C3%A1cticamente%20inoperativo%20para%20usuarios%20m%C3%B3viles.%0A%0A%F0%9F%91%89%20*Dato%20clave%3A*%20El%2065%25%20de%20usuarios%20en%20Lima%20abandonan%20una%20web%20si%20no%20encuentran%20un%20bot%C3%B3n%20flotante%20de%20WhatsApp%20para%20consultar%20en%20el%20momento.%0A%F0%9F%91%89%20*Velocidad%3A*%20Su%20web%20tarda%204.0s%20en%20responder%2C%20cuando%20el%20est%C3%A1ndar%20recomendado%20para%20m%C3%B3viles%20es%20menor%20a%201.5s.%0A%0APodemos%20modernizar%20su%20web%20para%20que%20cargue%20al%20instante%20y%20multiplique%20sus%20contactos%20por%20WhatsApp.%20%C2%BFLes%20gustar%C3%ADa%20que%20les%20enviemos%20el%20reporte%20t%C3%A9cnico%20completo%3F%20%F0%9F%93%8A"
"Sol Coffee - Cafecito Here",cafeterias,"Miraflores",4.9,279,945155782,REDESIGN_WEBSITE,sol-coffee-cafecito-here.cafeterias.todolima.com,"https://wa.me/51945155782?text=Hola%20equipo%20de%20*Sol%20Coffee%20-%20Cafecito%20Here*%20%F0%9F%91%8B%2C%20gusto%20en%20saludarlos.%0A%0ALes%20escribimos%20desde%20*Todo%20Lima*.%20Al%20revisar%20a%20los%20referentes%20de%20*Miraflores*%20(donde%20ustedes%20destacan%20con%20%E2%AD%90%20*4.9*)%2C%20realizamos%20una%20auditor%C3%ADa%20t%C3%A9cnica%20gratuita%20a%20su%20web%20actual%20(*http%3A%2F%2Fcafecitohere.com%2F*).%0A%0ADetectamos%20algunos%20puntos%20cr%C3%ADticos%20que%20podr%C3%ADan%20estar%20frenando%20sus%20consultas%3A%0A%E2%80%A2%20URL%20inv%C3%A1lida%20o%20no%20registrada.%0A%0A%F0%9F%91%89%20*Dato%20clave%3A*%20El%2065%25%20de%20usuarios%20en%20Lima%20abandonan%20una%20web%20si%20no%20encuentran%20un%20bot%C3%B3n%20flotante%20de%20WhatsApp%20para%20consultar%20en%20el%20momento.%0A%0A%0APodemos%20modernizar%20su%20web%20para%20que%20cargue%20al%20instante%20y%20multiplique%20sus%20contactos%20por%20WhatsApp.%20%C2%BFLes%20gustar%C3%ADa%20que%20les%20enviemos%20el%20reporte%20t%C3%A9cnico%20completo%3F%20%F0%9F%93%8A"
"Ombú Specialty Coffee",cafeterias,"Miraflores",4.9,111,995858001,UPGRADE_SOCIAL,ombu-specialty-coffee.cafeterias.todolima.com,"https://wa.me/51995858001?text=Hola%20equipo%20de%20*Omb%C3%BA%20Specialty%20Coffee*%20%F0%9F%91%8B%2C%20les%20escribe%20el%20equipo%20de%20*Todo%20Lima*.%0A%0ARevisamos%20su%20destacada%20presencia%20en%20Google%20Maps%20en%20*Miraflores*%20(%E2%AD%90%20*4.9*%20estrellas).%20Notamos%20que%20su%20enlace%20de%20contacto%20actual%20es%20un%20perfil%20de%20*Instagram*.%0A%0AMuchos%20clientes%20que%20buscan%20servicios%20en%20Google%20prefieren%20una%20web%20r%C3%A1pida%20donde%20ver%20cat%C3%A1logo%2C%20fotos%20y%20tarifas%20sin%20tener%20que%20entrar%20a%20una%20red%20social%20o%20ver%20distracciones%20de%20la%20competencia.%0A%0A%C2%BFLes%20interesar%C3%ADa%20complementar%20su%20Instagram%20con%20una%20p%C3%A1gina%20web%20oficial%20(*ombu-specialty-coffee.cafeterias.todolima.com*)%20con%20bot%C3%B3n%20directo%20a%20WhatsApp%20y%20presencia%20prioritaria%20en%20Todo%20Lima%3F%0A%0ATenemos%20una%20maqueta%20lista%20para%20mostrarles%20sin%20compromiso.%20%C2%BFSe%20las%20comparto%20por%20este%20medio%3F%20%F0%9F%93%B2"
"Antídoto Café",cafeterias,"Miraflores",4.9,84,979039641,NEEDS_WEBSITE,antidoto-cafe.cafeterias.todolima.com,"https://wa.me/51979039641?text=Hola%20equipo%20de%20*Ant%C3%ADdoto%20Caf%C3%A9*%20%F0%9F%91%8B%2C%20los%20saluda%20el%20equipo%20de%20*Todo%20Lima*%20(todolima.com).%0A%0AVimos%20que%20son%20uno%20de%20los%20negocios%20con%20mejor%20reputaci%C3%B3n%20en%20Google%20Maps%20en%20*Miraflores*%20(%E2%AD%90%20*4.9*%20con%2084%20opiniones)%20%C2%A1Felicitaciones%20por%20tan%20buen%20trabajo!%20%F0%9F%91%8F%0A%0ARevisamos%20su%20ficha%20y%20notamos%20que%20*a%C3%BAn%20no%20cuentan%20con%20una%20p%C3%A1gina%20web%20oficial*%20donde%20sus%20clientes%20puedan%20consultar%20sus%20servicios%20y%20agendar%20directamente%20por%20WhatsApp.%0A%0AEn%20*Todo%20Lima*%20creamos%20landing%20pages%20ultrarr%C3%A1pidas%20pensadas%20para%20negocios%20locales%3A%0A%E2%9C%85%20Subdominio%20verificado%3A%20*antidoto-cafe.cafeterias.todolima.com*%0A%E2%9C%85%20Bot%C3%B3n%20de%20WhatsApp%20directo%20para%20recibir%20pedidos%20y%20citas%20al%20instante%0A%E2%9C%85%20Mapa%20interactivo%20para%20que%20lleguen%20a%20su%20local%20en%20Miraflores%0A%E2%9C%85%20Carga%20en%20menos%20de%201%20segundo%20en%20celulares%0A%E2%9C%85%20Ficha%20destacada%20en%20el%20directorio%20todolima.com%0A%0APreparamos%20una%20demostraci%C3%B3n%20sin%20costo%20de%20c%C3%B3mo%20se%20ver%C3%ADa%20la%20web%20de%20*Ant%C3%ADdoto%20Caf%C3%A9*.%20%C2%BFLes%20gustar%C3%ADa%20que%20les%20comparta%20el%20enlace%20de%20prueba%20por%20aqu%C3%AD%3F%20%F0%9F%9A%80"
"Kairos café",cafeterias,"Barranco",4.9,45,948779884,REDESIGN_WEBSITE,kairos-cafe.cafeterias.todolima.com,"https://wa.me/51948779884?text=Hola%20equipo%20de%20*Kairos%20caf%C3%A9*%20%F0%9F%91%8B%2C%20gusto%20en%20saludarlos.%0A%0ALes%20escribimos%20desde%20*Todo%20Lima*.%20Al%20revisar%20a%20los%20referentes%20de%20*Barranco*%20(donde%20ustedes%20destacan%20con%20%E2%AD%90%20*4.9*)%2C%20realizamos%20una%20auditor%C3%ADa%20t%C3%A9cnica%20gratuita%20a%20su%20web%20actual%20(*http%3A%2F%2Fkairoscafeperu.com%2F*).%0A%0ADetectamos%20algunos%20puntos%20cr%C3%ADticos%20que%20podr%C3%ADan%20estar%20frenando%20sus%20consultas%3A%0A%E2%80%A2%20URL%20inv%C3%A1lida%20o%20no%20registrada.%0A%0A%F0%9F%91%89%20*Dato%20clave%3A*%20El%2065%25%20de%20usuarios%20en%20Lima%20abandonan%20una%20web%20si%20no%20encuentran%20un%20bot%C3%B3n%20flotante%20de%20WhatsApp%20para%20consultar%20en%20el%20momento.%0A%0A%0APodemos%20modernizar%20su%20web%20para%20que%20cargue%20al%20instante%20y%20multiplique%20sus%20contactos%20por%20WhatsApp.%20%C2%BFLes%20gustar%C3%ADa%20que%20les%20enviemos%20el%20reporte%20t%C3%A9cnico%20completo%3F%20%F0%9F%93%8A"
"CERRAJERIA MIRAFLORES",cerrajeros,"Miraflores",4.9,1263,989676612,REDESIGN_WEBSITE,cerrajeria-miraflores.cerrajeros.todolima.com,"https://wa.me/51989676612?text=Hola%20equipo%20de%20*CERRAJERIA%20MIRAFLORES*%20%F0%9F%91%8B%2C%20gusto%20en%20saludarlos.%0A%0ALes%20escribimos%20desde%20*Todo%20Lima*.%20Al%20revisar%20a%20los%20referentes%20de%20*Miraflores*%20(donde%20ustedes%20destacan%20con%20%E2%AD%90%20*4.9*)%2C%20realizamos%20una%20auditor%C3%ADa%20t%C3%A9cnica%20gratuita%20a%20su%20web%20actual%20(*https%3A%2F%2Fcerrajeriamiraflores.es%2F*).%0A%0ADetectamos%20algunos%20puntos%20cr%C3%ADticos%20que%20podr%C3%ADan%20estar%20frenando%20sus%20consultas%3A%0A%E2%80%A2%20Tiempo%20de%20carga%20lento%20(3046ms).%20En%20m%C3%B3viles%20el%20usuario%20abandona%20tras%203%20segundos.%0A%E2%80%A2%20No%20tiene%20bot%C3%B3n%20directo%20a%20WhatsApp%20(pierde%20hasta%2060%25%20de%20contactos%20en%20Lima).%0A%E2%80%A2%20Tel%C3%A9fono%20en%20texto%20plano%3A%20el%20cliente%20no%20puede%20llamar%20con%20un%20solo%20toque%20desde%20el%20celular.%0A%0A%F0%9F%91%89%20*Dato%20clave%3A*%20El%2065%25%20de%20usuarios%20en%20Lima%20abandonan%20una%20web%20si%20no%20encuentran%20un%20bot%C3%B3n%20flotante%20de%20WhatsApp%20para%20consultar%20en%20el%20momento.%0A%F0%9F%91%89%20*Velocidad%3A*%20Su%20web%20tarda%203.0s%20en%20responder%2C%20cuando%20el%20est%C3%A1ndar%20recomendado%20para%20m%C3%B3viles%20es%20menor%20a%201.5s.%0A%0APodemos%20modernizar%20su%20web%20para%20que%20cargue%20al%20instante%20y%20multiplique%20sus%20contactos%20por%20WhatsApp.%20%C2%BFLes%20gustar%C3%ADa%20que%20les%20enviemos%20el%20reporte%20t%C3%A9cnico%20completo%3F%20%F0%9F%93%8A"
"Cerrajeros Perú",cerrajeros,"Lince",4.9,121,990556471,REDESIGN_WEBSITE,cerrajeros-peru.cerrajeros.todolima.com,"https://wa.me/51990556471?text=Hola%20equipo%20de%20*Cerrajeros%20Per%C3%BA*%20%F0%9F%91%8B%2C%20gusto%20en%20saludarlos.%0A%0ALes%20escribimos%20desde%20*Todo%20Lima*.%20Al%20revisar%20a%20los%20referentes%20de%20*Lince*%20(donde%20ustedes%20destacan%20con%20%E2%AD%90%20*4.9*)%2C%20realizamos%20una%20auditor%C3%ADa%20t%C3%A9cnica%20gratuita%20a%20su%20web%20actual%20(*https%3A%2F%2Fcerrajerosperu.pe%2F*).%0A%0ADetectamos%20algunos%20puntos%20cr%C3%ADticos%20que%20podr%C3%ADan%20estar%20frenando%20sus%20consultas%3A%0A%E2%80%A2%20Sin%20etiqueta%20de%20t%C3%ADtulo%20principal%20H1%20para%20posicionamiento%20org%C3%A1nico.%0A%E2%80%A2%20No%20tiene%20bot%C3%B3n%20directo%20a%20WhatsApp%20(pierde%20hasta%2060%25%20de%20contactos%20en%20Lima).%0A%E2%80%A2%20Tel%C3%A9fono%20en%20texto%20plano%3A%20el%20cliente%20no%20puede%20llamar%20con%20un%20solo%20toque%20desde%20el%20celular.%0A%0A%F0%9F%91%89%20*Dato%20clave%3A*%20El%2065%25%20de%20usuarios%20en%20Lima%20abandonan%20una%20web%20si%20no%20encuentran%20un%20bot%C3%B3n%20flotante%20de%20WhatsApp%20para%20consultar%20en%20el%20momento.%0A%0A%0APodemos%20modernizar%20su%20web%20para%20que%20cargue%20al%20instante%20y%20multiplique%20sus%20contactos%20por%20WhatsApp.%20%C2%BFLes%20gustar%C3%ADa%20que%20les%20enviemos%20el%20reporte%20t%C3%A9cnico%20completo%3F%20%F0%9F%93%8A"
"Cerrajería Cayo",cerrajeros,"Breña",4.9,21,995367095,NEEDS_WEBSITE,cerrajeria-cayo.cerrajeros.todolima.com,"https://wa.me/51995367095?text=Hola%20equipo%20de%20*Cerrajer%C3%ADa%20Cayo*%20%F0%9F%91%8B%2C%20los%20saluda%20el%20equipo%20de%20*Todo%20Lima*%20(todolima.com).%0A%0AVimos%20que%20son%20uno%20de%20los%20negocios%20con%20mejor%20reputaci%C3%B3n%20en%20Google%20Maps%20en%20*Bre%C3%B1a*%20(%E2%AD%90%20*4.9*%20con%2021%20opiniones)%20%C2%A1Felicitaciones%20por%20tan%20buen%20trabajo!%20%F0%9F%91%8F%0A%0ARevisamos%20su%20ficha%20y%20notamos%20que%20*a%C3%BAn%20no%20cuentan%20con%20una%20p%C3%A1gina%20web%20oficial*%20donde%20sus%20clientes%20puedan%20consultar%20sus%20servicios%20y%20agendar%20directamente%20por%20WhatsApp.%0A%0AEn%20*Todo%20Lima*%20creamos%20landing%20pages%20ultrarr%C3%A1pidas%20pensadas%20para%20negocios%20locales%3A%0A%E2%9C%85%20Subdominio%20verificado%3A%20*cerrajeria-cayo.cerrajeros.todolima.com*%0A%E2%9C%85%20Bot%C3%B3n%20de%20WhatsApp%20directo%20para%20recibir%20pedidos%20y%20citas%20al%20instante%0A%E2%9C%85%20Mapa%20interactivo%20para%20que%20lleguen%20a%20su%20local%20en%20Bre%C3%B1a%0A%E2%9C%85%20Carga%20en%20menos%20de%201%20segundo%20en%20celulares%0A%E2%9C%85%20Ficha%20destacada%20en%20el%20directorio%20todolima.com%0A%0APreparamos%20una%20demostraci%C3%B3n%20sin%20costo%20de%20c%C3%B3mo%20se%20ver%C3%ADa%20la%20web%20de%20*Cerrajer%C3%ADa%20Cayo*.%20%C2%BFLes%20gustar%C3%ADa%20que%20les%20comparta%20el%20enlace%20de%20prueba%20por%20aqu%C3%AD%3F%20%F0%9F%9A%80"
"Cerrajero en pueblo libre",cerrajeros,"Pueblo Libre",4.9,7,946046459,NEEDS_WEBSITE,cerrajero-en-pueblo-libre.cerrajeros.todolima.com,"https://wa.me/51946046459?text=Hola%20equipo%20de%20*Cerrajero%20en%20pueblo%20libre*%20%F0%9F%91%8B%2C%20los%20saluda%20el%20equipo%20de%20*Todo%20Lima*%20(todolima.com).%0A%0AVimos%20que%20son%20uno%20de%20los%20negocios%20con%20mejor%20reputaci%C3%B3n%20en%20Google%20Maps%20en%20*Pueblo%20Libre*%20(%E2%AD%90%20*4.9*%20con%207%20opiniones)%20%C2%A1Felicitaciones%20por%20tan%20buen%20trabajo!%20%F0%9F%91%8F%0A%0ARevisamos%20su%20ficha%20y%20notamos%20que%20*a%C3%BAn%20no%20cuentan%20con%20una%20p%C3%A1gina%20web%20oficial*%20donde%20sus%20clientes%20puedan%20consultar%20sus%20servicios%20y%20agendar%20directamente%20por%20WhatsApp.%0A%0AEn%20*Todo%20Lima*%20creamos%20landing%20pages%20ultrarr%C3%A1pidas%20pensadas%20para%20negocios%20locales%3A%0A%E2%9C%85%20Subdominio%20verificado%3A%20*cerrajero-en-pueblo-libre.cerrajeros.todolima.com*%0A%E2%9C%85%20Bot%C3%B3n%20de%20WhatsApp%20directo%20para%20recibir%20pedidos%20y%20citas%20al%20instante%0A%E2%9C%85%20Mapa%20interactivo%20para%20que%20lleguen%20a%20su%20local%20en%20Pueblo%20Libre%0A%E2%9C%85%20Carga%20en%20menos%20de%201%20segundo%20en%20celulares%0A%E2%9C%85%20Ficha%20destacada%20en%20el%20directorio%20todolima.com%0A%0APreparamos%20una%20demostraci%C3%B3n%20sin%20costo%20de%20c%C3%B3mo%20se%20ver%C3%ADa%20la%20web%20de%20*Cerrajero%20en%20pueblo%20libre*.%20%C2%BFLes%20gustar%C3%ADa%20que%20les%20comparta%20el%20enlace%20de%20prueba%20por%20aqu%C3%AD%3F%20%F0%9F%9A%80"
"Key & service",cerrajeros,"Jesús María",4.9,7,934853947,UPGRADE_SOCIAL,key-service.cerrajeros.todolima.com,"https://wa.me/51934853947?text=Hola%20equipo%20de%20*Key%20%26%20service*%20%F0%9F%91%8B%2C%20les%20escribe%20el%20equipo%20de%20*Todo%20Lima*.%0A%0ARevisamos%20su%20destacada%20presencia%20en%20Google%20Maps%20en%20*Jes%C3%BAs%20Mar%C3%ADa*%20(%E2%AD%90%20*4.9*%20estrellas).%20Notamos%20que%20su%20enlace%20de%20contacto%20actual%20es%20un%20perfil%20de%20*Facebook*.%0A%0AMuchos%20clientes%20que%20buscan%20servicios%20en%20Google%20prefieren%20una%20web%20r%C3%A1pida%20donde%20ver%20cat%C3%A1logo%2C%20fotos%20y%20tarifas%20sin%20tener%20que%20entrar%20a%20una%20red%20social%20o%20ver%20distracciones%20de%20la%20competencia.%0A%0A%C2%BFLes%20interesar%C3%ADa%20complementar%20su%20Facebook%20con%20una%20p%C3%A1gina%20web%20oficial%20(*key-service.cerrajeros.todolima.com*)%20con%20bot%C3%B3n%20directo%20a%20WhatsApp%20y%20presencia%20prioritaria%20en%20Todo%20Lima%3F%0A%0ATenemos%20una%20maqueta%20lista%20para%20mostrarles%20sin%20compromiso.%20%C2%BFSe%20las%20comparto%20por%20este%20medio%3F%20%F0%9F%93%B2"
"Ceviche House",cevicherias,"Miraflores",4.9,795,960728974,NEEDS_WEBSITE,ceviche-house.cevicherias.todolima.com,"https://wa.me/51960728974?text=Hola%20equipo%20de%20*Ceviche%20House*%20%F0%9F%91%8B%2C%20los%20saluda%20el%20equipo%20de%20*Todo%20Lima*%20(todolima.com).%0A%0AVimos%20que%20son%20uno%20de%20los%20negocios%20con%20mejor%20reputaci%C3%B3n%20en%20Google%20Maps%20en%20*Miraflores*%20(%E2%AD%90%20*4.9*%20con%20795%20opiniones)%20%C2%A1Felicitaciones%20por%20tan%20buen%20trabajo!%20%F0%9F%91%8F%0A%0ARevisamos%20su%20ficha%20y%20notamos%20que%20*a%C3%BAn%20no%20cuentan%20con%20una%20p%C3%A1gina%20web%20oficial*%20donde%20sus%20clientes%20puedan%20consultar%20sus%20servicios%20y%20agendar%20directamente%20por%20WhatsApp.%0A%0AEn%20*Todo%20Lima*%20creamos%20landing%20pages%20ultrarr%C3%A1pidas%20pensadas%20para%20negocios%20locales%3A%0A%E2%9C%85%20Subdominio%20verificado%3A%20*ceviche-house.cevicherias.todolima.com*%0A%E2%9C%85%20Bot%C3%B3n%20de%20WhatsApp%20directo%20para%20recibir%20pedidos%20y%20citas%20al%20instante%0A%E2%9C%85%20Mapa%20interactivo%20para%20que%20lleguen%20a%20su%20local%20en%20Miraflores%0A%E2%9C%85%20Carga%20en%20menos%20de%201%20segundo%20en%20celulares%0A%E2%9C%85%20Ficha%20destacada%20en%20el%20directorio%20todolima.com%0A%0APreparamos%20una%20demostraci%C3%B3n%20sin%20costo%20de%20c%C3%B3mo%20se%20ver%C3%ADa%20la%20web%20de%20*Ceviche%20House*.%20%C2%BFLes%20gustar%C3%ADa%20que%20les%20comparta%20el%20enlace%20de%20prueba%20por%20aqu%C3%AD%3F%20%F0%9F%9A%80"
"La Gran Patrona",cevicherias,"Miraflores",4.9,432,925847552,REDESIGN_WEBSITE,la-gran-patrona.cevicherias.todolima.com,"https://wa.me/51925847552?text=Hola%20equipo%20de%20*La%20Gran%20Patrona*%20%F0%9F%91%8B%2C%20gusto%20en%20saludarlos.%0A%0ALes%20escribimos%20desde%20*Todo%20Lima*.%20Al%20revisar%20a%20los%20referentes%20de%20*Miraflores*%20(donde%20ustedes%20destacan%20con%20%E2%AD%90%20*4.9*)%2C%20realizamos%20una%20auditor%C3%ADa%20t%C3%A9cnica%20gratuita%20a%20su%20web%20actual%20(*https%3A%2F%2Fdrive.google.com%2Ffile%2Fd%2F1vD5pOx6Z3Jd6swY6c-UG4NFyKiSrV3J5%2Fview%3Fusp%3Dsharing*).%0A%0ADetectamos%20algunos%20puntos%20cr%C3%ADticos%20que%20podr%C3%ADan%20estar%20frenando%20sus%20consultas%3A%0A%E2%80%A2%20URL%20inv%C3%A1lida%20o%20no%20registrada.%0A%0A%F0%9F%91%89%20*Dato%20clave%3A*%20El%2065%25%20de%20usuarios%20en%20Lima%20abandonan%20una%20web%20si%20no%20encuentran%20un%20bot%C3%B3n%20flotante%20de%20WhatsApp%20para%20consultar%20en%20el%20momento.%0A%0A%0APodemos%20modernizar%20su%20web%20para%20que%20cargue%20al%20instante%20y%20multiplique%20sus%20contactos%20por%20WhatsApp.%20%C2%BFLes%20gustar%C3%ADa%20que%20les%20enviemos%20el%20reporte%20t%C3%A9cnico%20completo%3F%20%F0%9F%93%8A"
"Dental House Kids Odontopediatría y Ortodoncia (Brackets)",dentistas,"Jesús María",4.9,309,922592055,REDESIGN_WEBSITE,dental-house-kids-odontopediat.dentistas.todolima.com,"https://wa.me/51922592055?text=Hola%20equipo%20de%20*Dental%20House%20Kids%20Odontopediatr%C3%ADa%20y%20Ortodoncia%20(Brackets)*%20%F0%9F%91%8B%2C%20gusto%20en%20saludarlos.%0A%0ALes%20escribimos%20desde%20*Todo%20Lima*.%20Al%20revisar%20a%20los%20referentes%20de%20*Jes%C3%BAs%20Mar%C3%ADa*%20(donde%20ustedes%20destacan%20con%20%E2%AD%90%20*4.9*)%2C%20realizamos%20una%20auditor%C3%ADa%20t%C3%A9cnica%20gratuita%20a%20su%20web%20actual%20(*http%3A%2F%2Fwww.odontopediatria.pe%2F*).%0A%0ADetectamos%20algunos%20puntos%20cr%C3%ADticos%20que%20podr%C3%ADan%20estar%20frenando%20sus%20consultas%3A%0A%E2%80%A2%20El%20servidor%20tard%C3%B3%20m%C3%A1s%20de%204s%20en%20responder%20(Timeout).%20El%20sitio%20est%C3%A1%20pr%C3%A1cticamente%20inoperativo%20para%20usuarios%20m%C3%B3viles.%0A%0A%F0%9F%91%89%20*Dato%20clave%3A*%20El%2065%25%20de%20usuarios%20en%20Lima%20abandonan%20una%20web%20si%20no%20encuentran%20un%20bot%C3%B3n%20flotante%20de%20WhatsApp%20para%20consultar%20en%20el%20momento.%0A%F0%9F%91%89%20*Velocidad%3A*%20Su%20web%20tarda%204.0s%20en%20responder%2C%20cuando%20el%20est%C3%A1ndar%20recomendado%20para%20m%C3%B3viles%20es%20menor%20a%201.5s.%0A%0APodemos%20modernizar%20su%20web%20para%20que%20cargue%20al%20instante%20y%20multiplique%20sus%20contactos%20por%20WhatsApp.%20%C2%BFLes%20gustar%C3%ADa%20que%20les%20enviemos%20el%20reporte%20t%C3%A9cnico%20completo%3F%20%F0%9F%93%8A"
"Clínica Dental BOE",dentistas,"Pueblo Libre",4.9,239,992300475,REDESIGN_WEBSITE,clinica-dental-boe.dentistas.todolima.com,"https://wa.me/51992300475?text=Hola%20equipo%20de%20*Cl%C3%ADnica%20Dental%20BOE*%20%F0%9F%91%8B%2C%20gusto%20en%20saludarlos.%0A%0ALes%20escribimos%20desde%20*Todo%20Lima*.%20Al%20revisar%20a%20los%20referentes%20de%20*Pueblo%20Libre*%20(donde%20ustedes%20destacan%20con%20%E2%AD%90%20*4.9*)%2C%20realizamos%20una%20auditor%C3%ADa%20t%C3%A9cnica%20gratuita%20a%20su%20web%20actual%20(*https%3A%2F%2Fclinicadentalboe.com%2F*).%0A%0ADetectamos%20algunos%20puntos%20cr%C3%ADticos%20que%20podr%C3%ADan%20estar%20frenando%20sus%20consultas%3A%0A%E2%80%A2%20El%20servidor%20tard%C3%B3%20m%C3%A1s%20de%204s%20en%20responder%20(Timeout).%20El%20sitio%20est%C3%A1%20pr%C3%A1cticamente%20inoperativo%20para%20usuarios%20m%C3%B3viles.%0A%0A%F0%9F%91%89%20*Dato%20clave%3A*%20El%2065%25%20de%20usuarios%20en%20Lima%20abandonan%20una%20web%20si%20no%20encuentran%20un%20bot%C3%B3n%20flotante%20de%20WhatsApp%20para%20consultar%20en%20el%20momento.%0A%F0%9F%91%89%20*Velocidad%3A*%20Su%20web%20tarda%204.0s%20en%20responder%2C%20cuando%20el%20est%C3%A1ndar%20recomendado%20para%20m%C3%B3viles%20es%20menor%20a%201.5s.%0A%0APodemos%20modernizar%20su%20web%20para%20que%20cargue%20al%20instante%20y%20multiplique%20sus%20contactos%20por%20WhatsApp.%20%C2%BFLes%20gustar%C3%ADa%20que%20les%20enviemos%20el%20reporte%20t%C3%A9cnico%20completo%3F%20%F0%9F%93%8A"
"Romy Flores Odontologia",dentistas,"San Borja",4.9,122,988880498,REDESIGN_WEBSITE,romy-flores-odontologia.dentistas.todolima.com,"https://wa.me/51988880498?text=Hola%20equipo%20de%20*Romy%20Flores%20Odontologia*%20%F0%9F%91%8B%2C%20gusto%20en%20saludarlos.%0A%0ALes%20escribimos%20desde%20*Todo%20Lima*.%20Al%20revisar%20a%20los%20referentes%20de%20*San%20Borja*%20(donde%20ustedes%20destacan%20con%20%E2%AD%90%20*4.9*)%2C%20realizamos%20una%20auditor%C3%ADa%20t%C3%A9cnica%20gratuita%20a%20su%20web%20actual%20(*https%3A%2F%2Fromyfloresodontologia.pe%2F*).%0A%0ADetectamos%20algunos%20puntos%20cr%C3%ADticos%20que%20podr%C3%ADan%20estar%20frenando%20sus%20consultas%3A%0A%E2%80%A2%20El%20servidor%20tard%C3%B3%20m%C3%A1s%20de%204s%20en%20responder%20(Timeout).%20El%20sitio%20est%C3%A1%20pr%C3%A1cticamente%20inoperativo%20para%20usuarios%20m%C3%B3viles.%0A%0A%F0%9F%91%89%20*Dato%20clave%3A*%20El%2065%25%20de%20usuarios%20en%20Lima%20abandonan%20una%20web%20si%20no%20encuentran%20un%20bot%C3%B3n%20flotante%20de%20WhatsApp%20para%20consultar%20en%20el%20momento.%0A%F0%9F%91%89%20*Velocidad%3A*%20Su%20web%20tarda%204.0s%20en%20responder%2C%20cuando%20el%20est%C3%A1ndar%20recomendado%20para%20m%C3%B3viles%20es%20menor%20a%201.5s.%0A%0APodemos%20modernizar%20su%20web%20para%20que%20cargue%20al%20instante%20y%20multiplique%20sus%20contactos%20por%20WhatsApp.%20%C2%BFLes%20gustar%C3%ADa%20que%20les%20enviemos%20el%20reporte%20t%C3%A9cnico%20completo%3F%20%F0%9F%93%8A"
"Multisonrisas Dental By Doctores Molina",dentistas,"Lima",4.9,9,990386035,NEEDS_WEBSITE,multisonrisas-dental-by-doctor.dentistas.todolima.com,"https://wa.me/51990386035?text=Hola%20equipo%20de%20*Multisonrisas%20Dental%20By%20Doctores%20Molina*%20%F0%9F%91%8B%2C%20los%20saluda%20el%20equipo%20de%20*Todo%20Lima*%20(todolima.com).%0A%0AVimos%20que%20son%20uno%20de%20los%20negocios%20con%20mejor%20reputaci%C3%B3n%20en%20Google%20Maps%20en%20*Lima*%20(%E2%AD%90%20*4.9*%20con%209%20opiniones)%20%C2%A1Felicitaciones%20por%20tan%20buen%20trabajo!%20%F0%9F%91%8F%0A%0ARevisamos%20su%20ficha%20y%20notamos%20que%20*a%C3%BAn%20no%20cuentan%20con%20una%20p%C3%A1gina%20web%20oficial*%20donde%20sus%20clientes%20puedan%20consultar%20sus%20servicios%20y%20agendar%20directamente%20por%20WhatsApp.%0A%0AEn%20*Todo%20Lima*%20creamos%20landing%20pages%20ultrarr%C3%A1pidas%20pensadas%20para%20negocios%20locales%3A%0A%E2%9C%85%20Subdominio%20verificado%3A%20*multisonrisas-dental-by-doctor.dentistas.todolima.com*%0A%E2%9C%85%20Bot%C3%B3n%20de%20WhatsApp%20directo%20para%20recibir%20pedidos%20y%20citas%20al%20instante%0A%E2%9C%85%20Mapa%20interactivo%20para%20que%20lleguen%20a%20su%20local%20en%20Lima%0A%E2%9C%85%20Carga%20en%20menos%20de%201%20segundo%20en%20celulares%0A%E2%9C%85%20Ficha%20destacada%20en%20el%20directorio%20todolima.com%0A%0APreparamos%20una%20demostraci%C3%B3n%20sin%20costo%20de%20c%C3%B3mo%20se%20ver%C3%ADa%20la%20web%20de%20*Multisonrisas%20Dental%20By%20Doctores%20Molina*.%20%C2%BFLes%20gustar%C3%ADa%20que%20les%20comparta%20el%20enlace%20de%20prueba%20por%20aqu%C3%AD%3F%20%F0%9F%9A%80"
"Uniformes médicos Jhampier",doctores,"Lima",4.9,54,947836140,NEEDS_WEBSITE,uniformes-medicos-jhampier.doctores.todolima.com,"https://wa.me/51947836140?text=Hola%20equipo%20de%20*Uniformes%20m%C3%A9dicos%20Jhampier*%20%F0%9F%91%8B%2C%20los%20saluda%20el%20equipo%20de%20*Todo%20Lima*%20(todolima.com).%0A%0AVimos%20que%20son%20uno%20de%20los%20negocios%20con%20mejor%20reputaci%C3%B3n%20en%20Google%20Maps%20en%20*Lima*%20(%E2%AD%90%20*4.9*%20con%2054%20opiniones)%20%C2%A1Felicitaciones%20por%20tan%20buen%20trabajo!%20%F0%9F%91%8F%0A%0ARevisamos%20su%20ficha%20y%20notamos%20que%20*a%C3%BAn%20no%20cuentan%20con%20una%20p%C3%A1gina%20web%20oficial*%20donde%20sus%20clientes%20puedan%20consultar%20sus%20servicios%20y%20agendar%20directamente%20por%20WhatsApp.%0A%0AEn%20*Todo%20Lima*%20creamos%20landing%20pages%20ultrarr%C3%A1pidas%20pensadas%20para%20negocios%20locales%3A%0A%E2%9C%85%20Subdominio%20verificado%3A%20*uniformes-medicos-jhampier.doctores.todolima.com*%0A%E2%9C%85%20Bot%C3%B3n%20de%20WhatsApp%20directo%20para%20recibir%20pedidos%20y%20citas%20al%20instante%0A%E2%9C%85%20Mapa%20interactivo%20para%20que%20lleguen%20a%20su%20local%20en%20Lima%0A%E2%9C%85%20Carga%20en%20menos%20de%201%20segundo%20en%20celulares%0A%E2%9C%85%20Ficha%20destacada%20en%20el%20directorio%20todolima.com%0A%0APreparamos%20una%20demostraci%C3%B3n%20sin%20costo%20de%20c%C3%B3mo%20se%20ver%C3%ADa%20la%20web%20de%20*Uniformes%20m%C3%A9dicos%20Jhampier*.%20%C2%BFLes%20gustar%C3%ADa%20que%20les%20comparta%20el%20enlace%20de%20prueba%20por%20aqu%C3%AD%3F%20%F0%9F%9A%80"
"NOPAIN Fisioterapia y Rehabilitación - Miraflores",fisioterapia,"Miraflores",4.9,40,976953599,REDESIGN_WEBSITE,nopain-fisioterapia-y-rehabili.fisioterapia.todolima.com,"https://wa.me/51976953599?text=Hola%20equipo%20de%20*NOPAIN%20Fisioterapia%20y%20Rehabilitaci%C3%B3n%20-%20Miraflores*%20%F0%9F%91%8B%2C%20gusto%20en%20saludarlos.%0A%0ALes%20escribimos%20desde%20*Todo%20Lima*.%20Al%20revisar%20a%20los%20referentes%20de%20*Miraflores*%20(donde%20ustedes%20destacan%20con%20%E2%AD%90%20*4.9*)%2C%20realizamos%20una%20auditor%C3%ADa%20t%C3%A9cnica%20gratuita%20a%20su%20web%20actual%20(*https%3A%2F%2Fwww.nopain.com.pe%2F*).%0A%0ADetectamos%20algunos%20puntos%20cr%C3%ADticos%20que%20podr%C3%ADan%20estar%20frenando%20sus%20consultas%3A%0A%E2%80%A2%20T%C3%ADtulo%20SEO%20con%20longitud%20mejorable%20(6%20caracteres).%0A%E2%80%A2%20Carece%20de%20meta-descripci%C3%B3n%20optimizada%20para%20b%C3%BAsquedas%20en%20Google.%0A%E2%80%A2%20Sin%20etiqueta%20de%20t%C3%ADtulo%20principal%20H1%20para%20posicionamiento%20org%C3%A1nico.%0A%0A%F0%9F%91%89%20*Dato%20clave%3A*%20El%2065%25%20de%20usuarios%20en%20Lima%20abandonan%20una%20web%20si%20no%20encuentran%20un%20bot%C3%B3n%20flotante%20de%20WhatsApp%20para%20consultar%20en%20el%20momento.%0A%0A%0APodemos%20modernizar%20su%20web%20para%20que%20cargue%20al%20instante%20y%20multiplique%20sus%20contactos%20por%20WhatsApp.%20%C2%BFLes%20gustar%C3%ADa%20que%20les%20enviemos%20el%20reporte%20t%C3%A9cnico%20completo%3F%20%F0%9F%93%8A"
"Fisiodinámica - Sede Miraflores - Centro de Fisioterapia, Osteopatía y Rehabilitación",fisioterapia,"Miraflores",4.9,34,934960801,REDESIGN_WEBSITE,fisiodinamica-sede-miraflores-.fisioterapia.todolima.com,"https://wa.me/51934960801?text=Hola%20equipo%20de%20*Fisiodin%C3%A1mica%20-%20Sede%20Miraflores%20-%20Centro%20de%20Fisioterapia%2C%20Osteopat%C3%ADa%20y%20Rehabilitaci%C3%B3n*%20%F0%9F%91%8B%2C%20gusto%20en%20saludarlos.%0A%0ALes%20escribimos%20desde%20*Todo%20Lima*.%20Al%20revisar%20a%20los%20referentes%20de%20*Miraflores*%20(donde%20ustedes%20destacan%20con%20%E2%AD%90%20*4.9*)%2C%20realizamos%20una%20auditor%C3%ADa%20t%C3%A9cnica%20gratuita%20a%20su%20web%20actual%20(*https%3A%2F%2Fwww.fisiodinamica.pe%2F*).%0A%0ADetectamos%20algunos%20puntos%20cr%C3%ADticos%20que%20podr%C3%ADan%20estar%20frenando%20sus%20consultas%3A%0A%E2%80%A2%20El%20servidor%20tard%C3%B3%20m%C3%A1s%20de%204s%20en%20responder%20(Timeout).%20El%20sitio%20est%C3%A1%20pr%C3%A1cticamente%20inoperativo%20para%20usuarios%20m%C3%B3viles.%0A%0A%F0%9F%91%89%20*Dato%20clave%3A*%20El%2065%25%20de%20usuarios%20en%20Lima%20abandonan%20una%20web%20si%20no%20encuentran%20un%20bot%C3%B3n%20flotante%20de%20WhatsApp%20para%20consultar%20en%20el%20momento.%0A%F0%9F%91%89%20*Velocidad%3A*%20Su%20web%20tarda%204.0s%20en%20responder%2C%20cuando%20el%20est%C3%A1ndar%20recomendado%20para%20m%C3%B3viles%20es%20menor%20a%201.5s.%0A%0APodemos%20modernizar%20su%20web%20para%20que%20cargue%20al%20instante%20y%20multiplique%20sus%20contactos%20por%20WhatsApp.%20%C2%BFLes%20gustar%C3%ADa%20que%20les%20enviemos%20el%20reporte%20t%C3%A9cnico%20completo%3F%20%F0%9F%93%8A"
"Tienda de Arte y Papeleria | Artemas - Materiales de Arquitectura y Diseño en Lima",pintores,"Lima",4.9,387,939803852,REDESIGN_WEBSITE,tienda-de-arte-y-papeleria-art.pintores.todolima.com,"https://wa.me/51939803852?text=Hola%20equipo%20de%20*Tienda%20de%20Arte%20y%20Papeleria%20%7C%20Artemas%20-%20Materiales%20de%20Arquitectura%20y%20Dise%C3%B1o%20en%20Lima*%20%F0%9F%91%8B%2C%20gusto%20en%20saludarlos.%0A%0ALes%20escribimos%20desde%20*Todo%20Lima*.%20Al%20revisar%20a%20los%20referentes%20de%20*Lima*%20(donde%20ustedes%20destacan%20con%20%E2%AD%90%20*4.9*)%2C%20realizamos%20una%20auditor%C3%ADa%20t%C3%A9cnica%20gratuita%20a%20su%20web%20actual%20(*https%3A%2F%2Ftiendartemas.com%2F*).%0A%0ADetectamos%20algunos%20puntos%20cr%C3%ADticos%20que%20podr%C3%ADan%20estar%20frenando%20sus%20consultas%3A%0A%E2%80%A2%20Sin%20etiqueta%20de%20t%C3%ADtulo%20principal%20H1%20para%20posicionamiento%20org%C3%A1nico.%0A%E2%80%A2%20No%20tiene%20bot%C3%B3n%20directo%20a%20WhatsApp%20(pierde%20hasta%2060%25%20de%20contactos%20en%20Lima).%0A%0A%F0%9F%91%89%20*Dato%20clave%3A*%20El%2065%25%20de%20usuarios%20en%20Lima%20abandonan%20una%20web%20si%20no%20encuentran%20un%20bot%C3%B3n%20flotante%20de%20WhatsApp%20para%20consultar%20en%20el%20momento.%0A%0A%0APodemos%20modernizar%20su%20web%20para%20que%20cargue%20al%20instante%20y%20multiplique%20sus%20contactos%20por%20WhatsApp.%20%C2%BFLes%20gustar%C3%ADa%20que%20les%20enviemos%20el%20reporte%20t%C3%A9cnico%20completo%3F%20%F0%9F%93%8A"
"AMICI PIZZERIA",pizzerias,"Miraflores",4.9,527,937180605,UPGRADE_SOCIAL,amici-pizzeria.pizzerias.todolima.com,"https://wa.me/51937180605?text=Hola%20equipo%20de%20*AMICI%20PIZZERIA*%20%F0%9F%91%8B%2C%20les%20escribe%20el%20equipo%20de%20*Todo%20Lima*.%0A%0ARevisamos%20su%20destacada%20presencia%20en%20Google%20Maps%20en%20*Miraflores*%20(%E2%AD%90%20*4.9*%20estrellas).%20Notamos%20que%20su%20enlace%20de%20contacto%20actual%20es%20un%20perfil%20de%20*Linktree*.%0A%0AMuchos%20clientes%20que%20buscan%20servicios%20en%20Google%20prefieren%20una%20web%20r%C3%A1pida%20donde%20ver%20cat%C3%A1logo%2C%20fotos%20y%20tarifas%20sin%20tener%20que%20entrar%20a%20una%20red%20social%20o%20ver%20distracciones%20de%20la%20competencia.%0A%0A%C2%BFLes%20interesar%C3%ADa%20complementar%20su%20Linktree%20con%20una%20p%C3%A1gina%20web%20oficial%20(*amici-pizzeria.pizzerias.todolima.com*)%20con%20bot%C3%B3n%20directo%20a%20WhatsApp%20y%20presencia%20prioritaria%20en%20Todo%20Lima%3F%0A%0ATenemos%20una%20maqueta%20lista%20para%20mostrarles%20sin%20compromiso.%20%C2%BFSe%20las%20comparto%20por%20este%20medio%3F%20%F0%9F%93%B2"
"PIZZERÍA AMORE E PIZZA Miraflores",pizzerias,"Miraflores",4.9,314,953145119,REDESIGN_WEBSITE,pizzeria-amore-e-pizza-miraflo.pizzerias.todolima.com,"https://wa.me/51953145119?text=Hola%20equipo%20de%20*PIZZER%C3%8DA%20AMORE%20E%20PIZZA%20Miraflores*%20%F0%9F%91%8B%2C%20gusto%20en%20saludarlos.%0A%0ALes%20escribimos%20desde%20*Todo%20Lima*.%20Al%20revisar%20a%20los%20referentes%20de%20*Miraflores*%20(donde%20ustedes%20destacan%20con%20%E2%AD%90%20*4.9*)%2C%20realizamos%20una%20auditor%C3%ADa%20t%C3%A9cnica%20gratuita%20a%20su%20web%20actual%20(*http%3A%2F%2Famore-epizza.com%2F*).%0A%0ADetectamos%20algunos%20puntos%20cr%C3%ADticos%20que%20podr%C3%ADan%20estar%20frenando%20sus%20consultas%3A%0A%E2%80%A2%20URL%20inv%C3%A1lida%20o%20no%20registrada.%0A%0A%F0%9F%91%89%20*Dato%20clave%3A*%20El%2065%25%20de%20usuarios%20en%20Lima%20abandonan%20una%20web%20si%20no%20encuentran%20un%20bot%C3%B3n%20flotante%20de%20WhatsApp%20para%20consultar%20en%20el%20momento.%0A%0A%0APodemos%20modernizar%20su%20web%20para%20que%20cargue%20al%20instante%20y%20multiplique%20sus%20contactos%20por%20WhatsApp.%20%C2%BFLes%20gustar%C3%ADa%20que%20les%20enviemos%20el%20reporte%20t%C3%A9cnico%20completo%3F%20%F0%9F%93%8A"
"Pizza Locale",pizzerias,"Lince",4.9,94,940251934,NEEDS_WEBSITE,pizza-locale.pizzerias.todolima.com,"https://wa.me/51940251934?text=Hola%20equipo%20de%20*Pizza%20Locale*%20%F0%9F%91%8B%2C%20los%20saluda%20el%20equipo%20de%20*Todo%20Lima*%20(todolima.com).%0A%0AVimos%20que%20son%20uno%20de%20los%20negocios%20con%20mejor%20reputaci%C3%B3n%20en%20Google%20Maps%20en%20*Lince*%20(%E2%AD%90%20*4.9*%20con%2094%20opiniones)%20%C2%A1Felicitaciones%20por%20tan%20buen%20trabajo!%20%F0%9F%91%8F%0A%0ARevisamos%20su%20ficha%20y%20notamos%20que%20*a%C3%BAn%20no%20cuentan%20con%20una%20p%C3%A1gina%20web%20oficial*%20donde%20sus%20clientes%20puedan%20consultar%20sus%20servicios%20y%20agendar%20directamente%20por%20WhatsApp.%0A%0AEn%20*Todo%20Lima*%20creamos%20landing%20pages%20ultrarr%C3%A1pidas%20pensadas%20para%20negocios%20locales%3A%0A%E2%9C%85%20Subdominio%20verificado%3A%20*pizza-locale.pizzerias.todolima.com*%0A%E2%9C%85%20Bot%C3%B3n%20de%20WhatsApp%20directo%20para%20recibir%20pedidos%20y%20citas%20al%20instante%0A%E2%9C%85%20Mapa%20interactivo%20para%20que%20lleguen%20a%20su%20local%20en%20Lince%0A%E2%9C%85%20Carga%20en%20menos%20de%201%20segundo%20en%20celulares%0A%E2%9C%85%20Ficha%20destacada%20en%20el%20directorio%20todolima.com%0A%0APreparamos%20una%20demostraci%C3%B3n%20sin%20costo%20de%20c%C3%B3mo%20se%20ver%C3%ADa%20la%20web%20de%20*Pizza%20Locale*.%20%C2%BFLes%20gustar%C3%ADa%20que%20les%20comparta%20el%20enlace%20de%20prueba%20por%20aqu%C3%AD%3F%20%F0%9F%9A%80"
"Papalizpizza",pizzerias,"Chorrillos",4.9,78,947749908,NEEDS_WEBSITE,papalizpizza.pizzerias.todolima.com,"https://wa.me/51947749908?text=Hola%20equipo%20de%20*Papalizpizza*%20%F0%9F%91%8B%2C%20los%20saluda%20el%20equipo%20de%20*Todo%20Lima*%20(todolima.com).%0A%0AVimos%20que%20son%20uno%20de%20los%20negocios%20con%20mejor%20reputaci%C3%B3n%20en%20Google%20Maps%20en%20*Chorrillos*%20(%E2%AD%90%20*4.9*%20con%2078%20opiniones)%20%C2%A1Felicitaciones%20por%20tan%20buen%20trabajo!%20%F0%9F%91%8F%0A%0ARevisamos%20su%20ficha%20y%20notamos%20que%20*a%C3%BAn%20no%20cuentan%20con%20una%20p%C3%A1gina%20web%20oficial*%20donde%20sus%20clientes%20puedan%20consultar%20sus%20servicios%20y%20agendar%20directamente%20por%20WhatsApp.%0A%0AEn%20*Todo%20Lima*%20creamos%20landing%20pages%20ultrarr%C3%A1pidas%20pensadas%20para%20negocios%20locales%3A%0A%E2%9C%85%20Subdominio%20verificado%3A%20*papalizpizza.pizzerias.todolima.com*%0A%E2%9C%85%20Bot%C3%B3n%20de%20WhatsApp%20directo%20para%20recibir%20pedidos%20y%20citas%20al%20instante%0A%E2%9C%85%20Mapa%20interactivo%20para%20que%20lleguen%20a%20su%20local%20en%20Chorrillos%0A%E2%9C%85%20Carga%20en%20menos%20de%201%20segundo%20en%20celulares%0A%E2%9C%85%20Ficha%20destacada%20en%20el%20directorio%20todolima.com%0A%0APreparamos%20una%20demostraci%C3%B3n%20sin%20costo%20de%20c%C3%B3mo%20se%20ver%C3%ADa%20la%20web%20de%20*Papalizpizza*.%20%C2%BFLes%20gustar%C3%ADa%20que%20les%20comparta%20el%20enlace%20de%20prueba%20por%20aqu%C3%AD%3F%20%F0%9F%9A%80"
"Valentina Pizza Artesanal",pizzerias,"Barranco",4.9,29,986327727,UPGRADE_SOCIAL,valentina-pizza-artesanal.pizzerias.todolima.com,"https://wa.me/51986327727?text=Hola%20equipo%20de%20*Valentina%20Pizza%20Artesanal*%20%F0%9F%91%8B%2C%20les%20escribe%20el%20equipo%20de%20*Todo%20Lima*.%0A%0ARevisamos%20su%20destacada%20presencia%20en%20Google%20Maps%20en%20*Barranco*%20(%E2%AD%90%20*4.9*%20estrellas).%20Notamos%20que%20su%20enlace%20de%20contacto%20actual%20es%20un%20perfil%20de%20*Instagram*.%0A%0AMuchos%20clientes%20que%20buscan%20servicios%20en%20Google%20prefieren%20una%20web%20r%C3%A1pida%20donde%20ver%20cat%C3%A1logo%2C%20fotos%20y%20tarifas%20sin%20tener%20que%20entrar%20a%20una%20red%20social%20o%20ver%20distracciones%20de%20la%20competencia.%0A%0A%C2%BFLes%20interesar%C3%ADa%20complementar%20su%20Instagram%20con%20una%20p%C3%A1gina%20web%20oficial%20(*valentina-pizza-artesanal.pizzerias.todolima.com*)%20con%20bot%C3%B3n%20directo%20a%20WhatsApp%20y%20presencia%20prioritaria%20en%20Todo%20Lima%3F%0A%0ATenemos%20una%20maqueta%20lista%20para%20mostrarles%20sin%20compromiso.%20%C2%BFSe%20las%20comparto%20por%20este%20medio%3F%20%F0%9F%93%B2"
"Venta de Pollo fresco por mayor y menor - IL POLLO",pollerias,"San Martín de Porres",4.9,12,921740130,NEEDS_WEBSITE,venta-de-pollo-fresco-por-mayo.pollerias.todolima.com,"https://wa.me/51921740130?text=Hola%20equipo%20de%20*Venta%20de%20Pollo%20fresco%20por%20mayor%20y%20menor%20-%20IL%20POLLO*%20%F0%9F%91%8B%2C%20los%20saluda%20el%20equipo%20de%20*Todo%20Lima*%20(todolima.com).%0A%0AVimos%20que%20son%20uno%20de%20los%20negocios%20con%20mejor%20reputaci%C3%B3n%20en%20Google%20Maps%20en%20*San%20Mart%C3%ADn%20de%20Porres*%20(%E2%AD%90%20*4.9*%20con%2012%20opiniones)%20%C2%A1Felicitaciones%20por%20tan%20buen%20trabajo!%20%F0%9F%91%8F%0A%0ARevisamos%20su%20ficha%20y%20notamos%20que%20*a%C3%BAn%20no%20cuentan%20con%20una%20p%C3%A1gina%20web%20oficial*%20donde%20sus%20clientes%20puedan%20consultar%20sus%20servicios%20y%20agendar%20directamente%20por%20WhatsApp.%0A%0AEn%20*Todo%20Lima*%20creamos%20landing%20pages%20ultrarr%C3%A1pidas%20pensadas%20para%20negocios%20locales%3A%0A%E2%9C%85%20Subdominio%20verificado%3A%20*venta-de-pollo-fresco-por-mayo.pollerias.todolima.com*%0A%E2%9C%85%20Bot%C3%B3n%20de%20WhatsApp%20directo%20para%20recibir%20pedidos%20y%20citas%20al%20instante%0A%E2%9C%85%20Mapa%20interactivo%20para%20que%20lleguen%20a%20su%20local%20en%20San%20Mart%C3%ADn%20de%20Porres%0A%E2%9C%85%20Carga%20en%20menos%20de%201%20segundo%20en%20celulares%0A%E2%9C%85%20Ficha%20destacada%20en%20el%20directorio%20todolima.com%0A%0APreparamos%20una%20demostraci%C3%B3n%20sin%20costo%20de%20c%C3%B3mo%20se%20ver%C3%ADa%20la%20web%20de%20*Venta%20de%20Pollo%20fresco%20por%20mayor%20y%20menor%20-%20IL%20POLLO*.%20%C2%BFLes%20gustar%C3%ADa%20que%20les%20comparta%20el%20enlace%20de%20prueba%20por%20aqu%C3%AD%3F%20%F0%9F%9A%80"
"Café Luna Nueva - San Martín",cafeterias,"Barranco",4.8,1774,957336087,NEEDS_WEBSITE,cafe-luna-nueva-san-martin.cafeterias.todolima.com,"https://wa.me/51957336087?text=Hola%20equipo%20de%20*Caf%C3%A9%20Luna%20Nueva%20-%20San%20Mart%C3%ADn*%20%F0%9F%91%8B%2C%20los%20saluda%20el%20equipo%20de%20*Todo%20Lima*%20(todolima.com).%0A%0AVimos%20que%20son%20uno%20de%20los%20negocios%20con%20mejor%20reputaci%C3%B3n%20en%20Google%20Maps%20en%20*Barranco*%20(%E2%AD%90%20*4.8*%20con%201774%20opiniones)%20%C2%A1Felicitaciones%20por%20tan%20buen%20trabajo!%20%F0%9F%91%8F%0A%0ARevisamos%20su%20ficha%20y%20notamos%20que%20*a%C3%BAn%20no%20cuentan%20con%20una%20p%C3%A1gina%20web%20oficial*%20donde%20sus%20clientes%20puedan%20consultar%20sus%20servicios%20y%20agendar%20directamente%20por%20WhatsApp.%0A%0AEn%20*Todo%20Lima*%20creamos%20landing%20pages%20ultrarr%C3%A1pidas%20pensadas%20para%20negocios%20locales%3A%0A%E2%9C%85%20Subdominio%20verificado%3A%20*cafe-luna-nueva-san-martin.cafeterias.todolima.com*%0A%E2%9C%85%20Bot%C3%B3n%20de%20WhatsApp%20directo%20para%20recibir%20pedidos%20y%20citas%20al%20instante%0A%E2%9C%85%20Mapa%20interactivo%20para%20que%20lleguen%20a%20su%20local%20en%20Barranco%0A%E2%9C%85%20Carga%20en%20menos%20de%201%20segundo%20en%20celulares%0A%E2%9C%85%20Ficha%20destacada%20en%20el%20directorio%20todolima.com%0A%0APreparamos%20una%20demostraci%C3%B3n%20sin%20costo%20de%20c%C3%B3mo%20se%20ver%C3%ADa%20la%20web%20de%20*Caf%C3%A9%20Luna%20Nueva%20-%20San%20Mart%C3%ADn*.%20%C2%BFLes%20gustar%C3%ADa%20que%20les%20comparta%20el%20enlace%20de%20prueba%20por%20aqu%C3%AD%3F%20%F0%9F%9A%80"
"Lima Focacceria",cafeterias,"Miraflores",4.8,227,937743015,NEEDS_WEBSITE,lima-focacceria.cafeterias.todolima.com,"https://wa.me/51937743015?text=Hola%20equipo%20de%20*Lima%20Focacceria*%20%F0%9F%91%8B%2C%20los%20saluda%20el%20equipo%20de%20*Todo%20Lima*%20(todolima.com).%0A%0AVimos%20que%20son%20uno%20de%20los%20negocios%20con%20mejor%20reputaci%C3%B3n%20en%20Google%20Maps%20en%20*Miraflores*%20(%E2%AD%90%20*4.8*%20con%20227%20opiniones)%20%C2%A1Felicitaciones%20por%20tan%20buen%20trabajo!%20%F0%9F%91%8F%0A%0ARevisamos%20su%20ficha%20y%20notamos%20que%20*a%C3%BAn%20no%20cuentan%20con%20una%20p%C3%A1gina%20web%20oficial*%20donde%20sus%20clientes%20puedan%20consultar%20sus%20servicios%20y%20agendar%20directamente%20por%20WhatsApp.%0A%0AEn%20*Todo%20Lima*%20creamos%20landing%20pages%20ultrarr%C3%A1pidas%20pensadas%20para%20negocios%20locales%3A%0A%E2%9C%85%20Subdominio%20verificado%3A%20*lima-focacceria.cafeterias.todolima.com*%0A%E2%9C%85%20Bot%C3%B3n%20de%20WhatsApp%20directo%20para%20recibir%20pedidos%20y%20citas%20al%20instante%0A%E2%9C%85%20Mapa%20interactivo%20para%20que%20lleguen%20a%20su%20local%20en%20Miraflores%0A%E2%9C%85%20Carga%20en%20menos%20de%201%20segundo%20en%20celulares%0A%E2%9C%85%20Ficha%20destacada%20en%20el%20directorio%20todolima.com%0A%0APreparamos%20una%20demostraci%C3%B3n%20sin%20costo%20de%20c%C3%B3mo%20se%20ver%C3%ADa%20la%20web%20de%20*Lima%20Focacceria*.%20%C2%BFLes%20gustar%C3%ADa%20que%20les%20comparta%20el%20enlace%20de%20prueba%20por%20aqu%C3%AD%3F%20%F0%9F%9A%80"
"DULCE CIUDAD - MIRAFLORES",cafeterias,"Miraflores",4.8,196,902250328,UPGRADE_SOCIAL,dulce-ciudad-miraflores.cafeterias.todolima.com,"https://wa.me/51902250328?text=Hola%20equipo%20de%20*DULCE%20CIUDAD%20-%20MIRAFLORES*%20%F0%9F%91%8B%2C%20les%20escribe%20el%20equipo%20de%20*Todo%20Lima*.%0A%0ARevisamos%20su%20destacada%20presencia%20en%20Google%20Maps%20en%20*Miraflores*%20(%E2%AD%90%20*4.8*%20estrellas).%20Notamos%20que%20su%20enlace%20de%20contacto%20actual%20es%20un%20perfil%20de%20*Facebook*.%0A%0AMuchos%20clientes%20que%20buscan%20servicios%20en%20Google%20prefieren%20una%20web%20r%C3%A1pida%20donde%20ver%20cat%C3%A1logo%2C%20fotos%20y%20tarifas%20sin%20tener%20que%20entrar%20a%20una%20red%20social%20o%20ver%20distracciones%20de%20la%20competencia.%0A%0A%C2%BFLes%20interesar%C3%ADa%20complementar%20su%20Facebook%20con%20una%20p%C3%A1gina%20web%20oficial%20(*dulce-ciudad-miraflores.cafeterias.todolima.com*)%20con%20bot%C3%B3n%20directo%20a%20WhatsApp%20y%20presencia%20prioritaria%20en%20Todo%20Lima%3F%0A%0ATenemos%20una%20maqueta%20lista%20para%20mostrarles%20sin%20compromiso.%20%C2%BFSe%20las%20comparto%20por%20este%20medio%3F%20%F0%9F%93%B2"
"COSMO©️ café",cafeterias,"Barranco",4.8,180,908812549,NEEDS_WEBSITE,cosmo-cafe.cafeterias.todolima.com,"https://wa.me/51908812549?text=Hola%20equipo%20de%20*COSMO%C2%A9%EF%B8%8F%20caf%C3%A9*%20%F0%9F%91%8B%2C%20los%20saluda%20el%20equipo%20de%20*Todo%20Lima*%20(todolima.com).%0A%0AVimos%20que%20son%20uno%20de%20los%20negocios%20con%20mejor%20reputaci%C3%B3n%20en%20Google%20Maps%20en%20*Barranco*%20(%E2%AD%90%20*4.8*%20con%20180%20opiniones)%20%C2%A1Felicitaciones%20por%20tan%20buen%20trabajo!%20%F0%9F%91%8F%0A%0ARevisamos%20su%20ficha%20y%20notamos%20que%20*a%C3%BAn%20no%20cuentan%20con%20una%20p%C3%A1gina%20web%20oficial*%20donde%20sus%20clientes%20puedan%20consultar%20sus%20servicios%20y%20agendar%20directamente%20por%20WhatsApp.%0A%0AEn%20*Todo%20Lima*%20creamos%20landing%20pages%20ultrarr%C3%A1pidas%20pensadas%20para%20negocios%20locales%3A%0A%E2%9C%85%20Subdominio%20verificado%3A%20*cosmo-cafe.cafeterias.todolima.com*%0A%E2%9C%85%20Bot%C3%B3n%20de%20WhatsApp%20directo%20para%20recibir%20pedidos%20y%20citas%20al%20instante%0A%E2%9C%85%20Mapa%20interactivo%20para%20que%20lleguen%20a%20su%20local%20en%20Barranco%0A%E2%9C%85%20Carga%20en%20menos%20de%201%20segundo%20en%20celulares%0A%E2%9C%85%20Ficha%20destacada%20en%20el%20directorio%20todolima.com%0A%0APreparamos%20una%20demostraci%C3%B3n%20sin%20costo%20de%20c%C3%B3mo%20se%20ver%C3%ADa%20la%20web%20de%20*COSMO%C2%A9%EF%B8%8F%20caf%C3%A9*.%20%C2%BFLes%20gustar%C3%ADa%20que%20les%20comparta%20el%20enlace%20de%20prueba%20por%20aqu%C3%AD%3F%20%F0%9F%9A%80"
"Maria Huallaga Cafetería",cafeterias,"Miraflores",4.8,108,994290097,NEEDS_WEBSITE,maria-huallaga-cafeteria.cafeterias.todolima.com,"https://wa.me/51994290097?text=Hola%20equipo%20de%20*Maria%20Huallaga%20Cafeter%C3%ADa*%20%F0%9F%91%8B%2C%20los%20saluda%20el%20equipo%20de%20*Todo%20Lima*%20(todolima.com).%0A%0AVimos%20que%20son%20uno%20de%20los%20negocios%20con%20mejor%20reputaci%C3%B3n%20en%20Google%20Maps%20en%20*Miraflores*%20(%E2%AD%90%20*4.8*%20con%20108%20opiniones)%20%C2%A1Felicitaciones%20por%20tan%20buen%20trabajo!%20%F0%9F%91%8F%0A%0ARevisamos%20su%20ficha%20y%20notamos%20que%20*a%C3%BAn%20no%20cuentan%20con%20una%20p%C3%A1gina%20web%20oficial*%20donde%20sus%20clientes%20puedan%20consultar%20sus%20servicios%20y%20agendar%20directamente%20por%20WhatsApp.%0A%0AEn%20*Todo%20Lima*%20creamos%20landing%20pages%20ultrarr%C3%A1pidas%20pensadas%20para%20negocios%20locales%3A%0A%E2%9C%85%20Subdominio%20verificado%3A%20*maria-huallaga-cafeteria.cafeterias.todolima.com*%0A%E2%9C%85%20Bot%C3%B3n%20de%20WhatsApp%20directo%20para%20recibir%20pedidos%20y%20citas%20al%20instante%0A%E2%9C%85%20Mapa%20interactivo%20para%20que%20lleguen%20a%20su%20local%20en%20Miraflores%0A%E2%9C%85%20Carga%20en%20menos%20de%201%20segundo%20en%20celulares%0A%E2%9C%85%20Ficha%20destacada%20en%20el%20directorio%20todolima.com%0A%0APreparamos%20una%20demostraci%C3%B3n%20sin%20costo%20de%20c%C3%B3mo%20se%20ver%C3%ADa%20la%20web%20de%20*Maria%20Huallaga%20Cafeter%C3%ADa*.%20%C2%BFLes%20gustar%C3%ADa%20que%20les%20comparta%20el%20enlace%20de%20prueba%20por%20aqu%C3%AD%3F%20%F0%9F%9A%80"
"Ursa Coffee Roasters",cafeterias,"Miraflores",4.8,74,938636645,NEEDS_WEBSITE,ursa-coffee-roasters.cafeterias.todolima.com,"https://wa.me/51938636645?text=Hola%20equipo%20de%20*Ursa%20Coffee%20Roasters*%20%F0%9F%91%8B%2C%20los%20saluda%20el%20equipo%20de%20*Todo%20Lima*%20(todolima.com).%0A%0AVimos%20que%20son%20uno%20de%20los%20negocios%20con%20mejor%20reputaci%C3%B3n%20en%20Google%20Maps%20en%20*Miraflores*%20(%E2%AD%90%20*4.8*%20con%2074%20opiniones)%20%C2%A1Felicitaciones%20por%20tan%20buen%20trabajo!%20%F0%9F%91%8F%0A%0ARevisamos%20su%20ficha%20y%20notamos%20que%20*a%C3%BAn%20no%20cuentan%20con%20una%20p%C3%A1gina%20web%20oficial*%20donde%20sus%20clientes%20puedan%20consultar%20sus%20servicios%20y%20agendar%20directamente%20por%20WhatsApp.%0A%0AEn%20*Todo%20Lima*%20creamos%20landing%20pages%20ultrarr%C3%A1pidas%20pensadas%20para%20negocios%20locales%3A%0A%E2%9C%85%20Subdominio%20verificado%3A%20*ursa-coffee-roasters.cafeterias.todolima.com*%0A%E2%9C%85%20Bot%C3%B3n%20de%20WhatsApp%20directo%20para%20recibir%20pedidos%20y%20citas%20al%20instante%0A%E2%9C%85%20Mapa%20interactivo%20para%20que%20lleguen%20a%20su%20local%20en%20Miraflores%0A%E2%9C%85%20Carga%20en%20menos%20de%201%20segundo%20en%20celulares%0A%E2%9C%85%20Ficha%20destacada%20en%20el%20directorio%20todolima.com%0A%0APreparamos%20una%20demostraci%C3%B3n%20sin%20costo%20de%20c%C3%B3mo%20se%20ver%C3%ADa%20la%20web%20de%20*Ursa%20Coffee%20Roasters*.%20%C2%BFLes%20gustar%C3%ADa%20que%20les%20comparta%20el%20enlace%20de%20prueba%20por%20aqu%C3%AD%3F%20%F0%9F%9A%80"
"La Finca Café",cafeterias,"Miraflores",4.8,43,947272804,REDESIGN_WEBSITE,la-finca-cafe.cafeterias.todolima.com,"https://wa.me/51947272804?text=Hola%20equipo%20de%20*La%20Finca%20Caf%C3%A9*%20%F0%9F%91%8B%2C%20gusto%20en%20saludarlos.%0A%0ALes%20escribimos%20desde%20*Todo%20Lima*.%20Al%20revisar%20a%20los%20referentes%20de%20*Miraflores*%20(donde%20ustedes%20destacan%20con%20%E2%AD%90%20*4.8*)%2C%20realizamos%20una%20auditor%C3%ADa%20t%C3%A9cnica%20gratuita%20a%20su%20web%20actual%20(*http%3A%2F%2Fwww.lafincaperu.com%2F*).%0A%0ADetectamos%20algunos%20puntos%20cr%C3%ADticos%20que%20podr%C3%ADan%20estar%20frenando%20sus%20consultas%3A%0A%E2%80%A2%20URL%20inv%C3%A1lida%20o%20no%20registrada.%0A%0A%F0%9F%91%89%20*Dato%20clave%3A*%20El%2065%25%20de%20usuarios%20en%20Lima%20abandonan%20una%20web%20si%20no%20encuentran%20un%20bot%C3%B3n%20flotante%20de%20WhatsApp%20para%20consultar%20en%20el%20momento.%0A%0A%0APodemos%20modernizar%20su%20web%20para%20que%20cargue%20al%20instante%20y%20multiplique%20sus%20contactos%20por%20WhatsApp.%20%C2%BFLes%20gustar%C3%ADa%20que%20les%20enviemos%20el%20reporte%20t%C3%A9cnico%20completo%3F%20%F0%9F%93%8A"
"Limatambo Auto Spa",car-wash,"San Isidro",4.8,109,973581000,REDESIGN_WEBSITE,limatambo-auto-spa.car-wash.todolima.com,"https://wa.me/51973581000?text=Hola%20equipo%20de%20*Limatambo%20Auto%20Spa*%20%F0%9F%91%8B%2C%20gusto%20en%20saludarlos.%0A%0ALes%20escribimos%20desde%20*Todo%20Lima*.%20Al%20revisar%20a%20los%20referentes%20de%20*San%20Isidro*%20(donde%20ustedes%20destacan%20con%20%E2%AD%90%20*4.8*)%2C%20realizamos%20una%20auditor%C3%ADa%20t%C3%A9cnica%20gratuita%20a%20su%20web%20actual%20(*http%3A%2F%2Fwww.limatamboautospa.com%2F*).%0A%0ADetectamos%20algunos%20puntos%20cr%C3%ADticos%20que%20podr%C3%ADan%20estar%20frenando%20sus%20consultas%3A%0A%E2%80%A2%20Sitio%20sin%20candado%20de%20seguridad%20SSL%20(HTTP%20no%20seguro).%0A%E2%80%A2%20Tiempo%20de%20carga%20lento%20(3734ms).%20En%20m%C3%B3viles%20el%20usuario%20abandona%20tras%203%20segundos.%0A%E2%80%A2%20Carece%20de%20meta-descripci%C3%B3n%20optimizada%20para%20b%C3%BAsquedas%20en%20Google.%0A%0A%F0%9F%91%89%20*Dato%20clave%3A*%20El%2065%25%20de%20usuarios%20en%20Lima%20abandonan%20una%20web%20si%20no%20encuentran%20un%20bot%C3%B3n%20flotante%20de%20WhatsApp%20para%20consultar%20en%20el%20momento.%0A%F0%9F%91%89%20*Velocidad%3A*%20Su%20web%20tarda%203.7s%20en%20responder%2C%20cuando%20el%20est%C3%A1ndar%20recomendado%20para%20m%C3%B3viles%20es%20menor%20a%201.5s.%0A%0APodemos%20modernizar%20su%20web%20para%20que%20cargue%20al%20instante%20y%20multiplique%20sus%20contactos%20por%20WhatsApp.%20%C2%BFLes%20gustar%C3%ADa%20que%20les%20enviemos%20el%20reporte%20t%C3%A9cnico%20completo%3F%20%F0%9F%93%8A"
"DECOARTS CARPINTERIA CHAUPIS",carpinteros,"Lima",4.8,13,925263822,UPGRADE_SOCIAL,decoarts-carpinteria-chaupis.carpinteros.todolima.com,"https://wa.me/51925263822?text=Hola%20equipo%20de%20*DECOARTS%20CARPINTERIA%20CHAUPIS*%20%F0%9F%91%8B%2C%20les%20escribe%20el%20equipo%20de%20*Todo%20Lima*.%0A%0ARevisamos%20su%20destacada%20presencia%20en%20Google%20Maps%20en%20*Lima*%20(%E2%AD%90%20*4.8*%20estrellas).%20Notamos%20que%20su%20enlace%20de%20contacto%20actual%20es%20un%20perfil%20de%20*Facebook*.%0A%0AMuchos%20clientes%20que%20buscan%20servicios%20en%20Google%20prefieren%20una%20web%20r%C3%A1pida%20donde%20ver%20cat%C3%A1logo%2C%20fotos%20y%20tarifas%20sin%20tener%20que%20entrar%20a%20una%20red%20social%20o%20ver%20distracciones%20de%20la%20competencia.%0A%0A%C2%BFLes%20interesar%C3%ADa%20complementar%20su%20Facebook%20con%20una%20p%C3%A1gina%20web%20oficial%20(*decoarts-carpinteria-chaupis.carpinteros.todolima.com*)%20con%20bot%C3%B3n%20directo%20a%20WhatsApp%20y%20presencia%20prioritaria%20en%20Todo%20Lima%3F%0A%0ATenemos%20una%20maqueta%20lista%20para%20mostrarles%20sin%20compromiso.%20%C2%BFSe%20las%20comparto%20por%20este%20medio%3F%20%F0%9F%93%B2"
"Eventos Nueva Imagen EIRL",catering,"Breña",4.8,6,999702058,REDESIGN_WEBSITE,eventos-nueva-imagen-eirl.catering.todolima.com,"https://wa.me/51999702058?text=Hola%20equipo%20de%20*Eventos%20Nueva%20Imagen%20EIRL*%20%F0%9F%91%8B%2C%20gusto%20en%20saludarlos.%0A%0ALes%20escribimos%20desde%20*Todo%20Lima*.%20Al%20revisar%20a%20los%20referentes%20de%20*Bre%C3%B1a*%20(donde%20ustedes%20destacan%20con%20%E2%AD%90%20*4.8*)%2C%20realizamos%20una%20auditor%C3%ADa%20t%C3%A9cnica%20gratuita%20a%20su%20web%20actual%20(*http%3A%2F%2Fnuevaimageneventosespeciales.com%2F*).%0A%0ADetectamos%20algunos%20puntos%20cr%C3%ADticos%20que%20podr%C3%ADan%20estar%20frenando%20sus%20consultas%3A%0A%E2%80%A2%20El%20servidor%20tard%C3%B3%20m%C3%A1s%20de%204s%20en%20responder%20(Timeout).%20El%20sitio%20est%C3%A1%20pr%C3%A1cticamente%20inoperativo%20para%20usuarios%20m%C3%B3viles.%0A%0A%F0%9F%91%89%20*Dato%20clave%3A*%20El%2065%25%20de%20usuarios%20en%20Lima%20abandonan%20una%20web%20si%20no%20encuentran%20un%20bot%C3%B3n%20flotante%20de%20WhatsApp%20para%20consultar%20en%20el%20momento.%0A%F0%9F%91%89%20*Velocidad%3A*%20Su%20web%20tarda%204.0s%20en%20responder%2C%20cuando%20el%20est%C3%A1ndar%20recomendado%20para%20m%C3%B3viles%20es%20menor%20a%201.5s.%0A%0APodemos%20modernizar%20su%20web%20para%20que%20cargue%20al%20instante%20y%20multiplique%20sus%20contactos%20por%20WhatsApp.%20%C2%BFLes%20gustar%C3%ADa%20que%20les%20enviemos%20el%20reporte%20t%C3%A9cnico%20completo%3F%20%F0%9F%93%8A"
"Cevichería Barra Maretazo | Peruvian Food",cevicherias,"Miraflores",4.8,2494,941666727,REDESIGN_WEBSITE,cevicheria-barra-maretazo-peru.cevicherias.todolima.com,"https://wa.me/51941666727?text=Hola%20equipo%20de%20*Cevicher%C3%ADa%20Barra%20Maretazo%20%7C%20Peruvian%20Food*%20%F0%9F%91%8B%2C%20gusto%20en%20saludarlos.%0A%0ALes%20escribimos%20desde%20*Todo%20Lima*.%20Al%20revisar%20a%20los%20referentes%20de%20*Miraflores*%20(donde%20ustedes%20destacan%20con%20%E2%AD%90%20*4.8*)%2C%20realizamos%20una%20auditor%C3%ADa%20t%C3%A9cnica%20gratuita%20a%20su%20web%20actual%20(*https%3A%2F%2Fwww.barramaretazo.com%2F*).%0A%0ADetectamos%20algunos%20puntos%20cr%C3%ADticos%20que%20podr%C3%ADan%20estar%20frenando%20sus%20consultas%3A%0A%E2%80%A2%20URL%20inv%C3%A1lida%20o%20no%20registrada.%0A%0A%F0%9F%91%89%20*Dato%20clave%3A*%20El%2065%25%20de%20usuarios%20en%20Lima%20abandonan%20una%20web%20si%20no%20encuentran%20un%20bot%C3%B3n%20flotante%20de%20WhatsApp%20para%20consultar%20en%20el%20momento.%0A%0A%0APodemos%20modernizar%20su%20web%20para%20que%20cargue%20al%20instante%20y%20multiplique%20sus%20contactos%20por%20WhatsApp.%20%C2%BFLes%20gustar%C3%ADa%20que%20les%20enviemos%20el%20reporte%20t%C3%A9cnico%20completo%3F%20%F0%9F%93%8A"
"Plusdent Perú",dentistas,"Bellavista",4.8,12,945985963,REDESIGN_WEBSITE,plusdent-peru.dentistas.todolima.com,"https://wa.me/51945985963?text=Hola%20equipo%20de%20*Plusdent%20Per%C3%BA*%20%F0%9F%91%8B%2C%20gusto%20en%20saludarlos.%0A%0ALes%20escribimos%20desde%20*Todo%20Lima*.%20Al%20revisar%20a%20los%20referentes%20de%20*Bellavista*%20(donde%20ustedes%20destacan%20con%20%E2%AD%90%20*4.8*)%2C%20realizamos%20una%20auditor%C3%ADa%20t%C3%A9cnica%20gratuita%20a%20su%20web%20actual%20(*https%3A%2F%2Fwww.plusdentperu.com%2F*).%0A%0ADetectamos%20algunos%20puntos%20cr%C3%ADticos%20que%20podr%C3%ADan%20estar%20frenando%20sus%20consultas%3A%0A%E2%80%A2%20El%20servidor%20tard%C3%B3%20m%C3%A1s%20de%204s%20en%20responder%20(Timeout).%20El%20sitio%20est%C3%A1%20pr%C3%A1cticamente%20inoperativo%20para%20usuarios%20m%C3%B3viles.%0A%0A%F0%9F%91%89%20*Dato%20clave%3A*%20El%2065%25%20de%20usuarios%20en%20Lima%20abandonan%20una%20web%20si%20no%20encuentran%20un%20bot%C3%B3n%20flotante%20de%20WhatsApp%20para%20consultar%20en%20el%20momento.%0A%F0%9F%91%89%20*Velocidad%3A*%20Su%20web%20tarda%204.0s%20en%20responder%2C%20cuando%20el%20est%C3%A1ndar%20recomendado%20para%20m%C3%B3viles%20es%20menor%20a%201.5s.%0A%0APodemos%20modernizar%20su%20web%20para%20que%20cargue%20al%20instante%20y%20multiplique%20sus%20contactos%20por%20WhatsApp.%20%C2%BFLes%20gustar%C3%ADa%20que%20les%20enviemos%20el%20reporte%20t%C3%A9cnico%20completo%3F%20%F0%9F%93%8A"
"Gasfitería y Servicios Generales",gasfiteros,"Pueblo Libre",4.8,4848,950519574,NEEDS_WEBSITE,gasfiteria-y-servicios-general.gasfiteros.todolima.com,"https://wa.me/51950519574?text=Hola%20equipo%20de%20*Gasfiter%C3%ADa%20y%20Servicios%20Generales*%20%F0%9F%91%8B%2C%20los%20saluda%20el%20equipo%20de%20*Todo%20Lima*%20(todolima.com).%0A%0AVimos%20que%20son%20uno%20de%20los%20negocios%20con%20mejor%20reputaci%C3%B3n%20en%20Google%20Maps%20en%20*Pueblo%20Libre*%20(%E2%AD%90%20*4.8*%20con%204848%20opiniones)%20%C2%A1Felicitaciones%20por%20tan%20buen%20trabajo!%20%F0%9F%91%8F%0A%0ARevisamos%20su%20ficha%20y%20notamos%20que%20*a%C3%BAn%20no%20cuentan%20con%20una%20p%C3%A1gina%20web%20oficial*%20donde%20sus%20clientes%20puedan%20consultar%20sus%20servicios%20y%20agendar%20directamente%20por%20WhatsApp.%0A%0AEn%20*Todo%20Lima*%20creamos%20landing%20pages%20ultrarr%C3%A1pidas%20pensadas%20para%20negocios%20locales%3A%0A%E2%9C%85%20Subdominio%20verificado%3A%20*gasfiteria-y-servicios-general.gasfiteros.todolima.com*%0A%E2%9C%85%20Bot%C3%B3n%20de%20WhatsApp%20directo%20para%20recibir%20pedidos%20y%20citas%20al%20instante%0A%E2%9C%85%20Mapa%20interactivo%20para%20que%20lleguen%20a%20su%20local%20en%20Pueblo%20Libre%0A%E2%9C%85%20Carga%20en%20menos%20de%201%20segundo%20en%20celulares%0A%E2%9C%85%20Ficha%20destacada%20en%20el%20directorio%20todolima.com%0A%0APreparamos%20una%20demostraci%C3%B3n%20sin%20costo%20de%20c%C3%B3mo%20se%20ver%C3%ADa%20la%20web%20de%20*Gasfiter%C3%ADa%20y%20Servicios%20Generales*.%20%C2%BFLes%20gustar%C3%ADa%20que%20les%20comparta%20el%20enlace%20de%20prueba%20por%20aqu%C3%AD%3F%20%F0%9F%9A%80"
"Gasfiteros gasfiteria Willy",gasfiteros,"San Juan de Lurigancho",4.8,484,999136837,REDESIGN_WEBSITE,gasfiteros-gasfiteria-willy.gasfiteros.todolima.com,"https://wa.me/51999136837?text=Hola%20equipo%20de%20*Gasfiteros%20gasfiteria%20Willy*%20%F0%9F%91%8B%2C%20gusto%20en%20saludarlos.%0A%0ALes%20escribimos%20desde%20*Todo%20Lima*.%20Al%20revisar%20a%20los%20referentes%20de%20*San%20Juan%20de%20Lurigancho*%20(donde%20ustedes%20destacan%20con%20%E2%AD%90%20*4.8*)%2C%20realizamos%20una%20auditor%C3%ADa%20t%C3%A9cnica%20gratuita%20a%20su%20web%20actual%20(*https%3A%2F%2Fwww.gasfiteroswilly.com%2F*).%0A%0ADetectamos%20algunos%20puntos%20cr%C3%ADticos%20que%20podr%C3%ADan%20estar%20frenando%20sus%20consultas%3A%0A%E2%80%A2%20No%20tiene%20bot%C3%B3n%20directo%20a%20WhatsApp%20(pierde%20hasta%2060%25%20de%20contactos%20en%20Lima).%0A%0A%F0%9F%91%89%20*Dato%20clave%3A*%20El%2065%25%20de%20usuarios%20en%20Lima%20abandonan%20una%20web%20si%20no%20encuentran%20un%20bot%C3%B3n%20flotante%20de%20WhatsApp%20para%20consultar%20en%20el%20momento.%0A%0A%0APodemos%20modernizar%20su%20web%20para%20que%20cargue%20al%20instante%20y%20multiplique%20sus%20contactos%20por%20WhatsApp.%20%C2%BFLes%20gustar%C3%ADa%20que%20les%20enviemos%20el%20reporte%20t%C3%A9cnico%20completo%3F%20%F0%9F%93%8A"
"Consultorio médico ginecológico Señor Cautivo (Dr. Martín Inga)",ginecologos,"Lima",4.8,5,991222947,UPGRADE_SOCIAL,consultorio-medico-ginecologic.ginecologos.todolima.com,"https://wa.me/51991222947?text=Hola%20equipo%20de%20*Consultorio%20m%C3%A9dico%20ginecol%C3%B3gico%20Se%C3%B1or%20Cautivo%20(Dr.%20Mart%C3%ADn%20Inga)*%20%F0%9F%91%8B%2C%20les%20escribe%20el%20equipo%20de%20*Todo%20Lima*.%0A%0ARevisamos%20su%20destacada%20presencia%20en%20Google%20Maps%20en%20*Lima*%20(%E2%AD%90%20*4.8*%20estrellas).%20Notamos%20que%20su%20enlace%20de%20contacto%20actual%20es%20un%20perfil%20de%20*Facebook*.%0A%0AMuchos%20clientes%20que%20buscan%20servicios%20en%20Google%20prefieren%20una%20web%20r%C3%A1pida%20donde%20ver%20cat%C3%A1logo%2C%20fotos%20y%20tarifas%20sin%20tener%20que%20entrar%20a%20una%20red%20social%20o%20ver%20distracciones%20de%20la%20competencia.%0A%0A%C2%BFLes%20interesar%C3%ADa%20complementar%20su%20Facebook%20con%20una%20p%C3%A1gina%20web%20oficial%20(*consultorio-medico-ginecologic.ginecologos.todolima.com*)%20con%20bot%C3%B3n%20directo%20a%20WhatsApp%20y%20presencia%20prioritaria%20en%20Todo%20Lima%3F%0A%0ATenemos%20una%20maqueta%20lista%20para%20mostrarles%20sin%20compromiso.%20%C2%BFSe%20las%20comparto%20por%20este%20medio%3F%20%F0%9F%93%B2"
"Pinturas al Horno "" El Gato""",pintores,"Lima",4.8,12,997445234,NEEDS_WEBSITE,pinturas-al-horno-el-gato.pintores.todolima.com,"https://wa.me/51997445234?text=Hola%20equipo%20de%20*Pinturas%20al%20Horno%20%22%20El%20Gato%22*%20%F0%9F%91%8B%2C%20los%20saluda%20el%20equipo%20de%20*Todo%20Lima*%20(todolima.com).%0A%0AVimos%20que%20son%20uno%20de%20los%20negocios%20con%20mejor%20reputaci%C3%B3n%20en%20Google%20Maps%20en%20*Lima*%20(%E2%AD%90%20*4.8*%20con%2012%20opiniones)%20%C2%A1Felicitaciones%20por%20tan%20buen%20trabajo!%20%F0%9F%91%8F%0A%0ARevisamos%20su%20ficha%20y%20notamos%20que%20*a%C3%BAn%20no%20cuentan%20con%20una%20p%C3%A1gina%20web%20oficial*%20donde%20sus%20clientes%20puedan%20consultar%20sus%20servicios%20y%20agendar%20directamente%20por%20WhatsApp.%0A%0AEn%20*Todo%20Lima*%20creamos%20landing%20pages%20ultrarr%C3%A1pidas%20pensadas%20para%20negocios%20locales%3A%0A%E2%9C%85%20Subdominio%20verificado%3A%20*pinturas-al-horno-el-gato.pintores.todolima.com*%0A%E2%9C%85%20Bot%C3%B3n%20de%20WhatsApp%20directo%20para%20recibir%20pedidos%20y%20citas%20al%20instante%0A%E2%9C%85%20Mapa%20interactivo%20para%20que%20lleguen%20a%20su%20local%20en%20Lima%0A%E2%9C%85%20Carga%20en%20menos%20de%201%20segundo%20en%20celulares%0A%E2%9C%85%20Ficha%20destacada%20en%20el%20directorio%20todolima.com%0A%0APreparamos%20una%20demostraci%C3%B3n%20sin%20costo%20de%20c%C3%B3mo%20se%20ver%C3%ADa%20la%20web%20de%20*Pinturas%20al%20Horno%20%22%20El%20Gato%22*.%20%C2%BFLes%20gustar%C3%ADa%20que%20les%20comparta%20el%20enlace%20de%20prueba%20por%20aqu%C3%AD%3F%20%F0%9F%9A%80"
"Masa Sobre Mesa",pizzerias,"Miraflores",4.8,352,907478630,REDESIGN_WEBSITE,masa-sobre-mesa.pizzerias.todolima.com,"https://wa.me/51907478630?text=Hola%20equipo%20de%20*Masa%20Sobre%20Mesa*%20%F0%9F%91%8B%2C%20gusto%20en%20saludarlos.%0A%0ALes%20escribimos%20desde%20*Todo%20Lima*.%20Al%20revisar%20a%20los%20referentes%20de%20*Miraflores*%20(donde%20ustedes%20destacan%20con%20%E2%AD%90%20*4.8*)%2C%20realizamos%20una%20auditor%C3%ADa%20t%C3%A9cnica%20gratuita%20a%20su%20web%20actual%20(*https%3A%2F%2Fmasasobremesa.mesa247.pe%2F*).%0A%0ADetectamos%20algunos%20puntos%20cr%C3%ADticos%20que%20podr%C3%ADan%20estar%20frenando%20sus%20consultas%3A%0A%E2%80%A2%20URL%20inv%C3%A1lida%20o%20no%20registrada.%0A%0A%F0%9F%91%89%20*Dato%20clave%3A*%20El%2065%25%20de%20usuarios%20en%20Lima%20abandonan%20una%20web%20si%20no%20encuentran%20un%20bot%C3%B3n%20flotante%20de%20WhatsApp%20para%20consultar%20en%20el%20momento.%0A%0A%0APodemos%20modernizar%20su%20web%20para%20que%20cargue%20al%20instante%20y%20multiplique%20sus%20contactos%20por%20WhatsApp.%20%C2%BFLes%20gustar%C3%ADa%20que%20les%20enviemos%20el%20reporte%20t%C3%A9cnico%20completo%3F%20%F0%9F%93%8A"
"Sansevero Pizzeria",pizzerias,"Miraflores",4.8,230,908656848,NEEDS_WEBSITE,sansevero-pizzeria.pizzerias.todolima.com,"https://wa.me/51908656848?text=Hola%20equipo%20de%20*Sansevero%20Pizzeria*%20%F0%9F%91%8B%2C%20los%20saluda%20el%20equipo%20de%20*Todo%20Lima*%20(todolima.com).%0A%0AVimos%20que%20son%20uno%20de%20los%20negocios%20con%20mejor%20reputaci%C3%B3n%20en%20Google%20Maps%20en%20*Miraflores*%20(%E2%AD%90%20*4.8*%20con%20230%20opiniones)%20%C2%A1Felicitaciones%20por%20tan%20buen%20trabajo!%20%F0%9F%91%8F%0A%0ARevisamos%20su%20ficha%20y%20notamos%20que%20*a%C3%BAn%20no%20cuentan%20con%20una%20p%C3%A1gina%20web%20oficial*%20donde%20sus%20clientes%20puedan%20consultar%20sus%20servicios%20y%20agendar%20directamente%20por%20WhatsApp.%0A%0AEn%20*Todo%20Lima*%20creamos%20landing%20pages%20ultrarr%C3%A1pidas%20pensadas%20para%20negocios%20locales%3A%0A%E2%9C%85%20Subdominio%20verificado%3A%20*sansevero-pizzeria.pizzerias.todolima.com*%0A%E2%9C%85%20Bot%C3%B3n%20de%20WhatsApp%20directo%20para%20recibir%20pedidos%20y%20citas%20al%20instante%0A%E2%9C%85%20Mapa%20interactivo%20para%20que%20lleguen%20a%20su%20local%20en%20Miraflores%0A%E2%9C%85%20Carga%20en%20menos%20de%201%20segundo%20en%20celulares%0A%E2%9C%85%20Ficha%20destacada%20en%20el%20directorio%20todolima.com%0A%0APreparamos%20una%20demostraci%C3%B3n%20sin%20costo%20de%20c%C3%B3mo%20se%20ver%C3%ADa%20la%20web%20de%20*Sansevero%20Pizzeria*.%20%C2%BFLes%20gustar%C3%ADa%20que%20les%20comparta%20el%20enlace%20de%20prueba%20por%20aqu%C3%AD%3F%20%F0%9F%9A%80"
"Genoveva Pizza Porteña",pizzerias,"Jesús María",4.8,151,955616437,NEEDS_WEBSITE,genoveva-pizza-portena.pizzerias.todolima.com,"https://wa.me/51955616437?text=Hola%20equipo%20de%20*Genoveva%20Pizza%20Porte%C3%B1a*%20%F0%9F%91%8B%2C%20los%20saluda%20el%20equipo%20de%20*Todo%20Lima*%20(todolima.com).%0A%0AVimos%20que%20son%20uno%20de%20los%20negocios%20con%20mejor%20reputaci%C3%B3n%20en%20Google%20Maps%20en%20*Jes%C3%BAs%20Mar%C3%ADa*%20(%E2%AD%90%20*4.8*%20con%20151%20opiniones)%20%C2%A1Felicitaciones%20por%20tan%20buen%20trabajo!%20%F0%9F%91%8F%0A%0ARevisamos%20su%20ficha%20y%20notamos%20que%20*a%C3%BAn%20no%20cuentan%20con%20una%20p%C3%A1gina%20web%20oficial*%20donde%20sus%20clientes%20puedan%20consultar%20sus%20servicios%20y%20agendar%20directamente%20por%20WhatsApp.%0A%0AEn%20*Todo%20Lima*%20creamos%20landing%20pages%20ultrarr%C3%A1pidas%20pensadas%20para%20negocios%20locales%3A%0A%E2%9C%85%20Subdominio%20verificado%3A%20*genoveva-pizza-portena.pizzerias.todolima.com*%0A%E2%9C%85%20Bot%C3%B3n%20de%20WhatsApp%20directo%20para%20recibir%20pedidos%20y%20citas%20al%20instante%0A%E2%9C%85%20Mapa%20interactivo%20para%20que%20lleguen%20a%20su%20local%20en%20Jes%C3%BAs%20Mar%C3%ADa%0A%E2%9C%85%20Carga%20en%20menos%20de%201%20segundo%20en%20celulares%0A%E2%9C%85%20Ficha%20destacada%20en%20el%20directorio%20todolima.com%0A%0APreparamos%20una%20demostraci%C3%B3n%20sin%20costo%20de%20c%C3%B3mo%20se%20ver%C3%ADa%20la%20web%20de%20*Genoveva%20Pizza%20Porte%C3%B1a*.%20%C2%BFLes%20gustar%C3%ADa%20que%20les%20comparta%20el%20enlace%20de%20prueba%20por%20aqu%C3%AD%3F%20%F0%9F%9A%80"
"Di Capperi",pizzerias,"Santiago de Surco",4.8,101,946065906,NEEDS_WEBSITE,di-capperi.pizzerias.todolima.com,"https://wa.me/51946065906?text=Hola%20equipo%20de%20*Di%20Capperi*%20%F0%9F%91%8B%2C%20los%20saluda%20el%20equipo%20de%20*Todo%20Lima*%20(todolima.com).%0A%0AVimos%20que%20son%20uno%20de%20los%20negocios%20con%20mejor%20reputaci%C3%B3n%20en%20Google%20Maps%20en%20*Santiago%20de%20Surco*%20(%E2%AD%90%20*4.8*%20con%20101%20opiniones)%20%C2%A1Felicitaciones%20por%20tan%20buen%20trabajo!%20%F0%9F%91%8F%0A%0ARevisamos%20su%20ficha%20y%20notamos%20que%20*a%C3%BAn%20no%20cuentan%20con%20una%20p%C3%A1gina%20web%20oficial*%20donde%20sus%20clientes%20puedan%20consultar%20sus%20servicios%20y%20agendar%20directamente%20por%20WhatsApp.%0A%0AEn%20*Todo%20Lima*%20creamos%20landing%20pages%20ultrarr%C3%A1pidas%20pensadas%20para%20negocios%20locales%3A%0A%E2%9C%85%20Subdominio%20verificado%3A%20*di-capperi.pizzerias.todolima.com*%0A%E2%9C%85%20Bot%C3%B3n%20de%20WhatsApp%20directo%20para%20recibir%20pedidos%20y%20citas%20al%20instante%0A%E2%9C%85%20Mapa%20interactivo%20para%20que%20lleguen%20a%20su%20local%20en%20Santiago%20de%20Surco%0A%E2%9C%85%20Carga%20en%20menos%20de%201%20segundo%20en%20celulares%0A%E2%9C%85%20Ficha%20destacada%20en%20el%20directorio%20todolima.com%0A%0APreparamos%20una%20demostraci%C3%B3n%20sin%20costo%20de%20c%C3%B3mo%20se%20ver%C3%ADa%20la%20web%20de%20*Di%20Capperi*.%20%C2%BFLes%20gustar%C3%ADa%20que%20les%20comparta%20el%20enlace%20de%20prueba%20por%20aqu%C3%AD%3F%20%F0%9F%9A%80"
"Domenico Campolo",pizzerias,"Miraflores",4.8,94,936789424,NEEDS_WEBSITE,domenico-campolo.pizzerias.todolima.com,"https://wa.me/51936789424?text=Hola%20equipo%20de%20*Domenico%20Campolo*%20%F0%9F%91%8B%2C%20los%20saluda%20el%20equipo%20de%20*Todo%20Lima*%20(todolima.com).%0A%0AVimos%20que%20son%20uno%20de%20los%20negocios%20con%20mejor%20reputaci%C3%B3n%20en%20Google%20Maps%20en%20*Miraflores*%20(%E2%AD%90%20*4.8*%20con%2094%20opiniones)%20%C2%A1Felicitaciones%20por%20tan%20buen%20trabajo!%20%F0%9F%91%8F%0A%0ARevisamos%20su%20ficha%20y%20notamos%20que%20*a%C3%BAn%20no%20cuentan%20con%20una%20p%C3%A1gina%20web%20oficial*%20donde%20sus%20clientes%20puedan%20consultar%20sus%20servicios%20y%20agendar%20directamente%20por%20WhatsApp.%0A%0AEn%20*Todo%20Lima*%20creamos%20landing%20pages%20ultrarr%C3%A1pidas%20pensadas%20para%20negocios%20locales%3A%0A%E2%9C%85%20Subdominio%20verificado%3A%20*domenico-campolo.pizzerias.todolima.com*%0A%E2%9C%85%20Bot%C3%B3n%20de%20WhatsApp%20directo%20para%20recibir%20pedidos%20y%20citas%20al%20instante%0A%E2%9C%85%20Mapa%20interactivo%20para%20que%20lleguen%20a%20su%20local%20en%20Miraflores%0A%E2%9C%85%20Carga%20en%20menos%20de%201%20segundo%20en%20celulares%0A%E2%9C%85%20Ficha%20destacada%20en%20el%20directorio%20todolima.com%0A%0APreparamos%20una%20demostraci%C3%B3n%20sin%20costo%20de%20c%C3%B3mo%20se%20ver%C3%ADa%20la%20web%20de%20*Domenico%20Campolo*.%20%C2%BFLes%20gustar%C3%ADa%20que%20les%20comparta%20el%20enlace%20de%20prueba%20por%20aqu%C3%AD%3F%20%F0%9F%9A%80"
"Pizza House",pizzerias,"Lima",4.8,11,951323266,NEEDS_WEBSITE,pizza-house.pizzerias.todolima.com,"https://wa.me/51951323266?text=Hola%20equipo%20de%20*Pizza%20House*%20%F0%9F%91%8B%2C%20los%20saluda%20el%20equipo%20de%20*Todo%20Lima*%20(todolima.com).%0A%0AVimos%20que%20son%20uno%20de%20los%20negocios%20con%20mejor%20reputaci%C3%B3n%20en%20Google%20Maps%20en%20*Lima*%20(%E2%AD%90%20*4.8*%20con%2011%20opiniones)%20%C2%A1Felicitaciones%20por%20tan%20buen%20trabajo!%20%F0%9F%91%8F%0A%0ARevisamos%20su%20ficha%20y%20notamos%20que%20*a%C3%BAn%20no%20cuentan%20con%20una%20p%C3%A1gina%20web%20oficial*%20donde%20sus%20clientes%20puedan%20consultar%20sus%20servicios%20y%20agendar%20directamente%20por%20WhatsApp.%0A%0AEn%20*Todo%20Lima*%20creamos%20landing%20pages%20ultrarr%C3%A1pidas%20pensadas%20para%20negocios%20locales%3A%0A%E2%9C%85%20Subdominio%20verificado%3A%20*pizza-house.pizzerias.todolima.com*%0A%E2%9C%85%20Bot%C3%B3n%20de%20WhatsApp%20directo%20para%20recibir%20pedidos%20y%20citas%20al%20instante%0A%E2%9C%85%20Mapa%20interactivo%20para%20que%20lleguen%20a%20su%20local%20en%20Lima%0A%E2%9C%85%20Carga%20en%20menos%20de%201%20segundo%20en%20celulares%0A%E2%9C%85%20Ficha%20destacada%20en%20el%20directorio%20todolima.com%0A%0APreparamos%20una%20demostraci%C3%B3n%20sin%20costo%20de%20c%C3%B3mo%20se%20ver%C3%ADa%20la%20web%20de%20*Pizza%20House*.%20%C2%BFLes%20gustar%C3%ADa%20que%20les%20comparta%20el%20enlace%20de%20prueba%20por%20aqu%C3%AD%3F%20%F0%9F%9A%80"
"Papero Soy Pollos a la brasa",pollerias,"Breña",4.8,320,922545330,NEEDS_WEBSITE,papero-soy-pollos-a-la-brasa.pollerias.todolima.com,"https://wa.me/51922545330?text=Hola%20equipo%20de%20*Papero%20Soy%20Pollos%20a%20la%20brasa*%20%F0%9F%91%8B%2C%20los%20saluda%20el%20equipo%20de%20*Todo%20Lima*%20(todolima.com).%0A%0AVimos%20que%20son%20uno%20de%20los%20negocios%20con%20mejor%20reputaci%C3%B3n%20en%20Google%20Maps%20en%20*Bre%C3%B1a*%20(%E2%AD%90%20*4.8*%20con%20320%20opiniones)%20%C2%A1Felicitaciones%20por%20tan%20buen%20trabajo!%20%F0%9F%91%8F%0A%0ARevisamos%20su%20ficha%20y%20notamos%20que%20*a%C3%BAn%20no%20cuentan%20con%20una%20p%C3%A1gina%20web%20oficial*%20donde%20sus%20clientes%20puedan%20consultar%20sus%20servicios%20y%20agendar%20directamente%20por%20WhatsApp.%0A%0AEn%20*Todo%20Lima*%20creamos%20landing%20pages%20ultrarr%C3%A1pidas%20pensadas%20para%20negocios%20locales%3A%0A%E2%9C%85%20Subdominio%20verificado%3A%20*papero-soy-pollos-a-la-brasa.pollerias.todolima.com*%0A%E2%9C%85%20Bot%C3%B3n%20de%20WhatsApp%20directo%20para%20recibir%20pedidos%20y%20citas%20al%20instante%0A%E2%9C%85%20Mapa%20interactivo%20para%20que%20lleguen%20a%20su%20local%20en%20Bre%C3%B1a%0A%E2%9C%85%20Carga%20en%20menos%20de%201%20segundo%20en%20celulares%0A%E2%9C%85%20Ficha%20destacada%20en%20el%20directorio%20todolima.com%0A%0APreparamos%20una%20demostraci%C3%B3n%20sin%20costo%20de%20c%C3%B3mo%20se%20ver%C3%ADa%20la%20web%20de%20*Papero%20Soy%20Pollos%20a%20la%20brasa*.%20%C2%BFLes%20gustar%C3%ADa%20que%20les%20comparta%20el%20enlace%20de%20prueba%20por%20aqu%C3%AD%3F%20%F0%9F%9A%80"
"Pollería Doraditos",pollerias,"Lima",4.8,10,919041117,NEEDS_WEBSITE,polleria-doraditos.pollerias.todolima.com,"https://wa.me/51919041117?text=Hola%20equipo%20de%20*Poller%C3%ADa%20Doraditos*%20%F0%9F%91%8B%2C%20los%20saluda%20el%20equipo%20de%20*Todo%20Lima*%20(todolima.com).%0A%0AVimos%20que%20son%20uno%20de%20los%20negocios%20con%20mejor%20reputaci%C3%B3n%20en%20Google%20Maps%20en%20*Lima*%20(%E2%AD%90%20*4.8*%20con%2010%20opiniones)%20%C2%A1Felicitaciones%20por%20tan%20buen%20trabajo!%20%F0%9F%91%8F%0A%0ARevisamos%20su%20ficha%20y%20notamos%20que%20*a%C3%BAn%20no%20cuentan%20con%20una%20p%C3%A1gina%20web%20oficial*%20donde%20sus%20clientes%20puedan%20consultar%20sus%20servicios%20y%20agendar%20directamente%20por%20WhatsApp.%0A%0AEn%20*Todo%20Lima*%20creamos%20landing%20pages%20ultrarr%C3%A1pidas%20pensadas%20para%20negocios%20locales%3A%0A%E2%9C%85%20Subdominio%20verificado%3A%20*polleria-doraditos.pollerias.todolima.com*%0A%E2%9C%85%20Bot%C3%B3n%20de%20WhatsApp%20directo%20para%20recibir%20pedidos%20y%20citas%20al%20instante%0A%E2%9C%85%20Mapa%20interactivo%20para%20que%20lleguen%20a%20su%20local%20en%20Lima%0A%E2%9C%85%20Carga%20en%20menos%20de%201%20segundo%20en%20celulares%0A%E2%9C%85%20Ficha%20destacada%20en%20el%20directorio%20todolima.com%0A%0APreparamos%20una%20demostraci%C3%B3n%20sin%20costo%20de%20c%C3%B3mo%20se%20ver%C3%ADa%20la%20web%20de%20*Poller%C3%ADa%20Doraditos*.%20%C2%BFLes%20gustar%C3%ADa%20que%20les%20comparta%20el%20enlace%20de%20prueba%20por%20aqu%C3%AD%3F%20%F0%9F%9A%80"
"Servicio Técnico ""SG San Roque"" - Electrodomésticos - San Borja.",reparacion-refrigeradoras,"San Borja",4.8,35,986073359,REDESIGN_WEBSITE,servicio-tecnico-sg-san-roque-.reparacion-refrigeradoras.todolima.com,"https://wa.me/51986073359?text=Hola%20equipo%20de%20*Servicio%20T%C3%A9cnico%20%22SG%20San%20Roque%22%20-%20Electrodom%C3%A9sticos%20-%20San%20Borja.*%20%F0%9F%91%8B%2C%20gusto%20en%20saludarlos.%0A%0ALes%20escribimos%20desde%20*Todo%20Lima*.%20Al%20revisar%20a%20los%20referentes%20de%20*San%20Borja*%20(donde%20ustedes%20destacan%20con%20%E2%AD%90%20*4.8*)%2C%20realizamos%20una%20auditor%C3%ADa%20t%C3%A9cnica%20gratuita%20a%20su%20web%20actual%20(*https%3A%2F%2Fguiaperu.pe%2FSGSanRoque*).%0A%0ADetectamos%20algunos%20puntos%20cr%C3%ADticos%20que%20podr%C3%ADan%20estar%20frenando%20sus%20consultas%3A%0A%E2%80%A2%20El%20servidor%20tard%C3%B3%20m%C3%A1s%20de%204s%20en%20responder%20(Timeout).%20El%20sitio%20est%C3%A1%20pr%C3%A1cticamente%20inoperativo%20para%20usuarios%20m%C3%B3viles.%0A%0A%F0%9F%91%89%20*Dato%20clave%3A*%20El%2065%25%20de%20usuarios%20en%20Lima%20abandonan%20una%20web%20si%20no%20encuentran%20un%20bot%C3%B3n%20flotante%20de%20WhatsApp%20para%20consultar%20en%20el%20momento.%0A%F0%9F%91%89%20*Velocidad%3A*%20Su%20web%20tarda%204.0s%20en%20responder%2C%20cuando%20el%20est%C3%A1ndar%20recomendado%20para%20m%C3%B3viles%20es%20menor%20a%201.5s.%0A%0APodemos%20modernizar%20su%20web%20para%20que%20cargue%20al%20instante%20y%20multiplique%20sus%20contactos%20por%20WhatsApp.%20%C2%BFLes%20gustar%C3%ADa%20que%20les%20enviemos%20el%20reporte%20t%C3%A9cnico%20completo%3F%20%F0%9F%93%8A"
"Strong Motors Taller Automotriz Multimarca - Bosch Car Service",talleres-mecanicos,"Comas",4.8,343,947301672,REDESIGN_WEBSITE,strong-motors-taller-automotri.talleres-mecanicos.todolima.com,"https://wa.me/51947301672?text=Hola%20equipo%20de%20*Strong%20Motors%20Taller%20Automotriz%20Multimarca%20-%20Bosch%20Car%20Service*%20%F0%9F%91%8B%2C%20gusto%20en%20saludarlos.%0A%0ALes%20escribimos%20desde%20*Todo%20Lima*.%20Al%20revisar%20a%20los%20referentes%20de%20*Comas*%20(donde%20ustedes%20destacan%20con%20%E2%AD%90%20*4.8*)%2C%20realizamos%20una%20auditor%C3%ADa%20t%C3%A9cnica%20gratuita%20a%20su%20web%20actual%20(*https%3A%2F%2Fwww.strongmotors.pe%2F*).%0A%0ADetectamos%20algunos%20puntos%20cr%C3%ADticos%20que%20podr%C3%ADan%20estar%20frenando%20sus%20consultas%3A%0A%E2%80%A2%20El%20servidor%20tard%C3%B3%20m%C3%A1s%20de%204s%20en%20responder%20(Timeout).%20El%20sitio%20est%C3%A1%20pr%C3%A1cticamente%20inoperativo%20para%20usuarios%20m%C3%B3viles.%0A%0A%F0%9F%91%89%20*Dato%20clave%3A*%20El%2065%25%20de%20usuarios%20en%20Lima%20abandonan%20una%20web%20si%20no%20encuentran%20un%20bot%C3%B3n%20flotante%20de%20WhatsApp%20para%20consultar%20en%20el%20momento.%0A%F0%9F%91%89%20*Velocidad%3A*%20Su%20web%20tarda%204.0s%20en%20responder%2C%20cuando%20el%20est%C3%A1ndar%20recomendado%20para%20m%C3%B3viles%20es%20menor%20a%201.5s.%0A%0APodemos%20modernizar%20su%20web%20para%20que%20cargue%20al%20instante%20y%20multiplique%20sus%20contactos%20por%20WhatsApp.%20%C2%BFLes%20gustar%C3%ADa%20que%20les%20enviemos%20el%20reporte%20t%C3%A9cnico%20completo%3F%20%F0%9F%93%8A"
"2G Automotriz Los Olivos",talleres-mecanicos,"San Martín de Porres",4.8,106,924862779,REDESIGN_WEBSITE,2g-automotriz-los-olivos.talleres-mecanicos.todolima.com,"https://wa.me/51924862779?text=Hola%20equipo%20de%20*2G%20Automotriz%20Los%20Olivos*%20%F0%9F%91%8B%2C%20gusto%20en%20saludarlos.%0A%0ALes%20escribimos%20desde%20*Todo%20Lima*.%20Al%20revisar%20a%20los%20referentes%20de%20*San%20Mart%C3%ADn%20de%20Porres*%20(donde%20ustedes%20destacan%20con%20%E2%AD%90%20*4.8*)%2C%20realizamos%20una%20auditor%C3%ADa%20t%C3%A9cnica%20gratuita%20a%20su%20web%20actual%20(*https%3A%2F%2F2gautomotriz.com%2F*).%0A%0ADetectamos%20algunos%20puntos%20cr%C3%ADticos%20que%20podr%C3%ADan%20estar%20frenando%20sus%20consultas%3A%0A%E2%80%A2%20El%20servidor%20tard%C3%B3%20m%C3%A1s%20de%204s%20en%20responder%20(Timeout).%20El%20sitio%20est%C3%A1%20pr%C3%A1cticamente%20inoperativo%20para%20usuarios%20m%C3%B3viles.%0A%0A%F0%9F%91%89%20*Dato%20clave%3A*%20El%2065%25%20de%20usuarios%20en%20Lima%20abandonan%20una%20web%20si%20no%20encuentran%20un%20bot%C3%B3n%20flotante%20de%20WhatsApp%20para%20consultar%20en%20el%20momento.%0A%F0%9F%91%89%20*Velocidad%3A*%20Su%20web%20tarda%204.0s%20en%20responder%2C%20cuando%20el%20est%C3%A1ndar%20recomendado%20para%20m%C3%B3viles%20es%20menor%20a%201.5s.%0A%0APodemos%20modernizar%20su%20web%20para%20que%20cargue%20al%20instante%20y%20multiplique%20sus%20contactos%20por%20WhatsApp.%20%C2%BFLes%20gustar%C3%ADa%20que%20les%20enviemos%20el%20reporte%20t%C3%A9cnico%20completo%3F%20%F0%9F%93%8A"
"Rutina Café",cafeterias,"Miraflores",4.7,3084,982639684,REDESIGN_WEBSITE,rutina-cafe.cafeterias.todolima.com,"https://wa.me/51982639684?text=Hola%20equipo%20de%20*Rutina%20Caf%C3%A9*%20%F0%9F%91%8B%2C%20gusto%20en%20saludarlos.%0A%0ALes%20escribimos%20desde%20*Todo%20Lima*.%20Al%20revisar%20a%20los%20referentes%20de%20*Miraflores*%20(donde%20ustedes%20destacan%20con%20%E2%AD%90%20*4.7*)%2C%20realizamos%20una%20auditor%C3%ADa%20t%C3%A9cnica%20gratuita%20a%20su%20web%20actual%20(*http%3A%2F%2Frutinacafe.pe%2F*).%0A%0ADetectamos%20algunos%20puntos%20cr%C3%ADticos%20que%20podr%C3%ADan%20estar%20frenando%20sus%20consultas%3A%0A%E2%80%A2%20URL%20inv%C3%A1lida%20o%20no%20registrada.%0A%0A%F0%9F%91%89%20*Dato%20clave%3A*%20El%2065%25%20de%20usuarios%20en%20Lima%20abandonan%20una%20web%20si%20no%20encuentran%20un%20bot%C3%B3n%20flotante%20de%20WhatsApp%20para%20consultar%20en%20el%20momento.%0A%0A%0APodemos%20modernizar%20su%20web%20para%20que%20cargue%20al%20instante%20y%20multiplique%20sus%20contactos%20por%20WhatsApp.%20%C2%BFLes%20gustar%C3%ADa%20que%20les%20enviemos%20el%20reporte%20t%C3%A9cnico%20completo%3F%20%F0%9F%93%8A"
"Grano Dorado / Evolèt - Café Restaurante",cafeterias,"Miraflores",4.7,1192,922029314,NEEDS_WEBSITE,grano-dorado-evolet-cafe-resta.cafeterias.todolima.com,"https://wa.me/51922029314?text=Hola%20equipo%20de%20*Grano%20Dorado%20%2F%20Evol%C3%A8t%20-%20Caf%C3%A9%20Restaurante*%20%F0%9F%91%8B%2C%20los%20saluda%20el%20equipo%20de%20*Todo%20Lima*%20(todolima.com).%0A%0AVimos%20que%20son%20uno%20de%20los%20negocios%20con%20mejor%20reputaci%C3%B3n%20en%20Google%20Maps%20en%20*Miraflores*%20(%E2%AD%90%20*4.7*%20con%201192%20opiniones)%20%C2%A1Felicitaciones%20por%20tan%20buen%20trabajo!%20%F0%9F%91%8F%0A%0ARevisamos%20su%20ficha%20y%20notamos%20que%20*a%C3%BAn%20no%20cuentan%20con%20una%20p%C3%A1gina%20web%20oficial*%20donde%20sus%20clientes%20puedan%20consultar%20sus%20servicios%20y%20agendar%20directamente%20por%20WhatsApp.%0A%0AEn%20*Todo%20Lima*%20creamos%20landing%20pages%20ultrarr%C3%A1pidas%20pensadas%20para%20negocios%20locales%3A%0A%E2%9C%85%20Subdominio%20verificado%3A%20*grano-dorado-evolet-cafe-resta.cafeterias.todolima.com*%0A%E2%9C%85%20Bot%C3%B3n%20de%20WhatsApp%20directo%20para%20recibir%20pedidos%20y%20citas%20al%20instante%0A%E2%9C%85%20Mapa%20interactivo%20para%20que%20lleguen%20a%20su%20local%20en%20Miraflores%0A%E2%9C%85%20Carga%20en%20menos%20de%201%20segundo%20en%20celulares%0A%E2%9C%85%20Ficha%20destacada%20en%20el%20directorio%20todolima.com%0A%0APreparamos%20una%20demostraci%C3%B3n%20sin%20costo%20de%20c%C3%B3mo%20se%20ver%C3%ADa%20la%20web%20de%20*Grano%20Dorado%20%2F%20Evol%C3%A8t%20-%20Caf%C3%A9%20Restaurante*.%20%C2%BFLes%20gustar%C3%ADa%20que%20les%20comparta%20el%20enlace%20de%20prueba%20por%20aqu%C3%AD%3F%20%F0%9F%9A%80"
"Neira Café Lab - Miraflores",cafeterias,"Miraflores",4.7,935,960545913,REDESIGN_WEBSITE,neira-cafe-lab-miraflores.cafeterias.todolima.com,"https://wa.me/51960545913?text=Hola%20equipo%20de%20*Neira%20Caf%C3%A9%20Lab%20-%20Miraflores*%20%F0%9F%91%8B%2C%20gusto%20en%20saludarlos.%0A%0ALes%20escribimos%20desde%20*Todo%20Lima*.%20Al%20revisar%20a%20los%20referentes%20de%20*Miraflores*%20(donde%20ustedes%20destacan%20con%20%E2%AD%90%20*4.7*)%2C%20realizamos%20una%20auditor%C3%ADa%20t%C3%A9cnica%20gratuita%20a%20su%20web%20actual%20(*http%3A%2F%2Fwww.neiracafelab.com%2F*).%0A%0ADetectamos%20algunos%20puntos%20cr%C3%ADticos%20que%20podr%C3%ADan%20estar%20frenando%20sus%20consultas%3A%0A%E2%80%A2%20URL%20inv%C3%A1lida%20o%20no%20registrada.%0A%0A%F0%9F%91%89%20*Dato%20clave%3A*%20El%2065%25%20de%20usuarios%20en%20Lima%20abandonan%20una%20web%20si%20no%20encuentran%20un%20bot%C3%B3n%20flotante%20de%20WhatsApp%20para%20consultar%20en%20el%20momento.%0A%0A%0APodemos%20modernizar%20su%20web%20para%20que%20cargue%20al%20instante%20y%20multiplique%20sus%20contactos%20por%20WhatsApp.%20%C2%BFLes%20gustar%C3%ADa%20que%20les%20enviemos%20el%20reporte%20t%C3%A9cnico%20completo%3F%20%F0%9F%93%8A"
"Amarena La Mar",cafeterias,"Miraflores",4.7,635,951859079,NEEDS_WEBSITE,amarena-la-mar.cafeterias.todolima.com,"https://wa.me/51951859079?text=Hola%20equipo%20de%20*Amarena%20La%20Mar*%20%F0%9F%91%8B%2C%20los%20saluda%20el%20equipo%20de%20*Todo%20Lima*%20(todolima.com).%0A%0AVimos%20que%20son%20uno%20de%20los%20negocios%20con%20mejor%20reputaci%C3%B3n%20en%20Google%20Maps%20en%20*Miraflores*%20(%E2%AD%90%20*4.7*%20con%20635%20opiniones)%20%C2%A1Felicitaciones%20por%20tan%20buen%20trabajo!%20%F0%9F%91%8F%0A%0ARevisamos%20su%20ficha%20y%20notamos%20que%20*a%C3%BAn%20no%20cuentan%20con%20una%20p%C3%A1gina%20web%20oficial*%20donde%20sus%20clientes%20puedan%20consultar%20sus%20servicios%20y%20agendar%20directamente%20por%20WhatsApp.%0A%0AEn%20*Todo%20Lima*%20creamos%20landing%20pages%20ultrarr%C3%A1pidas%20pensadas%20para%20negocios%20locales%3A%0A%E2%9C%85%20Subdominio%20verificado%3A%20*amarena-la-mar.cafeterias.todolima.com*%0A%E2%9C%85%20Bot%C3%B3n%20de%20WhatsApp%20directo%20para%20recibir%20pedidos%20y%20citas%20al%20instante%0A%E2%9C%85%20Mapa%20interactivo%20para%20que%20lleguen%20a%20su%20local%20en%20Miraflores%0A%E2%9C%85%20Carga%20en%20menos%20de%201%20segundo%20en%20celulares%0A%E2%9C%85%20Ficha%20destacada%20en%20el%20directorio%20todolima.com%0A%0APreparamos%20una%20demostraci%C3%B3n%20sin%20costo%20de%20c%C3%B3mo%20se%20ver%C3%ADa%20la%20web%20de%20*Amarena%20La%20Mar*.%20%C2%BFLes%20gustar%C3%ADa%20que%20les%20comparta%20el%20enlace%20de%20prueba%20por%20aqu%C3%AD%3F%20%F0%9F%9A%80"
"Ayni Coffee - Tarata",cafeterias,"Miraflores",4.7,595,940858254,NEEDS_WEBSITE,ayni-coffee-tarata.cafeterias.todolima.com,"https://wa.me/51940858254?text=Hola%20equipo%20de%20*Ayni%20Coffee%20-%20Tarata*%20%F0%9F%91%8B%2C%20los%20saluda%20el%20equipo%20de%20*Todo%20Lima*%20(todolima.com).%0A%0AVimos%20que%20son%20uno%20de%20los%20negocios%20con%20mejor%20reputaci%C3%B3n%20en%20Google%20Maps%20en%20*Miraflores*%20(%E2%AD%90%20*4.7*%20con%20595%20opiniones)%20%C2%A1Felicitaciones%20por%20tan%20buen%20trabajo!%20%F0%9F%91%8F%0A%0ARevisamos%20su%20ficha%20y%20notamos%20que%20*a%C3%BAn%20no%20cuentan%20con%20una%20p%C3%A1gina%20web%20oficial*%20donde%20sus%20clientes%20puedan%20consultar%20sus%20servicios%20y%20agendar%20directamente%20por%20WhatsApp.%0A%0AEn%20*Todo%20Lima*%20creamos%20landing%20pages%20ultrarr%C3%A1pidas%20pensadas%20para%20negocios%20locales%3A%0A%E2%9C%85%20Subdominio%20verificado%3A%20*ayni-coffee-tarata.cafeterias.todolima.com*%0A%E2%9C%85%20Bot%C3%B3n%20de%20WhatsApp%20directo%20para%20recibir%20pedidos%20y%20citas%20al%20instante%0A%E2%9C%85%20Mapa%20interactivo%20para%20que%20lleguen%20a%20su%20local%20en%20Miraflores%0A%E2%9C%85%20Carga%20en%20menos%20de%201%20segundo%20en%20celulares%0A%E2%9C%85%20Ficha%20destacada%20en%20el%20directorio%20todolima.com%0A%0APreparamos%20una%20demostraci%C3%B3n%20sin%20costo%20de%20c%C3%B3mo%20se%20ver%C3%ADa%20la%20web%20de%20*Ayni%20Coffee%20-%20Tarata*.%20%C2%BFLes%20gustar%C3%ADa%20que%20les%20comparta%20el%20enlace%20de%20prueba%20por%20aqu%C3%AD%3F%20%F0%9F%9A%80"
"Terrua Cafetería | Cafeteria en Miraflores",cafeterias,"Miraflores",4.7,535,989307864,REDESIGN_WEBSITE,terrua-cafeteria-cafeteria-en-.cafeterias.todolima.com,"https://wa.me/51989307864?text=Hola%20equipo%20de%20*Terrua%20Cafeter%C3%ADa%20%7C%20Cafeteria%20en%20Miraflores*%20%F0%9F%91%8B%2C%20gusto%20en%20saludarlos.%0A%0ALes%20escribimos%20desde%20*Todo%20Lima*.%20Al%20revisar%20a%20los%20referentes%20de%20*Miraflores*%20(donde%20ustedes%20destacan%20con%20%E2%AD%90%20*4.7*)%2C%20realizamos%20una%20auditor%C3%ADa%20t%C3%A9cnica%20gratuita%20a%20su%20web%20actual%20(*https%3A%2F%2Fterruacafe.com%2F*).%0A%0ADetectamos%20algunos%20puntos%20cr%C3%ADticos%20que%20podr%C3%ADan%20estar%20frenando%20sus%20consultas%3A%0A%E2%80%A2%20URL%20inv%C3%A1lida%20o%20no%20registrada.%0A%0A%F0%9F%91%89%20*Dato%20clave%3A*%20El%2065%25%20de%20usuarios%20en%20Lima%20abandonan%20una%20web%20si%20no%20encuentran%20un%20bot%C3%B3n%20flotante%20de%20WhatsApp%20para%20consultar%20en%20el%20momento.%0A%0A%0APodemos%20modernizar%20su%20web%20para%20que%20cargue%20al%20instante%20y%20multiplique%20sus%20contactos%20por%20WhatsApp.%20%C2%BFLes%20gustar%C3%ADa%20que%20les%20enviemos%20el%20reporte%20t%C3%A9cnico%20completo%3F%20%F0%9F%93%8A"
"Ale Cendra",cafeterias,"Lima",4.7,483,936799135,NEEDS_WEBSITE,ale-cendra.cafeterias.todolima.com,"https://wa.me/51936799135?text=Hola%20equipo%20de%20*Ale%20Cendra*%20%F0%9F%91%8B%2C%20los%20saluda%20el%20equipo%20de%20*Todo%20Lima*%20(todolima.com).%0A%0AVimos%20que%20son%20uno%20de%20los%20negocios%20con%20mejor%20reputaci%C3%B3n%20en%20Google%20Maps%20en%20*Lima*%20(%E2%AD%90%20*4.7*%20con%20483%20opiniones)%20%C2%A1Felicitaciones%20por%20tan%20buen%20trabajo!%20%F0%9F%91%8F%0A%0ARevisamos%20su%20ficha%20y%20notamos%20que%20*a%C3%BAn%20no%20cuentan%20con%20una%20p%C3%A1gina%20web%20oficial*%20donde%20sus%20clientes%20puedan%20consultar%20sus%20servicios%20y%20agendar%20directamente%20por%20WhatsApp.%0A%0AEn%20*Todo%20Lima*%20creamos%20landing%20pages%20ultrarr%C3%A1pidas%20pensadas%20para%20negocios%20locales%3A%0A%E2%9C%85%20Subdominio%20verificado%3A%20*ale-cendra.cafeterias.todolima.com*%0A%E2%9C%85%20Bot%C3%B3n%20de%20WhatsApp%20directo%20para%20recibir%20pedidos%20y%20citas%20al%20instante%0A%E2%9C%85%20Mapa%20interactivo%20para%20que%20lleguen%20a%20su%20local%20en%20Lima%0A%E2%9C%85%20Carga%20en%20menos%20de%201%20segundo%20en%20celulares%0A%E2%9C%85%20Ficha%20destacada%20en%20el%20directorio%20todolima.com%0A%0APreparamos%20una%20demostraci%C3%B3n%20sin%20costo%20de%20c%C3%B3mo%20se%20ver%C3%ADa%20la%20web%20de%20*Ale%20Cendra*.%20%C2%BFLes%20gustar%C3%ADa%20que%20les%20comparta%20el%20enlace%20de%20prueba%20por%20aqu%C3%AD%3F%20%F0%9F%9A%80"
"MONOTONO COFFEE",cafeterias,"Barranco",4.7,218,932568613,REDESIGN_WEBSITE,monotono-coffee.cafeterias.todolima.com,"https://wa.me/51932568613?text=Hola%20equipo%20de%20*MONOTONO%20COFFEE*%20%F0%9F%91%8B%2C%20gusto%20en%20saludarlos.%0A%0ALes%20escribimos%20desde%20*Todo%20Lima*.%20Al%20revisar%20a%20los%20referentes%20de%20*Barranco*%20(donde%20ustedes%20destacan%20con%20%E2%AD%90%20*4.7*)%2C%20realizamos%20una%20auditor%C3%ADa%20t%C3%A9cnica%20gratuita%20a%20su%20web%20actual%20(*https%3A%2F%2Fmonotonocoffee.com%2F*).%0A%0ADetectamos%20algunos%20puntos%20cr%C3%ADticos%20que%20podr%C3%ADan%20estar%20frenando%20sus%20consultas%3A%0A%E2%80%A2%20URL%20inv%C3%A1lida%20o%20no%20registrada.%0A%0A%F0%9F%91%89%20*Dato%20clave%3A*%20El%2065%25%20de%20usuarios%20en%20Lima%20abandonan%20una%20web%20si%20no%20encuentran%20un%20bot%C3%B3n%20flotante%20de%20WhatsApp%20para%20consultar%20en%20el%20momento.%0A%0A%0APodemos%20modernizar%20su%20web%20para%20que%20cargue%20al%20instante%20y%20multiplique%20sus%20contactos%20por%20WhatsApp.%20%C2%BFLes%20gustar%C3%ADa%20que%20les%20enviemos%20el%20reporte%20t%C3%A9cnico%20completo%3F%20%F0%9F%93%8A"
"Amauta Coffee",cafeterias,"Santiago de Surco",4.7,211,994916448,NEEDS_WEBSITE,amauta-coffee.cafeterias.todolima.com,"https://wa.me/51994916448?text=Hola%20equipo%20de%20*Amauta%20Coffee*%20%F0%9F%91%8B%2C%20los%20saluda%20el%20equipo%20de%20*Todo%20Lima*%20(todolima.com).%0A%0AVimos%20que%20son%20uno%20de%20los%20negocios%20con%20mejor%20reputaci%C3%B3n%20en%20Google%20Maps%20en%20*Santiago%20de%20Surco*%20(%E2%AD%90%20*4.7*%20con%20211%20opiniones)%20%C2%A1Felicitaciones%20por%20tan%20buen%20trabajo!%20%F0%9F%91%8F%0A%0ARevisamos%20su%20ficha%20y%20notamos%20que%20*a%C3%BAn%20no%20cuentan%20con%20una%20p%C3%A1gina%20web%20oficial*%20donde%20sus%20clientes%20puedan%20consultar%20sus%20servicios%20y%20agendar%20directamente%20por%20WhatsApp.%0A%0AEn%20*Todo%20Lima*%20creamos%20landing%20pages%20ultrarr%C3%A1pidas%20pensadas%20para%20negocios%20locales%3A%0A%E2%9C%85%20Subdominio%20verificado%3A%20*amauta-coffee.cafeterias.todolima.com*%0A%E2%9C%85%20Bot%C3%B3n%20de%20WhatsApp%20directo%20para%20recibir%20pedidos%20y%20citas%20al%20instante%0A%E2%9C%85%20Mapa%20interactivo%20para%20que%20lleguen%20a%20su%20local%20en%20Santiago%20de%20Surco%0A%E2%9C%85%20Carga%20en%20menos%20de%201%20segundo%20en%20celulares%0A%E2%9C%85%20Ficha%20destacada%20en%20el%20directorio%20todolima.com%0A%0APreparamos%20una%20demostraci%C3%B3n%20sin%20costo%20de%20c%C3%B3mo%20se%20ver%C3%ADa%20la%20web%20de%20*Amauta%20Coffee*.%20%C2%BFLes%20gustar%C3%ADa%20que%20les%20comparta%20el%20enlace%20de%20prueba%20por%20aqu%C3%AD%3F%20%F0%9F%9A%80"
"OK CAFÉ",cafeterias,"Miraflores",4.7,154,933515902,NEEDS_WEBSITE,ok-cafe.cafeterias.todolima.com,"https://wa.me/51933515902?text=Hola%20equipo%20de%20*OK%20CAF%C3%89*%20%F0%9F%91%8B%2C%20los%20saluda%20el%20equipo%20de%20*Todo%20Lima*%20(todolima.com).%0A%0AVimos%20que%20son%20uno%20de%20los%20negocios%20con%20mejor%20reputaci%C3%B3n%20en%20Google%20Maps%20en%20*Miraflores*%20(%E2%AD%90%20*4.7*%20con%20154%20opiniones)%20%C2%A1Felicitaciones%20por%20tan%20buen%20trabajo!%20%F0%9F%91%8F%0A%0ARevisamos%20su%20ficha%20y%20notamos%20que%20*a%C3%BAn%20no%20cuentan%20con%20una%20p%C3%A1gina%20web%20oficial*%20donde%20sus%20clientes%20puedan%20consultar%20sus%20servicios%20y%20agendar%20directamente%20por%20WhatsApp.%0A%0AEn%20*Todo%20Lima*%20creamos%20landing%20pages%20ultrarr%C3%A1pidas%20pensadas%20para%20negocios%20locales%3A%0A%E2%9C%85%20Subdominio%20verificado%3A%20*ok-cafe.cafeterias.todolima.com*%0A%E2%9C%85%20Bot%C3%B3n%20de%20WhatsApp%20directo%20para%20recibir%20pedidos%20y%20citas%20al%20instante%0A%E2%9C%85%20Mapa%20interactivo%20para%20que%20lleguen%20a%20su%20local%20en%20Miraflores%0A%E2%9C%85%20Carga%20en%20menos%20de%201%20segundo%20en%20celulares%0A%E2%9C%85%20Ficha%20destacada%20en%20el%20directorio%20todolima.com%0A%0APreparamos%20una%20demostraci%C3%B3n%20sin%20costo%20de%20c%C3%B3mo%20se%20ver%C3%ADa%20la%20web%20de%20*OK%20CAF%C3%89*.%20%C2%BFLes%20gustar%C3%ADa%20que%20les%20comparta%20el%20enlace%20de%20prueba%20por%20aqu%C3%AD%3F%20%F0%9F%9A%80"
"COFAINE - Specialty Coffee Dealers",cafeterias,"Miraflores",4.7,135,923231437,REDESIGN_WEBSITE,cofaine-specialty-coffee-deale.cafeterias.todolima.com,"https://wa.me/51923231437?text=Hola%20equipo%20de%20*COFAINE%20-%20Specialty%20Coffee%20Dealers*%20%F0%9F%91%8B%2C%20gusto%20en%20saludarlos.%0A%0ALes%20escribimos%20desde%20*Todo%20Lima*.%20Al%20revisar%20a%20los%20referentes%20de%20*Miraflores*%20(donde%20ustedes%20destacan%20con%20%E2%AD%90%20*4.7*)%2C%20realizamos%20una%20auditor%C3%ADa%20t%C3%A9cnica%20gratuita%20a%20su%20web%20actual%20(*http%3A%2F%2Fwww.cofaine.pe%2F*).%0A%0ADetectamos%20algunos%20puntos%20cr%C3%ADticos%20que%20podr%C3%ADan%20estar%20frenando%20sus%20consultas%3A%0A%E2%80%A2%20URL%20inv%C3%A1lida%20o%20no%20registrada.%0A%0A%F0%9F%91%89%20*Dato%20clave%3A*%20El%2065%25%20de%20usuarios%20en%20Lima%20abandonan%20una%20web%20si%20no%20encuentran%20un%20bot%C3%B3n%20flotante%20de%20WhatsApp%20para%20consultar%20en%20el%20momento.%0A%0A%0APodemos%20modernizar%20su%20web%20para%20que%20cargue%20al%20instante%20y%20multiplique%20sus%20contactos%20por%20WhatsApp.%20%C2%BFLes%20gustar%C3%ADa%20que%20les%20enviemos%20el%20reporte%20t%C3%A9cnico%20completo%3F%20%F0%9F%93%8A"
"Urban Coffee Perú",cafeterias,"Miraflores",4.7,103,949270311,REDESIGN_WEBSITE,urban-coffee-peru.cafeterias.todolima.com,"https://wa.me/51949270311?text=Hola%20equipo%20de%20*Urban%20Coffee%20Per%C3%BA*%20%F0%9F%91%8B%2C%20gusto%20en%20saludarlos.%0A%0ALes%20escribimos%20desde%20*Todo%20Lima*.%20Al%20revisar%20a%20los%20referentes%20de%20*Miraflores*%20(donde%20ustedes%20destacan%20con%20%E2%AD%90%20*4.7*)%2C%20realizamos%20una%20auditor%C3%ADa%20t%C3%A9cnica%20gratuita%20a%20su%20web%20actual%20(*https%3A%2F%2Furbancoffeeperu.com%2F*).%0A%0ADetectamos%20algunos%20puntos%20cr%C3%ADticos%20que%20podr%C3%ADan%20estar%20frenando%20sus%20consultas%3A%0A%E2%80%A2%20URL%20inv%C3%A1lida%20o%20no%20registrada.%0A%0A%F0%9F%91%89%20*Dato%20clave%3A*%20El%2065%25%20de%20usuarios%20en%20Lima%20abandonan%20una%20web%20si%20no%20encuentran%20un%20bot%C3%B3n%20flotante%20de%20WhatsApp%20para%20consultar%20en%20el%20momento.%0A%0A%0APodemos%20modernizar%20su%20web%20para%20que%20cargue%20al%20instante%20y%20multiplique%20sus%20contactos%20por%20WhatsApp.%20%C2%BFLes%20gustar%C3%ADa%20que%20les%20enviemos%20el%20reporte%20t%C3%A9cnico%20completo%3F%20%F0%9F%93%8A"
"Cardinal Café - Angamos",cafeterias,"Miraflores",4.7,92,999025089,NEEDS_WEBSITE,cardinal-cafe-angamos.cafeterias.todolima.com,"https://wa.me/51999025089?text=Hola%20equipo%20de%20*Cardinal%20Caf%C3%A9%20-%20Angamos*%20%F0%9F%91%8B%2C%20los%20saluda%20el%20equipo%20de%20*Todo%20Lima*%20(todolima.com).%0A%0AVimos%20que%20son%20uno%20de%20los%20negocios%20con%20mejor%20reputaci%C3%B3n%20en%20Google%20Maps%20en%20*Miraflores*%20(%E2%AD%90%20*4.7*%20con%2092%20opiniones)%20%C2%A1Felicitaciones%20por%20tan%20buen%20trabajo!%20%F0%9F%91%8F%0A%0ARevisamos%20su%20ficha%20y%20notamos%20que%20*a%C3%BAn%20no%20cuentan%20con%20una%20p%C3%A1gina%20web%20oficial*%20donde%20sus%20clientes%20puedan%20consultar%20sus%20servicios%20y%20agendar%20directamente%20por%20WhatsApp.%0A%0AEn%20*Todo%20Lima*%20creamos%20landing%20pages%20ultrarr%C3%A1pidas%20pensadas%20para%20negocios%20locales%3A%0A%E2%9C%85%20Subdominio%20verificado%3A%20*cardinal-cafe-angamos.cafeterias.todolima.com*%0A%E2%9C%85%20Bot%C3%B3n%20de%20WhatsApp%20directo%20para%20recibir%20pedidos%20y%20citas%20al%20instante%0A%E2%9C%85%20Mapa%20interactivo%20para%20que%20lleguen%20a%20su%20local%20en%20Miraflores%0A%E2%9C%85%20Carga%20en%20menos%20de%201%20segundo%20en%20celulares%0A%E2%9C%85%20Ficha%20destacada%20en%20el%20directorio%20todolima.com%0A%0APreparamos%20una%20demostraci%C3%B3n%20sin%20costo%20de%20c%C3%B3mo%20se%20ver%C3%ADa%20la%20web%20de%20*Cardinal%20Caf%C3%A9%20-%20Angamos*.%20%C2%BFLes%20gustar%C3%ADa%20que%20les%20comparta%20el%20enlace%20de%20prueba%20por%20aqu%C3%AD%3F%20%F0%9F%9A%80"
"Artesano Café",cafeterias,"Miraflores",4.7,74,923088190,NEEDS_WEBSITE,artesano-cafe.cafeterias.todolima.com,"https://wa.me/51923088190?text=Hola%20equipo%20de%20*Artesano%20Caf%C3%A9*%20%F0%9F%91%8B%2C%20los%20saluda%20el%20equipo%20de%20*Todo%20Lima*%20(todolima.com).%0A%0AVimos%20que%20son%20uno%20de%20los%20negocios%20con%20mejor%20reputaci%C3%B3n%20en%20Google%20Maps%20en%20*Miraflores*%20(%E2%AD%90%20*4.7*%20con%2074%20opiniones)%20%C2%A1Felicitaciones%20por%20tan%20buen%20trabajo!%20%F0%9F%91%8F%0A%0ARevisamos%20su%20ficha%20y%20notamos%20que%20*a%C3%BAn%20no%20cuentan%20con%20una%20p%C3%A1gina%20web%20oficial*%20donde%20sus%20clientes%20puedan%20consultar%20sus%20servicios%20y%20agendar%20directamente%20por%20WhatsApp.%0A%0AEn%20*Todo%20Lima*%20creamos%20landing%20pages%20ultrarr%C3%A1pidas%20pensadas%20para%20negocios%20locales%3A%0A%E2%9C%85%20Subdominio%20verificado%3A%20*artesano-cafe.cafeterias.todolima.com*%0A%E2%9C%85%20Bot%C3%B3n%20de%20WhatsApp%20directo%20para%20recibir%20pedidos%20y%20citas%20al%20instante%0A%E2%9C%85%20Mapa%20interactivo%20para%20que%20lleguen%20a%20su%20local%20en%20Miraflores%0A%E2%9C%85%20Carga%20en%20menos%20de%201%20segundo%20en%20celulares%0A%E2%9C%85%20Ficha%20destacada%20en%20el%20directorio%20todolima.com%0A%0APreparamos%20una%20demostraci%C3%B3n%20sin%20costo%20de%20c%C3%B3mo%20se%20ver%C3%ADa%20la%20web%20de%20*Artesano%20Caf%C3%A9*.%20%C2%BFLes%20gustar%C3%ADa%20que%20les%20comparta%20el%20enlace%20de%20prueba%20por%20aqu%C3%AD%3F%20%F0%9F%9A%80"
"Fú Café",cafeterias,"Lima",4.7,49,906231617,NEEDS_WEBSITE,fu-cafe.cafeterias.todolima.com,"https://wa.me/51906231617?text=Hola%20equipo%20de%20*F%C3%BA%20Caf%C3%A9*%20%F0%9F%91%8B%2C%20los%20saluda%20el%20equipo%20de%20*Todo%20Lima*%20(todolima.com).%0A%0AVimos%20que%20son%20uno%20de%20los%20negocios%20con%20mejor%20reputaci%C3%B3n%20en%20Google%20Maps%20en%20*Lima*%20(%E2%AD%90%20*4.7*%20con%2049%20opiniones)%20%C2%A1Felicitaciones%20por%20tan%20buen%20trabajo!%20%F0%9F%91%8F%0A%0ARevisamos%20su%20ficha%20y%20notamos%20que%20*a%C3%BAn%20no%20cuentan%20con%20una%20p%C3%A1gina%20web%20oficial*%20donde%20sus%20clientes%20puedan%20consultar%20sus%20servicios%20y%20agendar%20directamente%20por%20WhatsApp.%0A%0AEn%20*Todo%20Lima*%20creamos%20landing%20pages%20ultrarr%C3%A1pidas%20pensadas%20para%20negocios%20locales%3A%0A%E2%9C%85%20Subdominio%20verificado%3A%20*fu-cafe.cafeterias.todolima.com*%0A%E2%9C%85%20Bot%C3%B3n%20de%20WhatsApp%20directo%20para%20recibir%20pedidos%20y%20citas%20al%20instante%0A%E2%9C%85%20Mapa%20interactivo%20para%20que%20lleguen%20a%20su%20local%20en%20Lima%0A%E2%9C%85%20Carga%20en%20menos%20de%201%20segundo%20en%20celulares%0A%E2%9C%85%20Ficha%20destacada%20en%20el%20directorio%20todolima.com%0A%0APreparamos%20una%20demostraci%C3%B3n%20sin%20costo%20de%20c%C3%B3mo%20se%20ver%C3%ADa%20la%20web%20de%20*F%C3%BA%20Caf%C3%A9*.%20%C2%BFLes%20gustar%C3%ADa%20que%20les%20comparta%20el%20enlace%20de%20prueba%20por%20aqu%C3%AD%3F%20%F0%9F%9A%80"
"Artesa - Tienda de Café y Pastelería",cafeterias,"Barranco",4.7,10,948432038,NEEDS_WEBSITE,artesa-tienda-de-cafe-y-pastel.cafeterias.todolima.com,"https://wa.me/51948432038?text=Hola%20equipo%20de%20*Artesa%20-%20Tienda%20de%20Caf%C3%A9%20y%20Pasteler%C3%ADa*%20%F0%9F%91%8B%2C%20los%20saluda%20el%20equipo%20de%20*Todo%20Lima*%20(todolima.com).%0A%0AVimos%20que%20son%20uno%20de%20los%20negocios%20con%20mejor%20reputaci%C3%B3n%20en%20Google%20Maps%20en%20*Barranco*%20(%E2%AD%90%20*4.7*%20con%2010%20opiniones)%20%C2%A1Felicitaciones%20por%20tan%20buen%20trabajo!%20%F0%9F%91%8F%0A%0ARevisamos%20su%20ficha%20y%20notamos%20que%20*a%C3%BAn%20no%20cuentan%20con%20una%20p%C3%A1gina%20web%20oficial*%20donde%20sus%20clientes%20puedan%20consultar%20sus%20servicios%20y%20agendar%20directamente%20por%20WhatsApp.%0A%0AEn%20*Todo%20Lima*%20creamos%20landing%20pages%20ultrarr%C3%A1pidas%20pensadas%20para%20negocios%20locales%3A%0A%E2%9C%85%20Subdominio%20verificado%3A%20*artesa-tienda-de-cafe-y-pastel.cafeterias.todolima.com*%0A%E2%9C%85%20Bot%C3%B3n%20de%20WhatsApp%20directo%20para%20recibir%20pedidos%20y%20citas%20al%20instante%0A%E2%9C%85%20Mapa%20interactivo%20para%20que%20lleguen%20a%20su%20local%20en%20Barranco%0A%E2%9C%85%20Carga%20en%20menos%20de%201%20segundo%20en%20celulares%0A%E2%9C%85%20Ficha%20destacada%20en%20el%20directorio%20todolima.com%0A%0APreparamos%20una%20demostraci%C3%B3n%20sin%20costo%20de%20c%C3%B3mo%20se%20ver%C3%ADa%20la%20web%20de%20*Artesa%20-%20Tienda%20de%20Caf%C3%A9%20y%20Pasteler%C3%ADa*.%20%C2%BFLes%20gustar%C3%ADa%20que%20les%20comparta%20el%20enlace%20de%20prueba%20por%20aqu%C3%AD%3F%20%F0%9F%9A%80"
"Automotriz C F Motor's eirl",car-wash,"Lima",4.7,24,955754169,NEEDS_WEBSITE,automotriz-c-f-motor-s-eirl.car-wash.todolima.com,"https://wa.me/51955754169?text=Hola%20equipo%20de%20*Automotriz%20C%20F%20Motor's%20eirl*%20%F0%9F%91%8B%2C%20los%20saluda%20el%20equipo%20de%20*Todo%20Lima*%20(todolima.com).%0A%0AVimos%20que%20son%20uno%20de%20los%20negocios%20con%20mejor%20reputaci%C3%B3n%20en%20Google%20Maps%20en%20*Lima*%20(%E2%AD%90%20*4.7*%20con%2024%20opiniones)%20%C2%A1Felicitaciones%20por%20tan%20buen%20trabajo!%20%F0%9F%91%8F%0A%0ARevisamos%20su%20ficha%20y%20notamos%20que%20*a%C3%BAn%20no%20cuentan%20con%20una%20p%C3%A1gina%20web%20oficial*%20donde%20sus%20clientes%20puedan%20consultar%20sus%20servicios%20y%20agendar%20directamente%20por%20WhatsApp.%0A%0AEn%20*Todo%20Lima*%20creamos%20landing%20pages%20ultrarr%C3%A1pidas%20pensadas%20para%20negocios%20locales%3A%0A%E2%9C%85%20Subdominio%20verificado%3A%20*automotriz-c-f-motor-s-eirl.car-wash.todolima.com*%0A%E2%9C%85%20Bot%C3%B3n%20de%20WhatsApp%20directo%20para%20recibir%20pedidos%20y%20citas%20al%20instante%0A%E2%9C%85%20Mapa%20interactivo%20para%20que%20lleguen%20a%20su%20local%20en%20Lima%0A%E2%9C%85%20Carga%20en%20menos%20de%201%20segundo%20en%20celulares%0A%E2%9C%85%20Ficha%20destacada%20en%20el%20directorio%20todolima.com%0A%0APreparamos%20una%20demostraci%C3%B3n%20sin%20costo%20de%20c%C3%B3mo%20se%20ver%C3%ADa%20la%20web%20de%20*Automotriz%20C%20F%20Motor's%20eirl*.%20%C2%BFLes%20gustar%C3%ADa%20que%20les%20comparta%20el%20enlace%20de%20prueba%20por%20aqu%C3%AD%3F%20%F0%9F%9A%80"
"Carpintería de Walter Camacho",carpinteros,"Lima",4.7,3,981006382,NEEDS_WEBSITE,carpinteria-de-walter-camacho.carpinteros.todolima.com,"https://wa.me/51981006382?text=Hola%20equipo%20de%20*Carpinter%C3%ADa%20de%20Walter%20Camacho*%20%F0%9F%91%8B%2C%20los%20saluda%20el%20equipo%20de%20*Todo%20Lima*%20(todolima.com).%0A%0AVimos%20que%20son%20uno%20de%20los%20negocios%20con%20mejor%20reputaci%C3%B3n%20en%20Google%20Maps%20en%20*Lima*%20(%E2%AD%90%20*4.7*%20con%203%20opiniones)%20%C2%A1Felicitaciones%20por%20tan%20buen%20trabajo!%20%F0%9F%91%8F%0A%0ARevisamos%20su%20ficha%20y%20notamos%20que%20*a%C3%BAn%20no%20cuentan%20con%20una%20p%C3%A1gina%20web%20oficial*%20donde%20sus%20clientes%20puedan%20consultar%20sus%20servicios%20y%20agendar%20directamente%20por%20WhatsApp.%0A%0AEn%20*Todo%20Lima*%20creamos%20landing%20pages%20ultrarr%C3%A1pidas%20pensadas%20para%20negocios%20locales%3A%0A%E2%9C%85%20Subdominio%20verificado%3A%20*carpinteria-de-walter-camacho.carpinteros.todolima.com*%0A%E2%9C%85%20Bot%C3%B3n%20de%20WhatsApp%20directo%20para%20recibir%20pedidos%20y%20citas%20al%20instante%0A%E2%9C%85%20Mapa%20interactivo%20para%20que%20lleguen%20a%20su%20local%20en%20Lima%0A%E2%9C%85%20Carga%20en%20menos%20de%201%20segundo%20en%20celulares%0A%E2%9C%85%20Ficha%20destacada%20en%20el%20directorio%20todolima.com%0A%0APreparamos%20una%20demostraci%C3%B3n%20sin%20costo%20de%20c%C3%B3mo%20se%20ver%C3%ADa%20la%20web%20de%20*Carpinter%C3%ADa%20de%20Walter%20Camacho*.%20%C2%BFLes%20gustar%C3%ADa%20que%20les%20comparta%20el%20enlace%20de%20prueba%20por%20aqu%C3%AD%3F%20%F0%9F%9A%80"
"carpintería ""Farro""",carpinteros,"Lima",4.7,3,966407705,NEEDS_WEBSITE,carpinteria-farro.carpinteros.todolima.com,"https://wa.me/51966407705?text=Hola%20equipo%20de%20*carpinter%C3%ADa%20%22Farro%22*%20%F0%9F%91%8B%2C%20los%20saluda%20el%20equipo%20de%20*Todo%20Lima*%20(todolima.com).%0A%0AVimos%20que%20son%20uno%20de%20los%20negocios%20con%20mejor%20reputaci%C3%B3n%20en%20Google%20Maps%20en%20*Lima*%20(%E2%AD%90%20*4.7*%20con%203%20opiniones)%20%C2%A1Felicitaciones%20por%20tan%20buen%20trabajo!%20%F0%9F%91%8F%0A%0ARevisamos%20su%20ficha%20y%20notamos%20que%20*a%C3%BAn%20no%20cuentan%20con%20una%20p%C3%A1gina%20web%20oficial*%20donde%20sus%20clientes%20puedan%20consultar%20sus%20servicios%20y%20agendar%20directamente%20por%20WhatsApp.%0A%0AEn%20*Todo%20Lima*%20creamos%20landing%20pages%20ultrarr%C3%A1pidas%20pensadas%20para%20negocios%20locales%3A%0A%E2%9C%85%20Subdominio%20verificado%3A%20*carpinteria-farro.carpinteros.todolima.com*%0A%E2%9C%85%20Bot%C3%B3n%20de%20WhatsApp%20directo%20para%20recibir%20pedidos%20y%20citas%20al%20instante%0A%E2%9C%85%20Mapa%20interactivo%20para%20que%20lleguen%20a%20su%20local%20en%20Lima%0A%E2%9C%85%20Carga%20en%20menos%20de%201%20segundo%20en%20celulares%0A%E2%9C%85%20Ficha%20destacada%20en%20el%20directorio%20todolima.com%0A%0APreparamos%20una%20demostraci%C3%B3n%20sin%20costo%20de%20c%C3%B3mo%20se%20ver%C3%ADa%20la%20web%20de%20*carpinter%C3%ADa%20%22Farro%22*.%20%C2%BFLes%20gustar%C3%ADa%20que%20les%20comparta%20el%20enlace%20de%20prueba%20por%20aqu%C3%AD%3F%20%F0%9F%9A%80"
"Llaves Joel - Keys House",cerrajeros,"Lima",4.7,53,994092807,REDESIGN_WEBSITE,llaves-joel-keys-house.cerrajeros.todolima.com,"https://wa.me/51994092807?text=Hola%20equipo%20de%20*Llaves%20Joel%20-%20Keys%20House*%20%F0%9F%91%8B%2C%20gusto%20en%20saludarlos.%0A%0ALes%20escribimos%20desde%20*Todo%20Lima*.%20Al%20revisar%20a%20los%20referentes%20de%20*Lima*%20(donde%20ustedes%20destacan%20con%20%E2%AD%90%20*4.7*)%2C%20realizamos%20una%20auditor%C3%ADa%20t%C3%A9cnica%20gratuita%20a%20su%20web%20actual%20(*http%3A%2F%2Fwww.llavesjoel.com%2F*).%0A%0ADetectamos%20algunos%20puntos%20cr%C3%ADticos%20que%20podr%C3%ADan%20estar%20frenando%20sus%20consultas%3A%0A%E2%80%A2%20Error%20de%20conexi%C3%B3n%20al%20cargar%20la%20p%C3%A1gina%3A%20fetch%20failed.%20El%20sitio%20se%20encuentra%20ca%C3%ADdo%20o%20inaccesible.%0A%0A%F0%9F%91%89%20*Dato%20clave%3A*%20El%2065%25%20de%20usuarios%20en%20Lima%20abandonan%20una%20web%20si%20no%20encuentran%20un%20bot%C3%B3n%20flotante%20de%20WhatsApp%20para%20consultar%20en%20el%20momento.%0A%0A%0APodemos%20modernizar%20su%20web%20para%20que%20cargue%20al%20instante%20y%20multiplique%20sus%20contactos%20por%20WhatsApp.%20%C2%BFLes%20gustar%C3%ADa%20que%20les%20enviemos%20el%20reporte%20t%C3%A9cnico%20completo%3F%20%F0%9F%93%8A"
"Duplicado de llaves 721",cerrajeros,"Lima",4.7,3,967593663,NEEDS_WEBSITE,duplicado-de-llaves-721.cerrajeros.todolima.com,"https://wa.me/51967593663?text=Hola%20equipo%20de%20*Duplicado%20de%20llaves%20721*%20%F0%9F%91%8B%2C%20los%20saluda%20el%20equipo%20de%20*Todo%20Lima*%20(todolima.com).%0A%0AVimos%20que%20son%20uno%20de%20los%20negocios%20con%20mejor%20reputaci%C3%B3n%20en%20Google%20Maps%20en%20*Lima*%20(%E2%AD%90%20*4.7*%20con%203%20opiniones)%20%C2%A1Felicitaciones%20por%20tan%20buen%20trabajo!%20%F0%9F%91%8F%0A%0ARevisamos%20su%20ficha%20y%20notamos%20que%20*a%C3%BAn%20no%20cuentan%20con%20una%20p%C3%A1gina%20web%20oficial*%20donde%20sus%20clientes%20puedan%20consultar%20sus%20servicios%20y%20agendar%20directamente%20por%20WhatsApp.%0A%0AEn%20*Todo%20Lima*%20creamos%20landing%20pages%20ultrarr%C3%A1pidas%20pensadas%20para%20negocios%20locales%3A%0A%E2%9C%85%20Subdominio%20verificado%3A%20*duplicado-de-llaves-721.cerrajeros.todolima.com*%0A%E2%9C%85%20Bot%C3%B3n%20de%20WhatsApp%20directo%20para%20recibir%20pedidos%20y%20citas%20al%20instante%0A%E2%9C%85%20Mapa%20interactivo%20para%20que%20lleguen%20a%20su%20local%20en%20Lima%0A%E2%9C%85%20Carga%20en%20menos%20de%201%20segundo%20en%20celulares%0A%E2%9C%85%20Ficha%20destacada%20en%20el%20directorio%20todolima.com%0A%0APreparamos%20una%20demostraci%C3%B3n%20sin%20costo%20de%20c%C3%B3mo%20se%20ver%C3%ADa%20la%20web%20de%20*Duplicado%20de%20llaves%20721*.%20%C2%BFLes%20gustar%C3%ADa%20que%20les%20comparta%20el%20enlace%20de%20prueba%20por%20aqu%C3%AD%3F%20%F0%9F%9A%80"
"Terminal Pesquero Cevichería Miraflores",cevicherias,"Miraflores",4.7,4764,919288367,REDESIGN_WEBSITE,terminal-pesquero-cevicheria-m.cevicherias.todolima.com,"https://wa.me/51919288367?text=Hola%20equipo%20de%20*Terminal%20Pesquero%20Cevicher%C3%ADa%20Miraflores*%20%F0%9F%91%8B%2C%20gusto%20en%20saludarlos.%0A%0ALes%20escribimos%20desde%20*Todo%20Lima*.%20Al%20revisar%20a%20los%20referentes%20de%20*Miraflores*%20(donde%20ustedes%20destacan%20con%20%E2%AD%90%20*4.7*)%2C%20realizamos%20una%20auditor%C3%ADa%20t%C3%A9cnica%20gratuita%20a%20su%20web%20actual%20(*https%3A%2F%2Fterminalpesquero.com%2F*).%0A%0ADetectamos%20algunos%20puntos%20cr%C3%ADticos%20que%20podr%C3%ADan%20estar%20frenando%20sus%20consultas%3A%0A%E2%80%A2%20URL%20inv%C3%A1lida%20o%20no%20registrada.%0A%0A%F0%9F%91%89%20*Dato%20clave%3A*%20El%2065%25%20de%20usuarios%20en%20Lima%20abandonan%20una%20web%20si%20no%20encuentran%20un%20bot%C3%B3n%20flotante%20de%20WhatsApp%20para%20consultar%20en%20el%20momento.%0A%0A%0APodemos%20modernizar%20su%20web%20para%20que%20cargue%20al%20instante%20y%20multiplique%20sus%20contactos%20por%20WhatsApp.%20%C2%BFLes%20gustar%C3%ADa%20que%20les%20enviemos%20el%20reporte%20t%C3%A9cnico%20completo%3F%20%F0%9F%93%8A"
"Kauza Restaurante - Miraflores",cevicherias,"Miraflores",4.7,2670,981029866,REDESIGN_WEBSITE,kauza-restaurante-miraflores.cevicherias.todolima.com,"https://wa.me/51981029866?text=Hola%20equipo%20de%20*Kauza%20Restaurante%20-%20Miraflores*%20%F0%9F%91%8B%2C%20gusto%20en%20saludarlos.%0A%0ALes%20escribimos%20desde%20*Todo%20Lima*.%20Al%20revisar%20a%20los%20referentes%20de%20*Miraflores*%20(donde%20ustedes%20destacan%20con%20%E2%AD%90%20*4.7*)%2C%20realizamos%20una%20auditor%C3%ADa%20t%C3%A9cnica%20gratuita%20a%20su%20web%20actual%20(*https%3A%2F%2Fkauza.com.pe%2F*).%0A%0ADetectamos%20algunos%20puntos%20cr%C3%ADticos%20que%20podr%C3%ADan%20estar%20frenando%20sus%20consultas%3A%0A%E2%80%A2%20URL%20inv%C3%A1lida%20o%20no%20registrada.%0A%0A%F0%9F%91%89%20*Dato%20clave%3A*%20El%2065%25%20de%20usuarios%20en%20Lima%20abandonan%20una%20web%20si%20no%20encuentran%20un%20bot%C3%B3n%20flotante%20de%20WhatsApp%20para%20consultar%20en%20el%20momento.%0A%0A%0APodemos%20modernizar%20su%20web%20para%20que%20cargue%20al%20instante%20y%20multiplique%20sus%20contactos%20por%20WhatsApp.%20%C2%BFLes%20gustar%C3%ADa%20que%20les%20enviemos%20el%20reporte%20t%C3%A9cnico%20completo%3F%20%F0%9F%93%8A"
"Cevicheria El paisa",cevicherias,"Lima",4.7,473,960476470,NEEDS_WEBSITE,cevicheria-el-paisa.cevicherias.todolima.com,"https://wa.me/51960476470?text=Hola%20equipo%20de%20*Cevicheria%20El%20paisa*%20%F0%9F%91%8B%2C%20los%20saluda%20el%20equipo%20de%20*Todo%20Lima*%20(todolima.com).%0A%0AVimos%20que%20son%20uno%20de%20los%20negocios%20con%20mejor%20reputaci%C3%B3n%20en%20Google%20Maps%20en%20*Lima*%20(%E2%AD%90%20*4.7*%20con%20473%20opiniones)%20%C2%A1Felicitaciones%20por%20tan%20buen%20trabajo!%20%F0%9F%91%8F%0A%0ARevisamos%20su%20ficha%20y%20notamos%20que%20*a%C3%BAn%20no%20cuentan%20con%20una%20p%C3%A1gina%20web%20oficial*%20donde%20sus%20clientes%20puedan%20consultar%20sus%20servicios%20y%20agendar%20directamente%20por%20WhatsApp.%0A%0AEn%20*Todo%20Lima*%20creamos%20landing%20pages%20ultrarr%C3%A1pidas%20pensadas%20para%20negocios%20locales%3A%0A%E2%9C%85%20Subdominio%20verificado%3A%20*cevicheria-el-paisa.cevicherias.todolima.com*%0A%E2%9C%85%20Bot%C3%B3n%20de%20WhatsApp%20directo%20para%20recibir%20pedidos%20y%20citas%20al%20instante%0A%E2%9C%85%20Mapa%20interactivo%20para%20que%20lleguen%20a%20su%20local%20en%20Lima%0A%E2%9C%85%20Carga%20en%20menos%20de%201%20segundo%20en%20celulares%0A%E2%9C%85%20Ficha%20destacada%20en%20el%20directorio%20todolima.com%0A%0APreparamos%20una%20demostraci%C3%B3n%20sin%20costo%20de%20c%C3%B3mo%20se%20ver%C3%ADa%20la%20web%20de%20*Cevicheria%20El%20paisa*.%20%C2%BFLes%20gustar%C3%ADa%20que%20les%20comparta%20el%20enlace%20de%20prueba%20por%20aqu%C3%AD%3F%20%F0%9F%9A%80"
"Cebicheria Bolichera 2335",cevicherias,"Miraflores",4.7,350,983348878,REDESIGN_WEBSITE,cebicheria-bolichera-2335.cevicherias.todolima.com,"https://wa.me/51983348878?text=Hola%20equipo%20de%20*Cebicheria%20Bolichera%202335*%20%F0%9F%91%8B%2C%20gusto%20en%20saludarlos.%0A%0ALes%20escribimos%20desde%20*Todo%20Lima*.%20Al%20revisar%20a%20los%20referentes%20de%20*Miraflores*%20(donde%20ustedes%20destacan%20con%20%E2%AD%90%20*4.7*)%2C%20realizamos%20una%20auditor%C3%ADa%20t%C3%A9cnica%20gratuita%20a%20su%20web%20actual%20(*http%3A%2F%2Fwww.bolichera2335.com%2F*).%0A%0ADetectamos%20algunos%20puntos%20cr%C3%ADticos%20que%20podr%C3%ADan%20estar%20frenando%20sus%20consultas%3A%0A%E2%80%A2%20URL%20inv%C3%A1lida%20o%20no%20registrada.%0A%0A%F0%9F%91%89%20*Dato%20clave%3A*%20El%2065%25%20de%20usuarios%20en%20Lima%20abandonan%20una%20web%20si%20no%20encuentran%20un%20bot%C3%B3n%20flotante%20de%20WhatsApp%20para%20consultar%20en%20el%20momento.%0A%0A%0APodemos%20modernizar%20su%20web%20para%20que%20cargue%20al%20instante%20y%20multiplique%20sus%20contactos%20por%20WhatsApp.%20%C2%BFLes%20gustar%C3%ADa%20que%20les%20enviemos%20el%20reporte%20t%C3%A9cnico%20completo%3F%20%F0%9F%93%8A"
"La Chingana",cevicherias,"Barranco",4.7,112,966344070,UPGRADE_SOCIAL,la-chingana.cevicherias.todolima.com,"https://wa.me/51966344070?text=Hola%20equipo%20de%20*La%20Chingana*%20%F0%9F%91%8B%2C%20les%20escribe%20el%20equipo%20de%20*Todo%20Lima*.%0A%0ARevisamos%20su%20destacada%20presencia%20en%20Google%20Maps%20en%20*Barranco*%20(%E2%AD%90%20*4.7*%20estrellas).%20Notamos%20que%20su%20enlace%20de%20contacto%20actual%20es%20un%20perfil%20de%20*Instagram*.%0A%0AMuchos%20clientes%20que%20buscan%20servicios%20en%20Google%20prefieren%20una%20web%20r%C3%A1pida%20donde%20ver%20cat%C3%A1logo%2C%20fotos%20y%20tarifas%20sin%20tener%20que%20entrar%20a%20una%20red%20social%20o%20ver%20distracciones%20de%20la%20competencia.%0A%0A%C2%BFLes%20interesar%C3%ADa%20complementar%20su%20Instagram%20con%20una%20p%C3%A1gina%20web%20oficial%20(*la-chingana.cevicherias.todolima.com*)%20con%20bot%C3%B3n%20directo%20a%20WhatsApp%20y%20presencia%20prioritaria%20en%20Todo%20Lima%3F%0A%0ATenemos%20una%20maqueta%20lista%20para%20mostrarles%20sin%20compromiso.%20%C2%BFSe%20las%20comparto%20por%20este%20medio%3F%20%F0%9F%93%B2"
"Dr Carlos Alarcón - Brackets, Implantes, Blanqueamiento, ortodoncista",dentistas,"Los Olivos",4.7,106,992849525,NEEDS_WEBSITE,dr-carlos-alarcon-brackets-imp.dentistas.todolima.com,"https://wa.me/51992849525?text=Hola%20equipo%20de%20*Dr%20Carlos%20Alarc%C3%B3n%20-%20Brackets%2C%20Implantes%2C%20Blanqueamiento%2C%20ortodoncista*%20%F0%9F%91%8B%2C%20los%20saluda%20el%20equipo%20de%20*Todo%20Lima*%20(todolima.com).%0A%0AVimos%20que%20son%20uno%20de%20los%20negocios%20con%20mejor%20reputaci%C3%B3n%20en%20Google%20Maps%20en%20*Los%20Olivos*%20(%E2%AD%90%20*4.7*%20con%20106%20opiniones)%20%C2%A1Felicitaciones%20por%20tan%20buen%20trabajo!%20%F0%9F%91%8F%0A%0ARevisamos%20su%20ficha%20y%20notamos%20que%20*a%C3%BAn%20no%20cuentan%20con%20una%20p%C3%A1gina%20web%20oficial*%20donde%20sus%20clientes%20puedan%20consultar%20sus%20servicios%20y%20agendar%20directamente%20por%20WhatsApp.%0A%0AEn%20*Todo%20Lima*%20creamos%20landing%20pages%20ultrarr%C3%A1pidas%20pensadas%20para%20negocios%20locales%3A%0A%E2%9C%85%20Subdominio%20verificado%3A%20*dr-carlos-alarcon-brackets-imp.dentistas.todolima.com*%0A%E2%9C%85%20Bot%C3%B3n%20de%20WhatsApp%20directo%20para%20recibir%20pedidos%20y%20citas%20al%20instante%0A%E2%9C%85%20Mapa%20interactivo%20para%20que%20lleguen%20a%20su%20local%20en%20Los%20Olivos%0A%E2%9C%85%20Carga%20en%20menos%20de%201%20segundo%20en%20celulares%0A%E2%9C%85%20Ficha%20destacada%20en%20el%20directorio%20todolima.com%0A%0APreparamos%20una%20demostraci%C3%B3n%20sin%20costo%20de%20c%C3%B3mo%20se%20ver%C3%ADa%20la%20web%20de%20*Dr%20Carlos%20Alarc%C3%B3n%20-%20Brackets%2C%20Implantes%2C%20Blanqueamiento%2C%20ortodoncista*.%20%C2%BFLes%20gustar%C3%ADa%20que%20les%20comparta%20el%20enlace%20de%20prueba%20por%20aqu%C3%AD%3F%20%F0%9F%9A%80"
"Mobiliario Medico en Lima",doctores,"Lima",4.7,3,923105664,REDESIGN_WEBSITE,mobiliario-medico-en-lima.doctores.todolima.com,"https://wa.me/51923105664?text=Hola%20equipo%20de%20*Mobiliario%20Medico%20en%20Lima*%20%F0%9F%91%8B%2C%20gusto%20en%20saludarlos.%0A%0ALes%20escribimos%20desde%20*Todo%20Lima*.%20Al%20revisar%20a%20los%20referentes%20de%20*Lima*%20(donde%20ustedes%20destacan%20con%20%E2%AD%90%20*4.7*)%2C%20realizamos%20una%20auditor%C3%ADa%20t%C3%A9cnica%20gratuita%20a%20su%20web%20actual%20(*http%3A%2F%2Fwww.mobiliariomedicoenlima.com%2F*).%0A%0ADetectamos%20algunos%20puntos%20cr%C3%ADticos%20que%20podr%C3%ADan%20estar%20frenando%20sus%20consultas%3A%0A%E2%80%A2%20El%20servidor%20tard%C3%B3%20m%C3%A1s%20de%204s%20en%20responder%20(Timeout).%20El%20sitio%20est%C3%A1%20pr%C3%A1cticamente%20inoperativo%20para%20usuarios%20m%C3%B3viles.%0A%0A%F0%9F%91%89%20*Dato%20clave%3A*%20El%2065%25%20de%20usuarios%20en%20Lima%20abandonan%20una%20web%20si%20no%20encuentran%20un%20bot%C3%B3n%20flotante%20de%20WhatsApp%20para%20consultar%20en%20el%20momento.%0A%F0%9F%91%89%20*Velocidad%3A*%20Su%20web%20tarda%204.0s%20en%20responder%2C%20cuando%20el%20est%C3%A1ndar%20recomendado%20para%20m%C3%B3viles%20es%20menor%20a%201.5s.%0A%0APodemos%20modernizar%20su%20web%20para%20que%20cargue%20al%20instante%20y%20multiplique%20sus%20contactos%20por%20WhatsApp.%20%C2%BFLes%20gustar%C3%ADa%20que%20les%20enviemos%20el%20reporte%20t%C3%A9cnico%20completo%3F%20%F0%9F%93%8A"
"La Casa Del Arte",pintores,"Lima",4.7,22,956905759,NEEDS_WEBSITE,la-casa-del-arte.pintores.todolima.com,"https://wa.me/51956905759?text=Hola%20equipo%20de%20*La%20Casa%20Del%20Arte*%20%F0%9F%91%8B%2C%20los%20saluda%20el%20equipo%20de%20*Todo%20Lima*%20(todolima.com).%0A%0AVimos%20que%20son%20uno%20de%20los%20negocios%20con%20mejor%20reputaci%C3%B3n%20en%20Google%20Maps%20en%20*Lima*%20(%E2%AD%90%20*4.7*%20con%2022%20opiniones)%20%C2%A1Felicitaciones%20por%20tan%20buen%20trabajo!%20%F0%9F%91%8F%0A%0ARevisamos%20su%20ficha%20y%20notamos%20que%20*a%C3%BAn%20no%20cuentan%20con%20una%20p%C3%A1gina%20web%20oficial*%20donde%20sus%20clientes%20puedan%20consultar%20sus%20servicios%20y%20agendar%20directamente%20por%20WhatsApp.%0A%0AEn%20*Todo%20Lima*%20creamos%20landing%20pages%20ultrarr%C3%A1pidas%20pensadas%20para%20negocios%20locales%3A%0A%E2%9C%85%20Subdominio%20verificado%3A%20*la-casa-del-arte.pintores.todolima.com*%0A%E2%9C%85%20Bot%C3%B3n%20de%20WhatsApp%20directo%20para%20recibir%20pedidos%20y%20citas%20al%20instante%0A%E2%9C%85%20Mapa%20interactivo%20para%20que%20lleguen%20a%20su%20local%20en%20Lima%0A%E2%9C%85%20Carga%20en%20menos%20de%201%20segundo%20en%20celulares%0A%E2%9C%85%20Ficha%20destacada%20en%20el%20directorio%20todolima.com%0A%0APreparamos%20una%20demostraci%C3%B3n%20sin%20costo%20de%20c%C3%B3mo%20se%20ver%C3%ADa%20la%20web%20de%20*La%20Casa%20Del%20Arte*.%20%C2%BFLes%20gustar%C3%ADa%20que%20les%20comparta%20el%20enlace%20de%20prueba%20por%20aqu%C3%AD%3F%20%F0%9F%9A%80"
"Lima Colors - Pintura de fachadas e interiores",pintores,"Lince",4.7,3,995562673,NEEDS_WEBSITE,lima-colors-pintura-de-fachada.pintores.todolima.com,"https://wa.me/51995562673?text=Hola%20equipo%20de%20*Lima%20Colors%20-%20Pintura%20de%20fachadas%20e%20interiores*%20%F0%9F%91%8B%2C%20los%20saluda%20el%20equipo%20de%20*Todo%20Lima*%20(todolima.com).%0A%0AVimos%20que%20son%20uno%20de%20los%20negocios%20con%20mejor%20reputaci%C3%B3n%20en%20Google%20Maps%20en%20*Lince*%20(%E2%AD%90%20*4.7*%20con%203%20opiniones)%20%C2%A1Felicitaciones%20por%20tan%20buen%20trabajo!%20%F0%9F%91%8F%0A%0ARevisamos%20su%20ficha%20y%20notamos%20que%20*a%C3%BAn%20no%20cuentan%20con%20una%20p%C3%A1gina%20web%20oficial*%20donde%20sus%20clientes%20puedan%20consultar%20sus%20servicios%20y%20agendar%20directamente%20por%20WhatsApp.%0A%0AEn%20*Todo%20Lima*%20creamos%20landing%20pages%20ultrarr%C3%A1pidas%20pensadas%20para%20negocios%20locales%3A%0A%E2%9C%85%20Subdominio%20verificado%3A%20*lima-colors-pintura-de-fachada.pintores.todolima.com*%0A%E2%9C%85%20Bot%C3%B3n%20de%20WhatsApp%20directo%20para%20recibir%20pedidos%20y%20citas%20al%20instante%0A%E2%9C%85%20Mapa%20interactivo%20para%20que%20lleguen%20a%20su%20local%20en%20Lince%0A%E2%9C%85%20Carga%20en%20menos%20de%201%20segundo%20en%20celulares%0A%E2%9C%85%20Ficha%20destacada%20en%20el%20directorio%20todolima.com%0A%0APreparamos%20una%20demostraci%C3%B3n%20sin%20costo%20de%20c%C3%B3mo%20se%20ver%C3%ADa%20la%20web%20de%20*Lima%20Colors%20-%20Pintura%20de%20fachadas%20e%20interiores*.%20%C2%BFLes%20gustar%C3%ADa%20que%20les%20comparta%20el%20enlace%20de%20prueba%20por%20aqu%C3%AD%3F%20%F0%9F%9A%80"
"La Plaza Artesanal Miraflores",pizzerias,"Miraflores",4.7,3175,998356900,NEEDS_WEBSITE,la-plaza-artesanal-miraflores.pizzerias.todolima.com,"https://wa.me/51998356900?text=Hola%20equipo%20de%20*La%20Plaza%20Artesanal%20Miraflores*%20%F0%9F%91%8B%2C%20los%20saluda%20el%20equipo%20de%20*Todo%20Lima*%20(todolima.com).%0A%0AVimos%20que%20son%20uno%20de%20los%20negocios%20con%20mejor%20reputaci%C3%B3n%20en%20Google%20Maps%20en%20*Miraflores*%20(%E2%AD%90%20*4.7*%20con%203175%20opiniones)%20%C2%A1Felicitaciones%20por%20tan%20buen%20trabajo!%20%F0%9F%91%8F%0A%0ARevisamos%20su%20ficha%20y%20notamos%20que%20*a%C3%BAn%20no%20cuentan%20con%20una%20p%C3%A1gina%20web%20oficial*%20donde%20sus%20clientes%20puedan%20consultar%20sus%20servicios%20y%20agendar%20directamente%20por%20WhatsApp.%0A%0AEn%20*Todo%20Lima*%20creamos%20landing%20pages%20ultrarr%C3%A1pidas%20pensadas%20para%20negocios%20locales%3A%0A%E2%9C%85%20Subdominio%20verificado%3A%20*la-plaza-artesanal-miraflores.pizzerias.todolima.com*%0A%E2%9C%85%20Bot%C3%B3n%20de%20WhatsApp%20directo%20para%20recibir%20pedidos%20y%20citas%20al%20instante%0A%E2%9C%85%20Mapa%20interactivo%20para%20que%20lleguen%20a%20su%20local%20en%20Miraflores%0A%E2%9C%85%20Carga%20en%20menos%20de%201%20segundo%20en%20celulares%0A%E2%9C%85%20Ficha%20destacada%20en%20el%20directorio%20todolima.com%0A%0APreparamos%20una%20demostraci%C3%B3n%20sin%20costo%20de%20c%C3%B3mo%20se%20ver%C3%ADa%20la%20web%20de%20*La%20Plaza%20Artesanal%20Miraflores*.%20%C2%BFLes%20gustar%C3%ADa%20que%20les%20comparta%20el%20enlace%20de%20prueba%20por%20aqu%C3%AD%3F%20%F0%9F%9A%80"
"SLICE PIZZERIA",pizzerias,"Miraflores",4.7,778,977950720,NEEDS_WEBSITE,slice-pizzeria.pizzerias.todolima.com,"https://wa.me/51977950720?text=Hola%20equipo%20de%20*SLICE%20PIZZERIA*%20%F0%9F%91%8B%2C%20los%20saluda%20el%20equipo%20de%20*Todo%20Lima*%20(todolima.com).%0A%0AVimos%20que%20son%20uno%20de%20los%20negocios%20con%20mejor%20reputaci%C3%B3n%20en%20Google%20Maps%20en%20*Miraflores*%20(%E2%AD%90%20*4.7*%20con%20778%20opiniones)%20%C2%A1Felicitaciones%20por%20tan%20buen%20trabajo!%20%F0%9F%91%8F%0A%0ARevisamos%20su%20ficha%20y%20notamos%20que%20*a%C3%BAn%20no%20cuentan%20con%20una%20p%C3%A1gina%20web%20oficial*%20donde%20sus%20clientes%20puedan%20consultar%20sus%20servicios%20y%20agendar%20directamente%20por%20WhatsApp.%0A%0AEn%20*Todo%20Lima*%20creamos%20landing%20pages%20ultrarr%C3%A1pidas%20pensadas%20para%20negocios%20locales%3A%0A%E2%9C%85%20Subdominio%20verificado%3A%20*slice-pizzeria.pizzerias.todolima.com*%0A%E2%9C%85%20Bot%C3%B3n%20de%20WhatsApp%20directo%20para%20recibir%20pedidos%20y%20citas%20al%20instante%0A%E2%9C%85%20Mapa%20interactivo%20para%20que%20lleguen%20a%20su%20local%20en%20Miraflores%0A%E2%9C%85%20Carga%20en%20menos%20de%201%20segundo%20en%20celulares%0A%E2%9C%85%20Ficha%20destacada%20en%20el%20directorio%20todolima.com%0A%0APreparamos%20una%20demostraci%C3%B3n%20sin%20costo%20de%20c%C3%B3mo%20se%20ver%C3%ADa%20la%20web%20de%20*SLICE%20PIZZERIA*.%20%C2%BFLes%20gustar%C3%ADa%20que%20les%20comparta%20el%20enlace%20de%20prueba%20por%20aqu%C3%AD%3F%20%F0%9F%9A%80"
"L'autentica Pizza - Sede San Martín",pizzerias,"Miraflores",4.7,563,971846902,NEEDS_WEBSITE,l-autentica-pizza-sede-san-mar.pizzerias.todolima.com,"https://wa.me/51971846902?text=Hola%20equipo%20de%20*L'autentica%20Pizza%20-%20Sede%20San%20Mart%C3%ADn*%20%F0%9F%91%8B%2C%20los%20saluda%20el%20equipo%20de%20*Todo%20Lima*%20(todolima.com).%0A%0AVimos%20que%20son%20uno%20de%20los%20negocios%20con%20mejor%20reputaci%C3%B3n%20en%20Google%20Maps%20en%20*Miraflores*%20(%E2%AD%90%20*4.7*%20con%20563%20opiniones)%20%C2%A1Felicitaciones%20por%20tan%20buen%20trabajo!%20%F0%9F%91%8F%0A%0ARevisamos%20su%20ficha%20y%20notamos%20que%20*a%C3%BAn%20no%20cuentan%20con%20una%20p%C3%A1gina%20web%20oficial*%20donde%20sus%20clientes%20puedan%20consultar%20sus%20servicios%20y%20agendar%20directamente%20por%20WhatsApp.%0A%0AEn%20*Todo%20Lima*%20creamos%20landing%20pages%20ultrarr%C3%A1pidas%20pensadas%20para%20negocios%20locales%3A%0A%E2%9C%85%20Subdominio%20verificado%3A%20*l-autentica-pizza-sede-san-mar.pizzerias.todolima.com*%0A%E2%9C%85%20Bot%C3%B3n%20de%20WhatsApp%20directo%20para%20recibir%20pedidos%20y%20citas%20al%20instante%0A%E2%9C%85%20Mapa%20interactivo%20para%20que%20lleguen%20a%20su%20local%20en%20Miraflores%0A%E2%9C%85%20Carga%20en%20menos%20de%201%20segundo%20en%20celulares%0A%E2%9C%85%20Ficha%20destacada%20en%20el%20directorio%20todolima.com%0A%0APreparamos%20una%20demostraci%C3%B3n%20sin%20costo%20de%20c%C3%B3mo%20se%20ver%C3%ADa%20la%20web%20de%20*L'autentica%20Pizza%20-%20Sede%20San%20Mart%C3%ADn*.%20%C2%BFLes%20gustar%C3%ADa%20que%20les%20comparta%20el%20enlace%20de%20prueba%20por%20aqu%C3%AD%3F%20%F0%9F%9A%80"
"LAMAZA",pizzerias,"Lima",4.7,120,983588044,UPGRADE_SOCIAL,lamaza.pizzerias.todolima.com,"https://wa.me/51983588044?text=Hola%20equipo%20de%20*LAMAZA*%20%F0%9F%91%8B%2C%20les%20escribe%20el%20equipo%20de%20*Todo%20Lima*.%0A%0ARevisamos%20su%20destacada%20presencia%20en%20Google%20Maps%20en%20*Lima*%20(%E2%AD%90%20*4.7*%20estrellas).%20Notamos%20que%20su%20enlace%20de%20contacto%20actual%20es%20un%20perfil%20de%20*Instagram*.%0A%0AMuchos%20clientes%20que%20buscan%20servicios%20en%20Google%20prefieren%20una%20web%20r%C3%A1pida%20donde%20ver%20cat%C3%A1logo%2C%20fotos%20y%20tarifas%20sin%20tener%20que%20entrar%20a%20una%20red%20social%20o%20ver%20distracciones%20de%20la%20competencia.%0A%0A%C2%BFLes%20interesar%C3%ADa%20complementar%20su%20Instagram%20con%20una%20p%C3%A1gina%20web%20oficial%20(*lamaza.pizzerias.todolima.com*)%20con%20bot%C3%B3n%20directo%20a%20WhatsApp%20y%20presencia%20prioritaria%20en%20Todo%20Lima%3F%0A%0ATenemos%20una%20maqueta%20lista%20para%20mostrarles%20sin%20compromiso.%20%C2%BFSe%20las%20comparto%20por%20este%20medio%3F%20%F0%9F%93%B2"
"Pizzería LA OFICIAL",pizzerias,"Lima",4.7,34,952406937,NEEDS_WEBSITE,pizzeria-la-oficial.pizzerias.todolima.com,"https://wa.me/51952406937?text=Hola%20equipo%20de%20*Pizzer%C3%ADa%20LA%20OFICIAL*%20%F0%9F%91%8B%2C%20los%20saluda%20el%20equipo%20de%20*Todo%20Lima*%20(todolima.com).%0A%0AVimos%20que%20son%20uno%20de%20los%20negocios%20con%20mejor%20reputaci%C3%B3n%20en%20Google%20Maps%20en%20*Lima*%20(%E2%AD%90%20*4.7*%20con%2034%20opiniones)%20%C2%A1Felicitaciones%20por%20tan%20buen%20trabajo!%20%F0%9F%91%8F%0A%0ARevisamos%20su%20ficha%20y%20notamos%20que%20*a%C3%BAn%20no%20cuentan%20con%20una%20p%C3%A1gina%20web%20oficial*%20donde%20sus%20clientes%20puedan%20consultar%20sus%20servicios%20y%20agendar%20directamente%20por%20WhatsApp.%0A%0AEn%20*Todo%20Lima*%20creamos%20landing%20pages%20ultrarr%C3%A1pidas%20pensadas%20para%20negocios%20locales%3A%0A%E2%9C%85%20Subdominio%20verificado%3A%20*pizzeria-la-oficial.pizzerias.todolima.com*%0A%E2%9C%85%20Bot%C3%B3n%20de%20WhatsApp%20directo%20para%20recibir%20pedidos%20y%20citas%20al%20instante%0A%E2%9C%85%20Mapa%20interactivo%20para%20que%20lleguen%20a%20su%20local%20en%20Lima%0A%E2%9C%85%20Carga%20en%20menos%20de%201%20segundo%20en%20celulares%0A%E2%9C%85%20Ficha%20destacada%20en%20el%20directorio%20todolima.com%0A%0APreparamos%20una%20demostraci%C3%B3n%20sin%20costo%20de%20c%C3%B3mo%20se%20ver%C3%ADa%20la%20web%20de%20*Pizzer%C3%ADa%20LA%20OFICIAL*.%20%C2%BFLes%20gustar%C3%ADa%20que%20les%20comparta%20el%20enlace%20de%20prueba%20por%20aqu%C3%AD%3F%20%F0%9F%9A%80"
"Renzo Antonio Pizzería Lima",pizzerias,"Lima",4.7,28,923406809,UPGRADE_SOCIAL,renzo-antonio-pizzeria-lima.pizzerias.todolima.com,"https://wa.me/51923406809?text=Hola%20equipo%20de%20*Renzo%20Antonio%20Pizzer%C3%ADa%20Lima*%20%F0%9F%91%8B%2C%20les%20escribe%20el%20equipo%20de%20*Todo%20Lima*.%0A%0ARevisamos%20su%20destacada%20presencia%20en%20Google%20Maps%20en%20*Lima*%20(%E2%AD%90%20*4.7*%20estrellas).%20Notamos%20que%20su%20enlace%20de%20contacto%20actual%20es%20un%20perfil%20de%20*Linktree*.%0A%0AMuchos%20clientes%20que%20buscan%20servicios%20en%20Google%20prefieren%20una%20web%20r%C3%A1pida%20donde%20ver%20cat%C3%A1logo%2C%20fotos%20y%20tarifas%20sin%20tener%20que%20entrar%20a%20una%20red%20social%20o%20ver%20distracciones%20de%20la%20competencia.%0A%0A%C2%BFLes%20interesar%C3%ADa%20complementar%20su%20Linktree%20con%20una%20p%C3%A1gina%20web%20oficial%20(*renzo-antonio-pizzeria-lima.pizzerias.todolima.com*)%20con%20bot%C3%B3n%20directo%20a%20WhatsApp%20y%20presencia%20prioritaria%20en%20Todo%20Lima%3F%0A%0ATenemos%20una%20maqueta%20lista%20para%20mostrarles%20sin%20compromiso.%20%C2%BFSe%20las%20comparto%20por%20este%20medio%3F%20%F0%9F%93%B2"
"Mi Nonna Pollos y Parrilas",pollerias,"Lima",4.7,14,968409655,NEEDS_WEBSITE,mi-nonna-pollos-y-parrilas.pollerias.todolima.com,"https://wa.me/51968409655?text=Hola%20equipo%20de%20*Mi%20Nonna%20Pollos%20y%20Parrilas*%20%F0%9F%91%8B%2C%20los%20saluda%20el%20equipo%20de%20*Todo%20Lima*%20(todolima.com).%0A%0AVimos%20que%20son%20uno%20de%20los%20negocios%20con%20mejor%20reputaci%C3%B3n%20en%20Google%20Maps%20en%20*Lima*%20(%E2%AD%90%20*4.7*%20con%2014%20opiniones)%20%C2%A1Felicitaciones%20por%20tan%20buen%20trabajo!%20%F0%9F%91%8F%0A%0ARevisamos%20su%20ficha%20y%20notamos%20que%20*a%C3%BAn%20no%20cuentan%20con%20una%20p%C3%A1gina%20web%20oficial*%20donde%20sus%20clientes%20puedan%20consultar%20sus%20servicios%20y%20agendar%20directamente%20por%20WhatsApp.%0A%0AEn%20*Todo%20Lima*%20creamos%20landing%20pages%20ultrarr%C3%A1pidas%20pensadas%20para%20negocios%20locales%3A%0A%E2%9C%85%20Subdominio%20verificado%3A%20*mi-nonna-pollos-y-parrilas.pollerias.todolima.com*%0A%E2%9C%85%20Bot%C3%B3n%20de%20WhatsApp%20directo%20para%20recibir%20pedidos%20y%20citas%20al%20instante%0A%E2%9C%85%20Mapa%20interactivo%20para%20que%20lleguen%20a%20su%20local%20en%20Lima%0A%E2%9C%85%20Carga%20en%20menos%20de%201%20segundo%20en%20celulares%0A%E2%9C%85%20Ficha%20destacada%20en%20el%20directorio%20todolima.com%0A%0APreparamos%20una%20demostraci%C3%B3n%20sin%20costo%20de%20c%C3%B3mo%20se%20ver%C3%ADa%20la%20web%20de%20*Mi%20Nonna%20Pollos%20y%20Parrilas*.%20%C2%BFLes%20gustar%C3%ADa%20que%20les%20comparta%20el%20enlace%20de%20prueba%20por%20aqu%C3%AD%3F%20%F0%9F%9A%80"
"Electrónica Ruiz Perú",reparacion-refrigeradoras,"Lima",4.7,116,979993185,UPGRADE_SOCIAL,electronica-ruiz-peru.reparacion-refrigeradoras.todolima.com,"https://wa.me/51979993185?text=Hola%20equipo%20de%20*Electr%C3%B3nica%20Ruiz%20Per%C3%BA*%20%F0%9F%91%8B%2C%20les%20escribe%20el%20equipo%20de%20*Todo%20Lima*.%0A%0ARevisamos%20su%20destacada%20presencia%20en%20Google%20Maps%20en%20*Lima*%20(%E2%AD%90%20*4.7*%20estrellas).%20Notamos%20que%20su%20enlace%20de%20contacto%20actual%20es%20un%20perfil%20de%20*Facebook*.%0A%0AMuchos%20clientes%20que%20buscan%20servicios%20en%20Google%20prefieren%20una%20web%20r%C3%A1pida%20donde%20ver%20cat%C3%A1logo%2C%20fotos%20y%20tarifas%20sin%20tener%20que%20entrar%20a%20una%20red%20social%20o%20ver%20distracciones%20de%20la%20competencia.%0A%0A%C2%BFLes%20interesar%C3%ADa%20complementar%20su%20Facebook%20con%20una%20p%C3%A1gina%20web%20oficial%20(*electronica-ruiz-peru.reparacion-refrigeradoras.todolima.com*)%20con%20bot%C3%B3n%20directo%20a%20WhatsApp%20y%20presencia%20prioritaria%20en%20Todo%20Lima%3F%0A%0ATenemos%20una%20maqueta%20lista%20para%20mostrarles%20sin%20compromiso.%20%C2%BFSe%20las%20comparto%20por%20este%20medio%3F%20%F0%9F%93%B2"
"Pits Automotriz",talleres-mecanicos,"San Martín de Porres",4.7,122,992300596,NEEDS_WEBSITE,pits-automotriz.talleres-mecanicos.todolima.com,"https://wa.me/51992300596?text=Hola%20equipo%20de%20*Pits%20Automotriz*%20%F0%9F%91%8B%2C%20los%20saluda%20el%20equipo%20de%20*Todo%20Lima*%20(todolima.com).%0A%0AVimos%20que%20son%20uno%20de%20los%20negocios%20con%20mejor%20reputaci%C3%B3n%20en%20Google%20Maps%20en%20*San%20Mart%C3%ADn%20de%20Porres*%20(%E2%AD%90%20*4.7*%20con%20122%20opiniones)%20%C2%A1Felicitaciones%20por%20tan%20buen%20trabajo!%20%F0%9F%91%8F%0A%0ARevisamos%20su%20ficha%20y%20notamos%20que%20*a%C3%BAn%20no%20cuentan%20con%20una%20p%C3%A1gina%20web%20oficial*%20donde%20sus%20clientes%20puedan%20consultar%20sus%20servicios%20y%20agendar%20directamente%20por%20WhatsApp.%0A%0AEn%20*Todo%20Lima*%20creamos%20landing%20pages%20ultrarr%C3%A1pidas%20pensadas%20para%20negocios%20locales%3A%0A%E2%9C%85%20Subdominio%20verificado%3A%20*pits-automotriz.talleres-mecanicos.todolima.com*%0A%E2%9C%85%20Bot%C3%B3n%20de%20WhatsApp%20directo%20para%20recibir%20pedidos%20y%20citas%20al%20instante%0A%E2%9C%85%20Mapa%20interactivo%20para%20que%20lleguen%20a%20su%20local%20en%20San%20Mart%C3%ADn%20de%20Porres%0A%E2%9C%85%20Carga%20en%20menos%20de%201%20segundo%20en%20celulares%0A%E2%9C%85%20Ficha%20destacada%20en%20el%20directorio%20todolima.com%0A%0APreparamos%20una%20demostraci%C3%B3n%20sin%20costo%20de%20c%C3%B3mo%20se%20ver%C3%ADa%20la%20web%20de%20*Pits%20Automotriz*.%20%C2%BFLes%20gustar%C3%ADa%20que%20les%20comparta%20el%20enlace%20de%20prueba%20por%20aqu%C3%AD%3F%20%F0%9F%9A%80"
"Automotriz Los Bolidos EIRL",talleres-mecanicos,"Lima",4.7,15,981205204,NEEDS_WEBSITE,automotriz-los-bolidos-eirl.talleres-mecanicos.todolima.com,"https://wa.me/51981205204?text=Hola%20equipo%20de%20*Automotriz%20Los%20Bolidos%20EIRL*%20%F0%9F%91%8B%2C%20los%20saluda%20el%20equipo%20de%20*Todo%20Lima*%20(todolima.com).%0A%0AVimos%20que%20son%20uno%20de%20los%20negocios%20con%20mejor%20reputaci%C3%B3n%20en%20Google%20Maps%20en%20*Lima*%20(%E2%AD%90%20*4.7*%20con%2015%20opiniones)%20%C2%A1Felicitaciones%20por%20tan%20buen%20trabajo!%20%F0%9F%91%8F%0A%0ARevisamos%20su%20ficha%20y%20notamos%20que%20*a%C3%BAn%20no%20cuentan%20con%20una%20p%C3%A1gina%20web%20oficial*%20donde%20sus%20clientes%20puedan%20consultar%20sus%20servicios%20y%20agendar%20directamente%20por%20WhatsApp.%0A%0AEn%20*Todo%20Lima*%20creamos%20landing%20pages%20ultrarr%C3%A1pidas%20pensadas%20para%20negocios%20locales%3A%0A%E2%9C%85%20Subdominio%20verificado%3A%20*automotriz-los-bolidos-eirl.talleres-mecanicos.todolima.com*%0A%E2%9C%85%20Bot%C3%B3n%20de%20WhatsApp%20directo%20para%20recibir%20pedidos%20y%20citas%20al%20instante%0A%E2%9C%85%20Mapa%20interactivo%20para%20que%20lleguen%20a%20su%20local%20en%20Lima%0A%E2%9C%85%20Carga%20en%20menos%20de%201%20segundo%20en%20celulares%0A%E2%9C%85%20Ficha%20destacada%20en%20el%20directorio%20todolima.com%0A%0APreparamos%20una%20demostraci%C3%B3n%20sin%20costo%20de%20c%C3%B3mo%20se%20ver%C3%ADa%20la%20web%20de%20*Automotriz%20Los%20Bolidos%20EIRL*.%20%C2%BFLes%20gustar%C3%ADa%20que%20les%20comparta%20el%20enlace%20de%20prueba%20por%20aqu%C3%AD%3F%20%F0%9F%9A%80"
"PIOLA AUTOMOTRIZ",talleres-mecanicos,"Lima",4.7,3,929387395,NEEDS_WEBSITE,piola-automotriz.talleres-mecanicos.todolima.com,"https://wa.me/51929387395?text=Hola%20equipo%20de%20*PIOLA%20AUTOMOTRIZ*%20%F0%9F%91%8B%2C%20los%20saluda%20el%20equipo%20de%20*Todo%20Lima*%20(todolima.com).%0A%0AVimos%20que%20son%20uno%20de%20los%20negocios%20con%20mejor%20reputaci%C3%B3n%20en%20Google%20Maps%20en%20*Lima*%20(%E2%AD%90%20*4.7*%20con%203%20opiniones)%20%C2%A1Felicitaciones%20por%20tan%20buen%20trabajo!%20%F0%9F%91%8F%0A%0ARevisamos%20su%20ficha%20y%20notamos%20que%20*a%C3%BAn%20no%20cuentan%20con%20una%20p%C3%A1gina%20web%20oficial*%20donde%20sus%20clientes%20puedan%20consultar%20sus%20servicios%20y%20agendar%20directamente%20por%20WhatsApp.%0A%0AEn%20*Todo%20Lima*%20creamos%20landing%20pages%20ultrarr%C3%A1pidas%20pensadas%20para%20negocios%20locales%3A%0A%E2%9C%85%20Subdominio%20verificado%3A%20*piola-automotriz.talleres-mecanicos.todolima.com*%0A%E2%9C%85%20Bot%C3%B3n%20de%20WhatsApp%20directo%20para%20recibir%20pedidos%20y%20citas%20al%20instante%0A%E2%9C%85%20Mapa%20interactivo%20para%20que%20lleguen%20a%20su%20local%20en%20Lima%0A%E2%9C%85%20Carga%20en%20menos%20de%201%20segundo%20en%20celulares%0A%E2%9C%85%20Ficha%20destacada%20en%20el%20directorio%20todolima.com%0A%0APreparamos%20una%20demostraci%C3%B3n%20sin%20costo%20de%20c%C3%B3mo%20se%20ver%C3%ADa%20la%20web%20de%20*PIOLA%20AUTOMOTRIZ*.%20%C2%BFLes%20gustar%C3%ADa%20que%20les%20comparta%20el%20enlace%20de%20prueba%20por%20aqu%C3%AD%3F%20%F0%9F%9A%80"
"Café Ancestral Barranco",cafeterias,"Barranco",4.6,1633,970243813,REDESIGN_WEBSITE,cafe-ancestral-barranco.cafeterias.todolima.com,"https://wa.me/51970243813?text=Hola%20equipo%20de%20*Caf%C3%A9%20Ancestral%20Barranco*%20%F0%9F%91%8B%2C%20gusto%20en%20saludarlos.%0A%0ALes%20escribimos%20desde%20*Todo%20Lima*.%20Al%20revisar%20a%20los%20referentes%20de%20*Barranco*%20(donde%20ustedes%20destacan%20con%20%E2%AD%90%20*4.6*)%2C%20realizamos%20una%20auditor%C3%ADa%20t%C3%A9cnica%20gratuita%20a%20su%20web%20actual%20(*http%3A%2F%2Fancestralrestaurant.mesa247.pe%2F*).%0A%0ADetectamos%20algunos%20puntos%20cr%C3%ADticos%20que%20podr%C3%ADan%20estar%20frenando%20sus%20consultas%3A%0A%E2%80%A2%20URL%20inv%C3%A1lida%20o%20no%20registrada.%0A%0A%F0%9F%91%89%20*Dato%20clave%3A*%20El%2065%25%20de%20usuarios%20en%20Lima%20abandonan%20una%20web%20si%20no%20encuentran%20un%20bot%C3%B3n%20flotante%20de%20WhatsApp%20para%20consultar%20en%20el%20momento.%0A%0A%0APodemos%20modernizar%20su%20web%20para%20que%20cargue%20al%20instante%20y%20multiplique%20sus%20contactos%20por%20WhatsApp.%20%C2%BFLes%20gustar%C3%ADa%20que%20les%20enviemos%20el%20reporte%20t%C3%A9cnico%20completo%3F%20%F0%9F%93%8A"
"Caleta Dolsa Coffee",cafeterias,"Barranco",4.6,1117,912238987,UPGRADE_SOCIAL,caleta-dolsa-coffee.cafeterias.todolima.com,"https://wa.me/51912238987?text=Hola%20equipo%20de%20*Caleta%20Dolsa%20Coffee*%20%F0%9F%91%8B%2C%20les%20escribe%20el%20equipo%20de%20*Todo%20Lima*.%0A%0ARevisamos%20su%20destacada%20presencia%20en%20Google%20Maps%20en%20*Barranco*%20(%E2%AD%90%20*4.6*%20estrellas).%20Notamos%20que%20su%20enlace%20de%20contacto%20actual%20es%20un%20perfil%20de%20*Instagram*.%0A%0AMuchos%20clientes%20que%20buscan%20servicios%20en%20Google%20prefieren%20una%20web%20r%C3%A1pida%20donde%20ver%20cat%C3%A1logo%2C%20fotos%20y%20tarifas%20sin%20tener%20que%20entrar%20a%20una%20red%20social%20o%20ver%20distracciones%20de%20la%20competencia.%0A%0A%C2%BFLes%20interesar%C3%ADa%20complementar%20su%20Instagram%20con%20una%20p%C3%A1gina%20web%20oficial%20(*caleta-dolsa-coffee.cafeterias.todolima.com*)%20con%20bot%C3%B3n%20directo%20a%20WhatsApp%20y%20presencia%20prioritaria%20en%20Todo%20Lima%3F%0A%0ATenemos%20una%20maqueta%20lista%20para%20mostrarles%20sin%20compromiso.%20%C2%BFSe%20las%20comparto%20por%20este%20medio%3F%20%F0%9F%93%B2"
"Kaldis Specialty Coffee Recavarren",cafeterias,"Miraflores",4.6,1024,991944992,NEEDS_WEBSITE,kaldis-specialty-coffee-recava.cafeterias.todolima.com,"https://wa.me/51991944992?text=Hola%20equipo%20de%20*Kaldis%20Specialty%20Coffee%20Recavarren*%20%F0%9F%91%8B%2C%20los%20saluda%20el%20equipo%20de%20*Todo%20Lima*%20(todolima.com).%0A%0AVimos%20que%20son%20uno%20de%20los%20negocios%20con%20mejor%20reputaci%C3%B3n%20en%20Google%20Maps%20en%20*Miraflores*%20(%E2%AD%90%20*4.6*%20con%201024%20opiniones)%20%C2%A1Felicitaciones%20por%20tan%20buen%20trabajo!%20%F0%9F%91%8F%0A%0ARevisamos%20su%20ficha%20y%20notamos%20que%20*a%C3%BAn%20no%20cuentan%20con%20una%20p%C3%A1gina%20web%20oficial*%20donde%20sus%20clientes%20puedan%20consultar%20sus%20servicios%20y%20agendar%20directamente%20por%20WhatsApp.%0A%0AEn%20*Todo%20Lima*%20creamos%20landing%20pages%20ultrarr%C3%A1pidas%20pensadas%20para%20negocios%20locales%3A%0A%E2%9C%85%20Subdominio%20verificado%3A%20*kaldis-specialty-coffee-recava.cafeterias.todolima.com*%0A%E2%9C%85%20Bot%C3%B3n%20de%20WhatsApp%20directo%20para%20recibir%20pedidos%20y%20citas%20al%20instante%0A%E2%9C%85%20Mapa%20interactivo%20para%20que%20lleguen%20a%20su%20local%20en%20Miraflores%0A%E2%9C%85%20Carga%20en%20menos%20de%201%20segundo%20en%20celulares%0A%E2%9C%85%20Ficha%20destacada%20en%20el%20directorio%20todolima.com%0A%0APreparamos%20una%20demostraci%C3%B3n%20sin%20costo%20de%20c%C3%B3mo%20se%20ver%C3%ADa%20la%20web%20de%20*Kaldis%20Specialty%20Coffee%20Recavarren*.%20%C2%BFLes%20gustar%C3%ADa%20que%20les%20comparta%20el%20enlace%20de%20prueba%20por%20aqu%C3%AD%3F%20%F0%9F%9A%80"
"Ayni Coffee - Bolivar",cafeterias,"Miraflores",4.6,693,940858254,NEEDS_WEBSITE,ayni-coffee-bolivar.cafeterias.todolima.com,"https://wa.me/51940858254?text=Hola%20equipo%20de%20*Ayni%20Coffee%20-%20Bolivar*%20%F0%9F%91%8B%2C%20los%20saluda%20el%20equipo%20de%20*Todo%20Lima*%20(todolima.com).%0A%0AVimos%20que%20son%20uno%20de%20los%20negocios%20con%20mejor%20reputaci%C3%B3n%20en%20Google%20Maps%20en%20*Miraflores*%20(%E2%AD%90%20*4.6*%20con%20693%20opiniones)%20%C2%A1Felicitaciones%20por%20tan%20buen%20trabajo!%20%F0%9F%91%8F%0A%0ARevisamos%20su%20ficha%20y%20notamos%20que%20*a%C3%BAn%20no%20cuentan%20con%20una%20p%C3%A1gina%20web%20oficial*%20donde%20sus%20clientes%20puedan%20consultar%20sus%20servicios%20y%20agendar%20directamente%20por%20WhatsApp.%0A%0AEn%20*Todo%20Lima*%20creamos%20landing%20pages%20ultrarr%C3%A1pidas%20pensadas%20para%20negocios%20locales%3A%0A%E2%9C%85%20Subdominio%20verificado%3A%20*ayni-coffee-bolivar.cafeterias.todolima.com*%0A%E2%9C%85%20Bot%C3%B3n%20de%20WhatsApp%20directo%20para%20recibir%20pedidos%20y%20citas%20al%20instante%0A%E2%9C%85%20Mapa%20interactivo%20para%20que%20lleguen%20a%20su%20local%20en%20Miraflores%0A%E2%9C%85%20Carga%20en%20menos%20de%201%20segundo%20en%20celulares%0A%E2%9C%85%20Ficha%20destacada%20en%20el%20directorio%20todolima.com%0A%0APreparamos%20una%20demostraci%C3%B3n%20sin%20costo%20de%20c%C3%B3mo%20se%20ver%C3%ADa%20la%20web%20de%20*Ayni%20Coffee%20-%20Bolivar*.%20%C2%BFLes%20gustar%C3%ADa%20que%20les%20comparta%20el%20enlace%20de%20prueba%20por%20aqu%C3%AD%3F%20%F0%9F%9A%80"
"Cafe Cotidiano",cafeterias,"Miraflores",4.6,322,969006136,REDESIGN_WEBSITE,cafe-cotidiano.cafeterias.todolima.com,"https://wa.me/51969006136?text=Hola%20equipo%20de%20*Cafe%20Cotidiano*%20%F0%9F%91%8B%2C%20gusto%20en%20saludarlos.%0A%0ALes%20escribimos%20desde%20*Todo%20Lima*.%20Al%20revisar%20a%20los%20referentes%20de%20*Miraflores*%20(donde%20ustedes%20destacan%20con%20%E2%AD%90%20*4.6*)%2C%20realizamos%20una%20auditor%C3%ADa%20t%C3%A9cnica%20gratuita%20a%20su%20web%20actual%20(*https%3A%2F%2Fcafecotidiano.pe%2F*).%0A%0ADetectamos%20algunos%20puntos%20cr%C3%ADticos%20que%20podr%C3%ADan%20estar%20frenando%20sus%20consultas%3A%0A%E2%80%A2%20URL%20inv%C3%A1lida%20o%20no%20registrada.%0A%0A%F0%9F%91%89%20*Dato%20clave%3A*%20El%2065%25%20de%20usuarios%20en%20Lima%20abandonan%20una%20web%20si%20no%20encuentran%20un%20bot%C3%B3n%20flotante%20de%20WhatsApp%20para%20consultar%20en%20el%20momento.%0A%0A%0APodemos%20modernizar%20su%20web%20para%20que%20cargue%20al%20instante%20y%20multiplique%20sus%20contactos%20por%20WhatsApp.%20%C2%BFLes%20gustar%C3%ADa%20que%20les%20enviemos%20el%20reporte%20t%C3%A9cnico%20completo%3F%20%F0%9F%93%8A"
"Artidoro Rodríguez Café - Tarata 285",cafeterias,"Miraflores",4.6,305,941515222,REDESIGN_WEBSITE,artidoro-rodriguez-cafe-tarata.cafeterias.todolima.com,"https://wa.me/51941515222?text=Hola%20equipo%20de%20*Artidoro%20Rodr%C3%ADguez%20Caf%C3%A9%20-%20Tarata%20285*%20%F0%9F%91%8B%2C%20gusto%20en%20saludarlos.%0A%0ALes%20escribimos%20desde%20*Todo%20Lima*.%20Al%20revisar%20a%20los%20referentes%20de%20*Miraflores*%20(donde%20ustedes%20destacan%20con%20%E2%AD%90%20*4.6*)%2C%20realizamos%20una%20auditor%C3%ADa%20t%C3%A9cnica%20gratuita%20a%20su%20web%20actual%20(*http%3A%2F%2Fwww.artidororodriguez.com%2F*).%0A%0ADetectamos%20algunos%20puntos%20cr%C3%ADticos%20que%20podr%C3%ADan%20estar%20frenando%20sus%20consultas%3A%0A%E2%80%A2%20URL%20inv%C3%A1lida%20o%20no%20registrada.%0A%0A%F0%9F%91%89%20*Dato%20clave%3A*%20El%2065%25%20de%20usuarios%20en%20Lima%20abandonan%20una%20web%20si%20no%20encuentran%20un%20bot%C3%B3n%20flotante%20de%20WhatsApp%20para%20consultar%20en%20el%20momento.%0A%0A%0APodemos%20modernizar%20su%20web%20para%20que%20cargue%20al%20instante%20y%20multiplique%20sus%20contactos%20por%20WhatsApp.%20%C2%BFLes%20gustar%C3%ADa%20que%20les%20enviemos%20el%20reporte%20t%C3%A9cnico%20completo%3F%20%F0%9F%93%8A"
"La Teoría de los 6 Cafés",cafeterias,"Miraflores",4.6,275,960472390,UPGRADE_SOCIAL,la-teoria-de-los-6-cafes.cafeterias.todolima.com,"https://wa.me/51960472390?text=Hola%20equipo%20de%20*La%20Teor%C3%ADa%20de%20los%206%20Caf%C3%A9s*%20%F0%9F%91%8B%2C%20les%20escribe%20el%20equipo%20de%20*Todo%20Lima*.%0A%0ARevisamos%20su%20destacada%20presencia%20en%20Google%20Maps%20en%20*Miraflores*%20(%E2%AD%90%20*4.6*%20estrellas).%20Notamos%20que%20su%20enlace%20de%20contacto%20actual%20es%20un%20perfil%20de%20*Instagram*.%0A%0AMuchos%20clientes%20que%20buscan%20servicios%20en%20Google%20prefieren%20una%20web%20r%C3%A1pida%20donde%20ver%20cat%C3%A1logo%2C%20fotos%20y%20tarifas%20sin%20tener%20que%20entrar%20a%20una%20red%20social%20o%20ver%20distracciones%20de%20la%20competencia.%0A%0A%C2%BFLes%20interesar%C3%ADa%20complementar%20su%20Instagram%20con%20una%20p%C3%A1gina%20web%20oficial%20(*la-teoria-de-los-6-cafes.cafeterias.todolima.com*)%20con%20bot%C3%B3n%20directo%20a%20WhatsApp%20y%20presencia%20prioritaria%20en%20Todo%20Lima%3F%0A%0ATenemos%20una%20maqueta%20lista%20para%20mostrarles%20sin%20compromiso.%20%C2%BFSe%20las%20comparto%20por%20este%20medio%3F%20%F0%9F%93%B2"
"Pache Cafetería",cafeterias,"Miraflores",4.6,238,981037986,UPGRADE_SOCIAL,pache-cafeteria.cafeterias.todolima.com,"https://wa.me/51981037986?text=Hola%20equipo%20de%20*Pache%20Cafeter%C3%ADa*%20%F0%9F%91%8B%2C%20les%20escribe%20el%20equipo%20de%20*Todo%20Lima*.%0A%0ARevisamos%20su%20destacada%20presencia%20en%20Google%20Maps%20en%20*Miraflores*%20(%E2%AD%90%20*4.6*%20estrellas).%20Notamos%20que%20su%20enlace%20de%20contacto%20actual%20es%20un%20perfil%20de%20*Instagram*.%0A%0AMuchos%20clientes%20que%20buscan%20servicios%20en%20Google%20prefieren%20una%20web%20r%C3%A1pida%20donde%20ver%20cat%C3%A1logo%2C%20fotos%20y%20tarifas%20sin%20tener%20que%20entrar%20a%20una%20red%20social%20o%20ver%20distracciones%20de%20la%20competencia.%0A%0A%C2%BFLes%20interesar%C3%ADa%20complementar%20su%20Instagram%20con%20una%20p%C3%A1gina%20web%20oficial%20(*pache-cafeteria.cafeterias.todolima.com*)%20con%20bot%C3%B3n%20directo%20a%20WhatsApp%20y%20presencia%20prioritaria%20en%20Todo%20Lima%3F%0A%0ATenemos%20una%20maqueta%20lista%20para%20mostrarles%20sin%20compromiso.%20%C2%BFSe%20las%20comparto%20por%20este%20medio%3F%20%F0%9F%93%B2"
"Amauta Coffee",cafeterias,"Lima",4.6,233,934568948,UPGRADE_SOCIAL,amauta-coffee.cafeterias.todolima.com,"https://wa.me/51934568948?text=Hola%20equipo%20de%20*Amauta%20Coffee*%20%F0%9F%91%8B%2C%20les%20escribe%20el%20equipo%20de%20*Todo%20Lima*.%0A%0ARevisamos%20su%20destacada%20presencia%20en%20Google%20Maps%20en%20*Lima*%20(%E2%AD%90%20*4.6*%20estrellas).%20Notamos%20que%20su%20enlace%20de%20contacto%20actual%20es%20un%20perfil%20de%20*Facebook*.%0A%0AMuchos%20clientes%20que%20buscan%20servicios%20en%20Google%20prefieren%20una%20web%20r%C3%A1pida%20donde%20ver%20cat%C3%A1logo%2C%20fotos%20y%20tarifas%20sin%20tener%20que%20entrar%20a%20una%20red%20social%20o%20ver%20distracciones%20de%20la%20competencia.%0A%0A%C2%BFLes%20interesar%C3%ADa%20complementar%20su%20Facebook%20con%20una%20p%C3%A1gina%20web%20oficial%20(*amauta-coffee.cafeterias.todolima.com*)%20con%20bot%C3%B3n%20directo%20a%20WhatsApp%20y%20presencia%20prioritaria%20en%20Todo%20Lima%3F%0A%0ATenemos%20una%20maqueta%20lista%20para%20mostrarles%20sin%20compromiso.%20%C2%BFSe%20las%20comparto%20por%20este%20medio%3F%20%F0%9F%93%B2"
"Etcetera Café",cafeterias,"Miraflores",4.6,225,955298907,REDESIGN_WEBSITE,etcetera-cafe.cafeterias.todolima.com,"https://wa.me/51955298907?text=Hola%20equipo%20de%20*Etcetera%20Caf%C3%A9*%20%F0%9F%91%8B%2C%20gusto%20en%20saludarlos.%0A%0ALes%20escribimos%20desde%20*Todo%20Lima*.%20Al%20revisar%20a%20los%20referentes%20de%20*Miraflores*%20(donde%20ustedes%20destacan%20con%20%E2%AD%90%20*4.6*)%2C%20realizamos%20una%20auditor%C3%ADa%20t%C3%A9cnica%20gratuita%20a%20su%20web%20actual%20(*http%3A%2F%2Fwww.etcetera.com.pe%2F*).%0A%0ADetectamos%20algunos%20puntos%20cr%C3%ADticos%20que%20podr%C3%ADan%20estar%20frenando%20sus%20consultas%3A%0A%E2%80%A2%20URL%20inv%C3%A1lida%20o%20no%20registrada.%0A%0A%F0%9F%91%89%20*Dato%20clave%3A*%20El%2065%25%20de%20usuarios%20en%20Lima%20abandonan%20una%20web%20si%20no%20encuentran%20un%20bot%C3%B3n%20flotante%20de%20WhatsApp%20para%20consultar%20en%20el%20momento.%0A%0A%0APodemos%20modernizar%20su%20web%20para%20que%20cargue%20al%20instante%20y%20multiplique%20sus%20contactos%20por%20WhatsApp.%20%C2%BFLes%20gustar%C3%ADa%20que%20les%20enviemos%20el%20reporte%20t%C3%A9cnico%20completo%3F%20%F0%9F%93%8A"
"Punto Café",cafeterias,"Miraflores",4.6,197,997034552,REDESIGN_WEBSITE,punto-cafe.cafeterias.todolima.com,"https://wa.me/51997034552?text=Hola%20equipo%20de%20*Punto%20Caf%C3%A9*%20%F0%9F%91%8B%2C%20gusto%20en%20saludarlos.%0A%0ALes%20escribimos%20desde%20*Todo%20Lima*.%20Al%20revisar%20a%20los%20referentes%20de%20*Miraflores*%20(donde%20ustedes%20destacan%20con%20%E2%AD%90%20*4.6*)%2C%20realizamos%20una%20auditor%C3%ADa%20t%C3%A9cnica%20gratuita%20a%20su%20web%20actual%20(*http%3A%2F%2Fpuntocafe.pe%2F*).%0A%0ADetectamos%20algunos%20puntos%20cr%C3%ADticos%20que%20podr%C3%ADan%20estar%20frenando%20sus%20consultas%3A%0A%E2%80%A2%20URL%20inv%C3%A1lida%20o%20no%20registrada.%0A%0A%F0%9F%91%89%20*Dato%20clave%3A*%20El%2065%25%20de%20usuarios%20en%20Lima%20abandonan%20una%20web%20si%20no%20encuentran%20un%20bot%C3%B3n%20flotante%20de%20WhatsApp%20para%20consultar%20en%20el%20momento.%0A%0A%0APodemos%20modernizar%20su%20web%20para%20que%20cargue%20al%20instante%20y%20multiplique%20sus%20contactos%20por%20WhatsApp.%20%C2%BFLes%20gustar%C3%ADa%20que%20les%20enviemos%20el%20reporte%20t%C3%A9cnico%20completo%3F%20%F0%9F%93%8A"
"AMAUTA coffee",cafeterias,"Miraflores",4.6,183,989480529,UPGRADE_SOCIAL,amauta-coffee.cafeterias.todolima.com,"https://wa.me/51989480529?text=Hola%20equipo%20de%20*AMAUTA%20coffee*%20%F0%9F%91%8B%2C%20les%20escribe%20el%20equipo%20de%20*Todo%20Lima*.%0A%0ARevisamos%20su%20destacada%20presencia%20en%20Google%20Maps%20en%20*Miraflores*%20(%E2%AD%90%20*4.6*%20estrellas).%20Notamos%20que%20su%20enlace%20de%20contacto%20actual%20es%20un%20perfil%20de%20*Instagram*.%0A%0AMuchos%20clientes%20que%20buscan%20servicios%20en%20Google%20prefieren%20una%20web%20r%C3%A1pida%20donde%20ver%20cat%C3%A1logo%2C%20fotos%20y%20tarifas%20sin%20tener%20que%20entrar%20a%20una%20red%20social%20o%20ver%20distracciones%20de%20la%20competencia.%0A%0A%C2%BFLes%20interesar%C3%ADa%20complementar%20su%20Instagram%20con%20una%20p%C3%A1gina%20web%20oficial%20(*amauta-coffee.cafeterias.todolima.com*)%20con%20bot%C3%B3n%20directo%20a%20WhatsApp%20y%20presencia%20prioritaria%20en%20Todo%20Lima%3F%0A%0ATenemos%20una%20maqueta%20lista%20para%20mostrarles%20sin%20compromiso.%20%C2%BFSe%20las%20comparto%20por%20este%20medio%3F%20%F0%9F%93%B2"
"Café Parque Sol",cafeterias,"Miraflores",4.6,177,987971187,NEEDS_WEBSITE,cafe-parque-sol.cafeterias.todolima.com,"https://wa.me/51987971187?text=Hola%20equipo%20de%20*Caf%C3%A9%20Parque%20Sol*%20%F0%9F%91%8B%2C%20los%20saluda%20el%20equipo%20de%20*Todo%20Lima*%20(todolima.com).%0A%0AVimos%20que%20son%20uno%20de%20los%20negocios%20con%20mejor%20reputaci%C3%B3n%20en%20Google%20Maps%20en%20*Miraflores*%20(%E2%AD%90%20*4.6*%20con%20177%20opiniones)%20%C2%A1Felicitaciones%20por%20tan%20buen%20trabajo!%20%F0%9F%91%8F%0A%0ARevisamos%20su%20ficha%20y%20notamos%20que%20*a%C3%BAn%20no%20cuentan%20con%20una%20p%C3%A1gina%20web%20oficial*%20donde%20sus%20clientes%20puedan%20consultar%20sus%20servicios%20y%20agendar%20directamente%20por%20WhatsApp.%0A%0AEn%20*Todo%20Lima*%20creamos%20landing%20pages%20ultrarr%C3%A1pidas%20pensadas%20para%20negocios%20locales%3A%0A%E2%9C%85%20Subdominio%20verificado%3A%20*cafe-parque-sol.cafeterias.todolima.com*%0A%E2%9C%85%20Bot%C3%B3n%20de%20WhatsApp%20directo%20para%20recibir%20pedidos%20y%20citas%20al%20instante%0A%E2%9C%85%20Mapa%20interactivo%20para%20que%20lleguen%20a%20su%20local%20en%20Miraflores%0A%E2%9C%85%20Carga%20en%20menos%20de%201%20segundo%20en%20celulares%0A%E2%9C%85%20Ficha%20destacada%20en%20el%20directorio%20todolima.com%0A%0APreparamos%20una%20demostraci%C3%B3n%20sin%20costo%20de%20c%C3%B3mo%20se%20ver%C3%ADa%20la%20web%20de%20*Caf%C3%A9%20Parque%20Sol*.%20%C2%BFLes%20gustar%C3%ADa%20que%20les%20comparta%20el%20enlace%20de%20prueba%20por%20aqu%C3%AD%3F%20%F0%9F%9A%80"
"coffeebrix",cafeterias,"Miraflores",4.6,146,981543566,NEEDS_WEBSITE,coffeebrix.cafeterias.todolima.com,"https://wa.me/51981543566?text=Hola%20equipo%20de%20*coffeebrix*%20%F0%9F%91%8B%2C%20los%20saluda%20el%20equipo%20de%20*Todo%20Lima*%20(todolima.com).%0A%0AVimos%20que%20son%20uno%20de%20los%20negocios%20con%20mejor%20reputaci%C3%B3n%20en%20Google%20Maps%20en%20*Miraflores*%20(%E2%AD%90%20*4.6*%20con%20146%20opiniones)%20%C2%A1Felicitaciones%20por%20tan%20buen%20trabajo!%20%F0%9F%91%8F%0A%0ARevisamos%20su%20ficha%20y%20notamos%20que%20*a%C3%BAn%20no%20cuentan%20con%20una%20p%C3%A1gina%20web%20oficial*%20donde%20sus%20clientes%20puedan%20consultar%20sus%20servicios%20y%20agendar%20directamente%20por%20WhatsApp.%0A%0AEn%20*Todo%20Lima*%20creamos%20landing%20pages%20ultrarr%C3%A1pidas%20pensadas%20para%20negocios%20locales%3A%0A%E2%9C%85%20Subdominio%20verificado%3A%20*coffeebrix.cafeterias.todolima.com*%0A%E2%9C%85%20Bot%C3%B3n%20de%20WhatsApp%20directo%20para%20recibir%20pedidos%20y%20citas%20al%20instante%0A%E2%9C%85%20Mapa%20interactivo%20para%20que%20lleguen%20a%20su%20local%20en%20Miraflores%0A%E2%9C%85%20Carga%20en%20menos%20de%201%20segundo%20en%20celulares%0A%E2%9C%85%20Ficha%20destacada%20en%20el%20directorio%20todolima.com%0A%0APreparamos%20una%20demostraci%C3%B3n%20sin%20costo%20de%20c%C3%B3mo%20se%20ver%C3%ADa%20la%20web%20de%20*coffeebrix*.%20%C2%BFLes%20gustar%C3%ADa%20que%20les%20comparta%20el%20enlace%20de%20prueba%20por%20aqu%C3%AD%3F%20%F0%9F%9A%80"
"La Lima Café",cafeterias,"Miraflores",4.6,64,941438291,REDESIGN_WEBSITE,la-lima-cafe.cafeterias.todolima.com,"https://wa.me/51941438291?text=Hola%20equipo%20de%20*La%20Lima%20Caf%C3%A9*%20%F0%9F%91%8B%2C%20gusto%20en%20saludarlos.%0A%0ALes%20escribimos%20desde%20*Todo%20Lima*.%20Al%20revisar%20a%20los%20referentes%20de%20*Miraflores*%20(donde%20ustedes%20destacan%20con%20%E2%AD%90%20*4.6*)%2C%20realizamos%20una%20auditor%C3%ADa%20t%C3%A9cnica%20gratuita%20a%20su%20web%20actual%20(*https%3A%2F%2Flalimacafe.pe%2F*).%0A%0ADetectamos%20algunos%20puntos%20cr%C3%ADticos%20que%20podr%C3%ADan%20estar%20frenando%20sus%20consultas%3A%0A%E2%80%A2%20URL%20inv%C3%A1lida%20o%20no%20registrada.%0A%0A%F0%9F%91%89%20*Dato%20clave%3A*%20El%2065%25%20de%20usuarios%20en%20Lima%20abandonan%20una%20web%20si%20no%20encuentran%20un%20bot%C3%B3n%20flotante%20de%20WhatsApp%20para%20consultar%20en%20el%20momento.%0A%0A%0APodemos%20modernizar%20su%20web%20para%20que%20cargue%20al%20instante%20y%20multiplique%20sus%20contactos%20por%20WhatsApp.%20%C2%BFLes%20gustar%C3%ADa%20que%20les%20enviemos%20el%20reporte%20t%C3%A9cnico%20completo%3F%20%F0%9F%93%8A"
"SHARK CAR WASH AND DETAILING S.A.C",car-wash,"San Juan de Lurigancho",4.6,25,933281601,NEEDS_WEBSITE,shark-car-wash-and-detailing-s.car-wash.todolima.com,"https://wa.me/51933281601?text=Hola%20equipo%20de%20*SHARK%20CAR%20WASH%20AND%20DETAILING%20S.A.C*%20%F0%9F%91%8B%2C%20los%20saluda%20el%20equipo%20de%20*Todo%20Lima*%20(todolima.com).%0A%0AVimos%20que%20son%20uno%20de%20los%20negocios%20con%20mejor%20reputaci%C3%B3n%20en%20Google%20Maps%20en%20*San%20Juan%20de%20Lurigancho*%20(%E2%AD%90%20*4.6*%20con%2025%20opiniones)%20%C2%A1Felicitaciones%20por%20tan%20buen%20trabajo!%20%F0%9F%91%8F%0A%0ARevisamos%20su%20ficha%20y%20notamos%20que%20*a%C3%BAn%20no%20cuentan%20con%20una%20p%C3%A1gina%20web%20oficial*%20donde%20sus%20clientes%20puedan%20consultar%20sus%20servicios%20y%20agendar%20directamente%20por%20WhatsApp.%0A%0AEn%20*Todo%20Lima*%20creamos%20landing%20pages%20ultrarr%C3%A1pidas%20pensadas%20para%20negocios%20locales%3A%0A%E2%9C%85%20Subdominio%20verificado%3A%20*shark-car-wash-and-detailing-s.car-wash.todolima.com*%0A%E2%9C%85%20Bot%C3%B3n%20de%20WhatsApp%20directo%20para%20recibir%20pedidos%20y%20citas%20al%20instante%0A%E2%9C%85%20Mapa%20interactivo%20para%20que%20lleguen%20a%20su%20local%20en%20San%20Juan%20de%20Lurigancho%0A%E2%9C%85%20Carga%20en%20menos%20de%201%20segundo%20en%20celulares%0A%E2%9C%85%20Ficha%20destacada%20en%20el%20directorio%20todolima.com%0A%0APreparamos%20una%20demostraci%C3%B3n%20sin%20costo%20de%20c%C3%B3mo%20se%20ver%C3%ADa%20la%20web%20de%20*SHARK%20CAR%20WASH%20AND%20DETAILING%20S.A.C*.%20%C2%BFLes%20gustar%C3%ADa%20que%20les%20comparta%20el%20enlace%20de%20prueba%20por%20aqu%C3%AD%3F%20%F0%9F%9A%80"
"Dmaris eventos y catering",catering,"Lima",4.6,9,937222052,UPGRADE_SOCIAL,dmaris-eventos-y-catering.catering.todolima.com,"https://wa.me/51937222052?text=Hola%20equipo%20de%20*Dmaris%20eventos%20y%20catering*%20%F0%9F%91%8B%2C%20les%20escribe%20el%20equipo%20de%20*Todo%20Lima*.%0A%0ARevisamos%20su%20destacada%20presencia%20en%20Google%20Maps%20en%20*Lima*%20(%E2%AD%90%20*4.6*%20estrellas).%20Notamos%20que%20su%20enlace%20de%20contacto%20actual%20es%20un%20perfil%20de%20*Instagram*.%0A%0AMuchos%20clientes%20que%20buscan%20servicios%20en%20Google%20prefieren%20una%20web%20r%C3%A1pida%20donde%20ver%20cat%C3%A1logo%2C%20fotos%20y%20tarifas%20sin%20tener%20que%20entrar%20a%20una%20red%20social%20o%20ver%20distracciones%20de%20la%20competencia.%0A%0A%C2%BFLes%20interesar%C3%ADa%20complementar%20su%20Instagram%20con%20una%20p%C3%A1gina%20web%20oficial%20(*dmaris-eventos-y-catering.catering.todolima.com*)%20con%20bot%C3%B3n%20directo%20a%20WhatsApp%20y%20presencia%20prioritaria%20en%20Todo%20Lima%3F%0A%0ATenemos%20una%20maqueta%20lista%20para%20mostrarles%20sin%20compromiso.%20%C2%BFSe%20las%20comparto%20por%20este%20medio%3F%20%F0%9F%93%B2"
"iKey Store",cerrajeros,"Pueblo Libre",4.6,34,993762175,UPGRADE_SOCIAL,ikey-store.cerrajeros.todolima.com,"https://wa.me/51993762175?text=Hola%20equipo%20de%20*iKey%20Store*%20%F0%9F%91%8B%2C%20les%20escribe%20el%20equipo%20de%20*Todo%20Lima*.%0A%0ARevisamos%20su%20destacada%20presencia%20en%20Google%20Maps%20en%20*Pueblo%20Libre*%20(%E2%AD%90%20*4.6*%20estrellas).%20Notamos%20que%20su%20enlace%20de%20contacto%20actual%20es%20un%20perfil%20de%20*Facebook*.%0A%0AMuchos%20clientes%20que%20buscan%20servicios%20en%20Google%20prefieren%20una%20web%20r%C3%A1pida%20donde%20ver%20cat%C3%A1logo%2C%20fotos%20y%20tarifas%20sin%20tener%20que%20entrar%20a%20una%20red%20social%20o%20ver%20distracciones%20de%20la%20competencia.%0A%0A%C2%BFLes%20interesar%C3%ADa%20complementar%20su%20Facebook%20con%20una%20p%C3%A1gina%20web%20oficial%20(*ikey-store.cerrajeros.todolima.com*)%20con%20bot%C3%B3n%20directo%20a%20WhatsApp%20y%20presencia%20prioritaria%20en%20Todo%20Lima%3F%0A%0ATenemos%20una%20maqueta%20lista%20para%20mostrarles%20sin%20compromiso.%20%C2%BFSe%20las%20comparto%20por%20este%20medio%3F%20%F0%9F%93%B2"
"MR. LLAVES Sistemas de Seguridad Automotriz",cerrajeros,"Jesús María",4.6,11,995617246,UPGRADE_SOCIAL,mr-llaves-sistemas-de-segurida.cerrajeros.todolima.com,"https://wa.me/51995617246?text=Hola%20equipo%20de%20*MR.%20LLAVES%20Sistemas%20de%20Seguridad%20Automotriz*%20%F0%9F%91%8B%2C%20les%20escribe%20el%20equipo%20de%20*Todo%20Lima*.%0A%0ARevisamos%20su%20destacada%20presencia%20en%20Google%20Maps%20en%20*Jes%C3%BAs%20Mar%C3%ADa*%20(%E2%AD%90%20*4.6*%20estrellas).%20Notamos%20que%20su%20enlace%20de%20contacto%20actual%20es%20un%20perfil%20de%20*Facebook*.%0A%0AMuchos%20clientes%20que%20buscan%20servicios%20en%20Google%20prefieren%20una%20web%20r%C3%A1pida%20donde%20ver%20cat%C3%A1logo%2C%20fotos%20y%20tarifas%20sin%20tener%20que%20entrar%20a%20una%20red%20social%20o%20ver%20distracciones%20de%20la%20competencia.%0A%0A%C2%BFLes%20interesar%C3%ADa%20complementar%20su%20Facebook%20con%20una%20p%C3%A1gina%20web%20oficial%20(*mr-llaves-sistemas-de-segurida.cerrajeros.todolima.com*)%20con%20bot%C3%B3n%20directo%20a%20WhatsApp%20y%20presencia%20prioritaria%20en%20Todo%20Lima%3F%0A%0ATenemos%20una%20maqueta%20lista%20para%20mostrarles%20sin%20compromiso.%20%C2%BFSe%20las%20comparto%20por%20este%20medio%3F%20%F0%9F%93%B2"
"(CYMA) LLAVES CASA, AUTOS",cerrajeros,"Lima",4.6,5,979503854,NEEDS_WEBSITE,cyma-llaves-casa-autos.cerrajeros.todolima.com,"https://wa.me/51979503854?text=Hola%20equipo%20de%20*(CYMA)%20LLAVES%20CASA%2C%20AUTOS*%20%F0%9F%91%8B%2C%20los%20saluda%20el%20equipo%20de%20*Todo%20Lima*%20(todolima.com).%0A%0AVimos%20que%20son%20uno%20de%20los%20negocios%20con%20mejor%20reputaci%C3%B3n%20en%20Google%20Maps%20en%20*Lima*%20(%E2%AD%90%20*4.6*%20con%205%20opiniones)%20%C2%A1Felicitaciones%20por%20tan%20buen%20trabajo!%20%F0%9F%91%8F%0A%0ARevisamos%20su%20ficha%20y%20notamos%20que%20*a%C3%BAn%20no%20cuentan%20con%20una%20p%C3%A1gina%20web%20oficial*%20donde%20sus%20clientes%20puedan%20consultar%20sus%20servicios%20y%20agendar%20directamente%20por%20WhatsApp.%0A%0AEn%20*Todo%20Lima*%20creamos%20landing%20pages%20ultrarr%C3%A1pidas%20pensadas%20para%20negocios%20locales%3A%0A%E2%9C%85%20Subdominio%20verificado%3A%20*cyma-llaves-casa-autos.cerrajeros.todolima.com*%0A%E2%9C%85%20Bot%C3%B3n%20de%20WhatsApp%20directo%20para%20recibir%20pedidos%20y%20citas%20al%20instante%0A%E2%9C%85%20Mapa%20interactivo%20para%20que%20lleguen%20a%20su%20local%20en%20Lima%0A%E2%9C%85%20Carga%20en%20menos%20de%201%20segundo%20en%20celulares%0A%E2%9C%85%20Ficha%20destacada%20en%20el%20directorio%20todolima.com%0A%0APreparamos%20una%20demostraci%C3%B3n%20sin%20costo%20de%20c%C3%B3mo%20se%20ver%C3%ADa%20la%20web%20de%20*(CYMA)%20LLAVES%20CASA%2C%20AUTOS*.%20%C2%BFLes%20gustar%C3%ADa%20que%20les%20comparta%20el%20enlace%20de%20prueba%20por%20aqu%C3%AD%3F%20%F0%9F%9A%80"
"Cevichería Barra Maretazo | Peruvian Food",cevicherias,"Miraflores",4.6,5092,933037574,REDESIGN_WEBSITE,cevicheria-barra-maretazo-peru.cevicherias.todolima.com,"https://wa.me/51933037574?text=Hola%20equipo%20de%20*Cevicher%C3%ADa%20Barra%20Maretazo%20%7C%20Peruvian%20Food*%20%F0%9F%91%8B%2C%20gusto%20en%20saludarlos.%0A%0ALes%20escribimos%20desde%20*Todo%20Lima*.%20Al%20revisar%20a%20los%20referentes%20de%20*Miraflores*%20(donde%20ustedes%20destacan%20con%20%E2%AD%90%20*4.6*)%2C%20realizamos%20una%20auditor%C3%ADa%20t%C3%A9cnica%20gratuita%20a%20su%20web%20actual%20(*http%3A%2F%2Fwww.barramaretazo.com%2F*).%0A%0ADetectamos%20algunos%20puntos%20cr%C3%ADticos%20que%20podr%C3%ADan%20estar%20frenando%20sus%20consultas%3A%0A%E2%80%A2%20URL%20inv%C3%A1lida%20o%20no%20registrada.%0A%0A%F0%9F%91%89%20*Dato%20clave%3A*%20El%2065%25%20de%20usuarios%20en%20Lima%20abandonan%20una%20web%20si%20no%20encuentran%20un%20bot%C3%B3n%20flotante%20de%20WhatsApp%20para%20consultar%20en%20el%20momento.%0A%0A%0APodemos%20modernizar%20su%20web%20para%20que%20cargue%20al%20instante%20y%20multiplique%20sus%20contactos%20por%20WhatsApp.%20%C2%BFLes%20gustar%C3%ADa%20que%20les%20enviemos%20el%20reporte%20t%C3%A9cnico%20completo%3F%20%F0%9F%93%8A"
"MAYTA by Jaime Pesaque",cevicherias,"Miraflores",4.6,2658,937220734,REDESIGN_WEBSITE,mayta-by-jaime-pesaque.cevicherias.todolima.com,"https://wa.me/51937220734?text=Hola%20equipo%20de%20*MAYTA%20by%20Jaime%20Pesaque*%20%F0%9F%91%8B%2C%20gusto%20en%20saludarlos.%0A%0ALes%20escribimos%20desde%20*Todo%20Lima*.%20Al%20revisar%20a%20los%20referentes%20de%20*Miraflores*%20(donde%20ustedes%20destacan%20con%20%E2%AD%90%20*4.6*)%2C%20realizamos%20una%20auditor%C3%ADa%20t%C3%A9cnica%20gratuita%20a%20su%20web%20actual%20(*https%3A%2F%2Fmaytalima.com%2F*).%0A%0ADetectamos%20algunos%20puntos%20cr%C3%ADticos%20que%20podr%C3%ADan%20estar%20frenando%20sus%20consultas%3A%0A%E2%80%A2%20URL%20inv%C3%A1lida%20o%20no%20registrada.%0A%0A%F0%9F%91%89%20*Dato%20clave%3A*%20El%2065%25%20de%20usuarios%20en%20Lima%20abandonan%20una%20web%20si%20no%20encuentran%20un%20bot%C3%B3n%20flotante%20de%20WhatsApp%20para%20consultar%20en%20el%20momento.%0A%0A%0APodemos%20modernizar%20su%20web%20para%20que%20cargue%20al%20instante%20y%20multiplique%20sus%20contactos%20por%20WhatsApp.%20%C2%BFLes%20gustar%C3%ADa%20que%20les%20enviemos%20el%20reporte%20t%C3%A9cnico%20completo%3F%20%F0%9F%93%8A"
"Almacén Cevichería Miraflores - Restaurante marino",cevicherias,"Miraflores",4.6,1472,957657066,REDESIGN_WEBSITE,almacen-cevicheria-miraflores-.cevicherias.todolima.com,"https://wa.me/51957657066?text=Hola%20equipo%20de%20*Almac%C3%A9n%20Cevicher%C3%ADa%20Miraflores%20-%20Restaurante%20marino*%20%F0%9F%91%8B%2C%20gusto%20en%20saludarlos.%0A%0ALes%20escribimos%20desde%20*Todo%20Lima*.%20Al%20revisar%20a%20los%20referentes%20de%20*Miraflores*%20(donde%20ustedes%20destacan%20con%20%E2%AD%90%20*4.6*)%2C%20realizamos%20una%20auditor%C3%ADa%20t%C3%A9cnica%20gratuita%20a%20su%20web%20actual%20(*http%3A%2F%2Falmacencevicheria.com%2F*).%0A%0ADetectamos%20algunos%20puntos%20cr%C3%ADticos%20que%20podr%C3%ADan%20estar%20frenando%20sus%20consultas%3A%0A%E2%80%A2%20URL%20inv%C3%A1lida%20o%20no%20registrada.%0A%0A%F0%9F%91%89%20*Dato%20clave%3A*%20El%2065%25%20de%20usuarios%20en%20Lima%20abandonan%20una%20web%20si%20no%20encuentran%20un%20bot%C3%B3n%20flotante%20de%20WhatsApp%20para%20consultar%20en%20el%20momento.%0A%0A%0APodemos%20modernizar%20su%20web%20para%20que%20cargue%20al%20instante%20y%20multiplique%20sus%20contactos%20por%20WhatsApp.%20%C2%BFLes%20gustar%C3%ADa%20que%20les%20enviemos%20el%20reporte%20t%C3%A9cnico%20completo%3F%20%F0%9F%93%8A"
"Cevicheria “Mi Gente” - Ceviche con Salsa",cevicherias,"Lima",4.6,1160,997000444,NEEDS_WEBSITE,cevicheria-mi-gente-ceviche-co.cevicherias.todolima.com,"https://wa.me/51997000444?text=Hola%20equipo%20de%20*Cevicheria%20%E2%80%9CMi%20Gente%E2%80%9D%20-%20Ceviche%20con%20Salsa*%20%F0%9F%91%8B%2C%20los%20saluda%20el%20equipo%20de%20*Todo%20Lima*%20(todolima.com).%0A%0AVimos%20que%20son%20uno%20de%20los%20negocios%20con%20mejor%20reputaci%C3%B3n%20en%20Google%20Maps%20en%20*Lima*%20(%E2%AD%90%20*4.6*%20con%201160%20opiniones)%20%C2%A1Felicitaciones%20por%20tan%20buen%20trabajo!%20%F0%9F%91%8F%0A%0ARevisamos%20su%20ficha%20y%20notamos%20que%20*a%C3%BAn%20no%20cuentan%20con%20una%20p%C3%A1gina%20web%20oficial*%20donde%20sus%20clientes%20puedan%20consultar%20sus%20servicios%20y%20agendar%20directamente%20por%20WhatsApp.%0A%0AEn%20*Todo%20Lima*%20creamos%20landing%20pages%20ultrarr%C3%A1pidas%20pensadas%20para%20negocios%20locales%3A%0A%E2%9C%85%20Subdominio%20verificado%3A%20*cevicheria-mi-gente-ceviche-co.cevicherias.todolima.com*%0A%E2%9C%85%20Bot%C3%B3n%20de%20WhatsApp%20directo%20para%20recibir%20pedidos%20y%20citas%20al%20instante%0A%E2%9C%85%20Mapa%20interactivo%20para%20que%20lleguen%20a%20su%20local%20en%20Lima%0A%E2%9C%85%20Carga%20en%20menos%20de%201%20segundo%20en%20celulares%0A%E2%9C%85%20Ficha%20destacada%20en%20el%20directorio%20todolima.com%0A%0APreparamos%20una%20demostraci%C3%B3n%20sin%20costo%20de%20c%C3%B3mo%20se%20ver%C3%ADa%20la%20web%20de%20*Cevicheria%20%E2%80%9CMi%20Gente%E2%80%9D%20-%20Ceviche%20con%20Salsa*.%20%C2%BFLes%20gustar%C3%ADa%20que%20les%20comparta%20el%20enlace%20de%20prueba%20por%20aqu%C3%AD%3F%20%F0%9F%9A%80"
"HAYAQ - Pescados y Mariscos",cevicherias,"Lima",4.6,723,952733306,NEEDS_WEBSITE,hayaq-pescados-y-mariscos.cevicherias.todolima.com,"https://wa.me/51952733306?text=Hola%20equipo%20de%20*HAYAQ%20-%20Pescados%20y%20Mariscos*%20%F0%9F%91%8B%2C%20los%20saluda%20el%20equipo%20de%20*Todo%20Lima*%20(todolima.com).%0A%0AVimos%20que%20son%20uno%20de%20los%20negocios%20con%20mejor%20reputaci%C3%B3n%20en%20Google%20Maps%20en%20*Lima*%20(%E2%AD%90%20*4.6*%20con%20723%20opiniones)%20%C2%A1Felicitaciones%20por%20tan%20buen%20trabajo!%20%F0%9F%91%8F%0A%0ARevisamos%20su%20ficha%20y%20notamos%20que%20*a%C3%BAn%20no%20cuentan%20con%20una%20p%C3%A1gina%20web%20oficial*%20donde%20sus%20clientes%20puedan%20consultar%20sus%20servicios%20y%20agendar%20directamente%20por%20WhatsApp.%0A%0AEn%20*Todo%20Lima*%20creamos%20landing%20pages%20ultrarr%C3%A1pidas%20pensadas%20para%20negocios%20locales%3A%0A%E2%9C%85%20Subdominio%20verificado%3A%20*hayaq-pescados-y-mariscos.cevicherias.todolima.com*%0A%E2%9C%85%20Bot%C3%B3n%20de%20WhatsApp%20directo%20para%20recibir%20pedidos%20y%20citas%20al%20instante%0A%E2%9C%85%20Mapa%20interactivo%20para%20que%20lleguen%20a%20su%20local%20en%20Lima%0A%E2%9C%85%20Carga%20en%20menos%20de%201%20segundo%20en%20celulares%0A%E2%9C%85%20Ficha%20destacada%20en%20el%20directorio%20todolima.com%0A%0APreparamos%20una%20demostraci%C3%B3n%20sin%20costo%20de%20c%C3%B3mo%20se%20ver%C3%ADa%20la%20web%20de%20*HAYAQ%20-%20Pescados%20y%20Mariscos*.%20%C2%BFLes%20gustar%C3%ADa%20que%20les%20comparta%20el%20enlace%20de%20prueba%20por%20aqu%C3%AD%3F%20%F0%9F%9A%80"
"Cevicheria La Prima",cevicherias,"Barranco",4.6,432,987145482,NEEDS_WEBSITE,cevicheria-la-prima.cevicherias.todolima.com,"https://wa.me/51987145482?text=Hola%20equipo%20de%20*Cevicheria%20La%20Prima*%20%F0%9F%91%8B%2C%20los%20saluda%20el%20equipo%20de%20*Todo%20Lima*%20(todolima.com).%0A%0AVimos%20que%20son%20uno%20de%20los%20negocios%20con%20mejor%20reputaci%C3%B3n%20en%20Google%20Maps%20en%20*Barranco*%20(%E2%AD%90%20*4.6*%20con%20432%20opiniones)%20%C2%A1Felicitaciones%20por%20tan%20buen%20trabajo!%20%F0%9F%91%8F%0A%0ARevisamos%20su%20ficha%20y%20notamos%20que%20*a%C3%BAn%20no%20cuentan%20con%20una%20p%C3%A1gina%20web%20oficial*%20donde%20sus%20clientes%20puedan%20consultar%20sus%20servicios%20y%20agendar%20directamente%20por%20WhatsApp.%0A%0AEn%20*Todo%20Lima*%20creamos%20landing%20pages%20ultrarr%C3%A1pidas%20pensadas%20para%20negocios%20locales%3A%0A%E2%9C%85%20Subdominio%20verificado%3A%20*cevicheria-la-prima.cevicherias.todolima.com*%0A%E2%9C%85%20Bot%C3%B3n%20de%20WhatsApp%20directo%20para%20recibir%20pedidos%20y%20citas%20al%20instante%0A%E2%9C%85%20Mapa%20interactivo%20para%20que%20lleguen%20a%20su%20local%20en%20Barranco%0A%E2%9C%85%20Carga%20en%20menos%20de%201%20segundo%20en%20celulares%0A%E2%9C%85%20Ficha%20destacada%20en%20el%20directorio%20todolima.com%0A%0APreparamos%20una%20demostraci%C3%B3n%20sin%20costo%20de%20c%C3%B3mo%20se%20ver%C3%ADa%20la%20web%20de%20*Cevicheria%20La%20Prima*.%20%C2%BFLes%20gustar%C3%ADa%20que%20les%20comparta%20el%20enlace%20de%20prueba%20por%20aqu%C3%AD%3F%20%F0%9F%9A%80"
"SConcha Miraflores",cevicherias,"Miraflores",4.6,368,999062934,REDESIGN_WEBSITE,sconcha-miraflores.cevicherias.todolima.com,"https://wa.me/51999062934?text=Hola%20equipo%20de%20*SConcha%20Miraflores*%20%F0%9F%91%8B%2C%20gusto%20en%20saludarlos.%0A%0ALes%20escribimos%20desde%20*Todo%20Lima*.%20Al%20revisar%20a%20los%20referentes%20de%20*Miraflores*%20(donde%20ustedes%20destacan%20con%20%E2%AD%90%20*4.6*)%2C%20realizamos%20una%20auditor%C3%ADa%20t%C3%A9cnica%20gratuita%20a%20su%20web%20actual%20(*https%3A%2F%2Fwww.sconcha.pe%2F*).%0A%0ADetectamos%20algunos%20puntos%20cr%C3%ADticos%20que%20podr%C3%ADan%20estar%20frenando%20sus%20consultas%3A%0A%E2%80%A2%20URL%20inv%C3%A1lida%20o%20no%20registrada.%0A%0A%F0%9F%91%89%20*Dato%20clave%3A*%20El%2065%25%20de%20usuarios%20en%20Lima%20abandonan%20una%20web%20si%20no%20encuentran%20un%20bot%C3%B3n%20flotante%20de%20WhatsApp%20para%20consultar%20en%20el%20momento.%0A%0A%0APodemos%20modernizar%20su%20web%20para%20que%20cargue%20al%20instante%20y%20multiplique%20sus%20contactos%20por%20WhatsApp.%20%C2%BFLes%20gustar%C3%ADa%20que%20les%20enviemos%20el%20reporte%20t%C3%A9cnico%20completo%3F%20%F0%9F%93%8A"
"LA K-LETA BARRANCO - CEVICHERÍA",cevicherias,"Lima",4.6,94,997441416,UPGRADE_SOCIAL,la-k-leta-barranco-cevicheria.cevicherias.todolima.com,"https://wa.me/51997441416?text=Hola%20equipo%20de%20*LA%20K-LETA%20BARRANCO%20-%20CEVICHER%C3%8DA*%20%F0%9F%91%8B%2C%20les%20escribe%20el%20equipo%20de%20*Todo%20Lima*.%0A%0ARevisamos%20su%20destacada%20presencia%20en%20Google%20Maps%20en%20*Lima*%20(%E2%AD%90%20*4.6*%20estrellas).%20Notamos%20que%20su%20enlace%20de%20contacto%20actual%20es%20un%20perfil%20de%20*WhatsApp%20Directo*.%0A%0AMuchos%20clientes%20que%20buscan%20servicios%20en%20Google%20prefieren%20una%20web%20r%C3%A1pida%20donde%20ver%20cat%C3%A1logo%2C%20fotos%20y%20tarifas%20sin%20tener%20que%20entrar%20a%20una%20red%20social%20o%20ver%20distracciones%20de%20la%20competencia.%0A%0A%C2%BFLes%20interesar%C3%ADa%20complementar%20su%20WhatsApp%20Directo%20con%20una%20p%C3%A1gina%20web%20oficial%20(*la-k-leta-barranco-cevicheria.cevicherias.todolima.com*)%20con%20bot%C3%B3n%20directo%20a%20WhatsApp%20y%20presencia%20prioritaria%20en%20Todo%20Lima%3F%0A%0ATenemos%20una%20maqueta%20lista%20para%20mostrarles%20sin%20compromiso.%20%C2%BFSe%20las%20comparto%20por%20este%20medio%3F%20%F0%9F%93%B2"
"Cebichería Norma",cevicherias,"Lima",4.6,12,989366735,NEEDS_WEBSITE,cebicheria-norma.cevicherias.todolima.com,"https://wa.me/51989366735?text=Hola%20equipo%20de%20*Cebicher%C3%ADa%20Norma*%20%F0%9F%91%8B%2C%20los%20saluda%20el%20equipo%20de%20*Todo%20Lima*%20(todolima.com).%0A%0AVimos%20que%20son%20uno%20de%20los%20negocios%20con%20mejor%20reputaci%C3%B3n%20en%20Google%20Maps%20en%20*Lima*%20(%E2%AD%90%20*4.6*%20con%2012%20opiniones)%20%C2%A1Felicitaciones%20por%20tan%20buen%20trabajo!%20%F0%9F%91%8F%0A%0ARevisamos%20su%20ficha%20y%20notamos%20que%20*a%C3%BAn%20no%20cuentan%20con%20una%20p%C3%A1gina%20web%20oficial*%20donde%20sus%20clientes%20puedan%20consultar%20sus%20servicios%20y%20agendar%20directamente%20por%20WhatsApp.%0A%0AEn%20*Todo%20Lima*%20creamos%20landing%20pages%20ultrarr%C3%A1pidas%20pensadas%20para%20negocios%20locales%3A%0A%E2%9C%85%20Subdominio%20verificado%3A%20*cebicheria-norma.cevicherias.todolima.com*%0A%E2%9C%85%20Bot%C3%B3n%20de%20WhatsApp%20directo%20para%20recibir%20pedidos%20y%20citas%20al%20instante%0A%E2%9C%85%20Mapa%20interactivo%20para%20que%20lleguen%20a%20su%20local%20en%20Lima%0A%E2%9C%85%20Carga%20en%20menos%20de%201%20segundo%20en%20celulares%0A%E2%9C%85%20Ficha%20destacada%20en%20el%20directorio%20todolima.com%0A%0APreparamos%20una%20demostraci%C3%B3n%20sin%20costo%20de%20c%C3%B3mo%20se%20ver%C3%ADa%20la%20web%20de%20*Cebicher%C3%ADa%20Norma*.%20%C2%BFLes%20gustar%C3%ADa%20que%20les%20comparta%20el%20enlace%20de%20prueba%20por%20aqu%C3%AD%3F%20%F0%9F%9A%80"
"TITI",chifas,"Lima",4.6,2153,952770672,REDESIGN_WEBSITE,titi.chifas.todolima.com,"https://wa.me/51952770672?text=Hola%20equipo%20de%20*TITI*%20%F0%9F%91%8B%2C%20gusto%20en%20saludarlos.%0A%0ALes%20escribimos%20desde%20*Todo%20Lima*.%20Al%20revisar%20a%20los%20referentes%20de%20*Lima*%20(donde%20ustedes%20destacan%20con%20%E2%AD%90%20*4.6*)%2C%20realizamos%20una%20auditor%C3%ADa%20t%C3%A9cnica%20gratuita%20a%20su%20web%20actual%20(*http%3A%2F%2Fwww.chifatiti.com%2F*).%0A%0ADetectamos%20algunos%20puntos%20cr%C3%ADticos%20que%20podr%C3%ADan%20estar%20frenando%20sus%20consultas%3A%0A%E2%80%A2%20URL%20inv%C3%A1lida%20o%20no%20registrada.%0A%0A%F0%9F%91%89%20*Dato%20clave%3A*%20El%2065%25%20de%20usuarios%20en%20Lima%20abandonan%20una%20web%20si%20no%20encuentran%20un%20bot%C3%B3n%20flotante%20de%20WhatsApp%20para%20consultar%20en%20el%20momento.%0A%0A%0APodemos%20modernizar%20su%20web%20para%20que%20cargue%20al%20instante%20y%20multiplique%20sus%20contactos%20por%20WhatsApp.%20%C2%BFLes%20gustar%C3%ADa%20que%20les%20enviemos%20el%20reporte%20t%C3%A9cnico%20completo%3F%20%F0%9F%93%8A"
"Chifa Meishi",chifas,"Jesús María",4.6,442,934411542,REDESIGN_WEBSITE,chifa-meishi.chifas.todolima.com,"https://wa.me/51934411542?text=Hola%20equipo%20de%20*Chifa%20Meishi*%20%F0%9F%91%8B%2C%20gusto%20en%20saludarlos.%0A%0ALes%20escribimos%20desde%20*Todo%20Lima*.%20Al%20revisar%20a%20los%20referentes%20de%20*Jes%C3%BAs%20Mar%C3%ADa*%20(donde%20ustedes%20destacan%20con%20%E2%AD%90%20*4.6*)%2C%20realizamos%20una%20auditor%C3%ADa%20t%C3%A9cnica%20gratuita%20a%20su%20web%20actual%20(*https%3A%2F%2Fchifa-meishi.ola.click%2F*).%0A%0ADetectamos%20algunos%20puntos%20cr%C3%ADticos%20que%20podr%C3%ADan%20estar%20frenando%20sus%20consultas%3A%0A%E2%80%A2%20URL%20inv%C3%A1lida%20o%20no%20registrada.%0A%0A%F0%9F%91%89%20*Dato%20clave%3A*%20El%2065%25%20de%20usuarios%20en%20Lima%20abandonan%20una%20web%20si%20no%20encuentran%20un%20bot%C3%B3n%20flotante%20de%20WhatsApp%20para%20consultar%20en%20el%20momento.%0A%0A%0APodemos%20modernizar%20su%20web%20para%20que%20cargue%20al%20instante%20y%20multiplique%20sus%20contactos%20por%20WhatsApp.%20%C2%BFLes%20gustar%C3%ADa%20que%20les%20enviemos%20el%20reporte%20t%C3%A9cnico%20completo%3F%20%F0%9F%93%8A"
"Dr. Percy Alarcón – Cirugía Bariátrica y Diabetes (Lima)",doctores,"Lince",4.6,4618,975803197,REDESIGN_WEBSITE,dr-percy-alarcon-cirugia-baria.doctores.todolima.com,"https://wa.me/51975803197?text=Hola%20equipo%20de%20*Dr.%20Percy%20Alarc%C3%B3n%20%E2%80%93%20Cirug%C3%ADa%20Bari%C3%A1trica%20y%20Diabetes%20(Lima)*%20%F0%9F%91%8B%2C%20gusto%20en%20saludarlos.%0A%0ALes%20escribimos%20desde%20*Todo%20Lima*.%20Al%20revisar%20a%20los%20referentes%20de%20*Lince*%20(donde%20ustedes%20destacan%20con%20%E2%AD%90%20*4.6*)%2C%20realizamos%20una%20auditor%C3%ADa%20t%C3%A9cnica%20gratuita%20a%20su%20web%20actual%20(*https%3A%2F%2Fclinicadelaobesidad.pe%2F*).%0A%0ADetectamos%20algunos%20puntos%20cr%C3%ADticos%20que%20podr%C3%ADan%20estar%20frenando%20sus%20consultas%3A%0A%E2%80%A2%20C%C3%B3digo%20de%20respuesta%20HTTP%20an%C3%B3malo%3A%20500.%0A%E2%80%A2%20Tiempo%20de%20carga%20lento%20(2845ms).%20En%20m%C3%B3viles%20el%20usuario%20abandona%20tras%203%20segundos.%0A%E2%80%A2%20No%20tiene%20etiqueta%20viewport%3A%20se%20ve%20diminuto%20y%20roto%20en%20tel%C3%A9fonos%20celulares.%0A%0A%F0%9F%91%89%20*Dato%20clave%3A*%20El%2065%25%20de%20usuarios%20en%20Lima%20abandonan%20una%20web%20si%20no%20encuentran%20un%20bot%C3%B3n%20flotante%20de%20WhatsApp%20para%20consultar%20en%20el%20momento.%0A%0A%0APodemos%20modernizar%20su%20web%20para%20que%20cargue%20al%20instante%20y%20multiplique%20sus%20contactos%20por%20WhatsApp.%20%C2%BFLes%20gustar%C3%ADa%20que%20les%20enviemos%20el%20reporte%20t%C3%A9cnico%20completo%3F%20%F0%9F%93%8A"
"Centro E'Manuel",fisioterapia,"Lima",4.6,132,998616726,NEEDS_WEBSITE,centro-e-manuel.fisioterapia.todolima.com,"https://wa.me/51998616726?text=Hola%20equipo%20de%20*Centro%20E'Manuel*%20%F0%9F%91%8B%2C%20los%20saluda%20el%20equipo%20de%20*Todo%20Lima*%20(todolima.com).%0A%0AVimos%20que%20son%20uno%20de%20los%20negocios%20con%20mejor%20reputaci%C3%B3n%20en%20Google%20Maps%20en%20*Lima*%20(%E2%AD%90%20*4.6*%20con%20132%20opiniones)%20%C2%A1Felicitaciones%20por%20tan%20buen%20trabajo!%20%F0%9F%91%8F%0A%0ARevisamos%20su%20ficha%20y%20notamos%20que%20*a%C3%BAn%20no%20cuentan%20con%20una%20p%C3%A1gina%20web%20oficial*%20donde%20sus%20clientes%20puedan%20consultar%20sus%20servicios%20y%20agendar%20directamente%20por%20WhatsApp.%0A%0AEn%20*Todo%20Lima*%20creamos%20landing%20pages%20ultrarr%C3%A1pidas%20pensadas%20para%20negocios%20locales%3A%0A%E2%9C%85%20Subdominio%20verificado%3A%20*centro-e-manuel.fisioterapia.todolima.com*%0A%E2%9C%85%20Bot%C3%B3n%20de%20WhatsApp%20directo%20para%20recibir%20pedidos%20y%20citas%20al%20instante%0A%E2%9C%85%20Mapa%20interactivo%20para%20que%20lleguen%20a%20su%20local%20en%20Lima%0A%E2%9C%85%20Carga%20en%20menos%20de%201%20segundo%20en%20celulares%0A%E2%9C%85%20Ficha%20destacada%20en%20el%20directorio%20todolima.com%0A%0APreparamos%20una%20demostraci%C3%B3n%20sin%20costo%20de%20c%C3%B3mo%20se%20ver%C3%ADa%20la%20web%20de%20*Centro%20E'Manuel*.%20%C2%BFLes%20gustar%C3%ADa%20que%20les%20comparta%20el%20enlace%20de%20prueba%20por%20aqu%C3%AD%3F%20%F0%9F%9A%80"
"Automotriz Atahualpa ( Planchado y Pintura al horno, Mecánica General )",pintores,"Lima",4.6,81,986630890,NEEDS_WEBSITE,automotriz-atahualpa-planchado.pintores.todolima.com,"https://wa.me/51986630890?text=Hola%20equipo%20de%20*Automotriz%20Atahualpa%20(%20Planchado%20y%20Pintura%20al%20horno%2C%20Mec%C3%A1nica%20General%20)*%20%F0%9F%91%8B%2C%20los%20saluda%20el%20equipo%20de%20*Todo%20Lima*%20(todolima.com).%0A%0AVimos%20que%20son%20uno%20de%20los%20negocios%20con%20mejor%20reputaci%C3%B3n%20en%20Google%20Maps%20en%20*Lima*%20(%E2%AD%90%20*4.6*%20con%2081%20opiniones)%20%C2%A1Felicitaciones%20por%20tan%20buen%20trabajo!%20%F0%9F%91%8F%0A%0ARevisamos%20su%20ficha%20y%20notamos%20que%20*a%C3%BAn%20no%20cuentan%20con%20una%20p%C3%A1gina%20web%20oficial*%20donde%20sus%20clientes%20puedan%20consultar%20sus%20servicios%20y%20agendar%20directamente%20por%20WhatsApp.%0A%0AEn%20*Todo%20Lima*%20creamos%20landing%20pages%20ultrarr%C3%A1pidas%20pensadas%20para%20negocios%20locales%3A%0A%E2%9C%85%20Subdominio%20verificado%3A%20*automotriz-atahualpa-planchado.pintores.todolima.com*%0A%E2%9C%85%20Bot%C3%B3n%20de%20WhatsApp%20directo%20para%20recibir%20pedidos%20y%20citas%20al%20instante%0A%E2%9C%85%20Mapa%20interactivo%20para%20que%20lleguen%20a%20su%20local%20en%20Lima%0A%E2%9C%85%20Carga%20en%20menos%20de%201%20segundo%20en%20celulares%0A%E2%9C%85%20Ficha%20destacada%20en%20el%20directorio%20todolima.com%0A%0APreparamos%20una%20demostraci%C3%B3n%20sin%20costo%20de%20c%C3%B3mo%20se%20ver%C3%ADa%20la%20web%20de%20*Automotriz%20Atahualpa%20(%20Planchado%20y%20Pintura%20al%20horno%2C%20Mec%C3%A1nica%20General%20)*.%20%C2%BFLes%20gustar%C3%ADa%20que%20les%20comparta%20el%20enlace%20de%20prueba%20por%20aqu%C3%AD%3F%20%F0%9F%9A%80"
"ARTEXTURA",pintores,"Lima",4.6,28,981306675,REDESIGN_WEBSITE,artextura.pintores.todolima.com,"https://wa.me/51981306675?text=Hola%20equipo%20de%20*ARTEXTURA*%20%F0%9F%91%8B%2C%20gusto%20en%20saludarlos.%0A%0ALes%20escribimos%20desde%20*Todo%20Lima*.%20Al%20revisar%20a%20los%20referentes%20de%20*Lima*%20(donde%20ustedes%20destacan%20con%20%E2%AD%90%20*4.6*)%2C%20realizamos%20una%20auditor%C3%ADa%20t%C3%A9cnica%20gratuita%20a%20su%20web%20actual%20(*http%3A%2F%2Fartextura.com%2F*).%0A%0ADetectamos%20algunos%20puntos%20cr%C3%ADticos%20que%20podr%C3%ADan%20estar%20frenando%20sus%20consultas%3A%0A%E2%80%A2%20Tiempo%20de%20carga%20lento%20(2715ms).%20En%20m%C3%B3viles%20el%20usuario%20abandona%20tras%203%20segundos.%0A%E2%80%A2%20Sin%20etiqueta%20de%20t%C3%ADtulo%20principal%20H1%20para%20posicionamiento%20org%C3%A1nico.%0A%E2%80%A2%20No%20tiene%20bot%C3%B3n%20directo%20a%20WhatsApp%20(pierde%20hasta%2060%25%20de%20contactos%20en%20Lima).%0A%0A%F0%9F%91%89%20*Dato%20clave%3A*%20El%2065%25%20de%20usuarios%20en%20Lima%20abandonan%20una%20web%20si%20no%20encuentran%20un%20bot%C3%B3n%20flotante%20de%20WhatsApp%20para%20consultar%20en%20el%20momento.%0A%0A%0APodemos%20modernizar%20su%20web%20para%20que%20cargue%20al%20instante%20y%20multiplique%20sus%20contactos%20por%20WhatsApp.%20%C2%BFLes%20gustar%C3%ADa%20que%20les%20enviemos%20el%20reporte%20t%C3%A9cnico%20completo%3F%20%F0%9F%93%8A"
"Alta Llama - Pizzería Artesanal",pizzerias,"Magdalena del Mar",4.6,70,914118292,UPGRADE_SOCIAL,alta-llama-pizzeria-artesanal.pizzerias.todolima.com,"https://wa.me/51914118292?text=Hola%20equipo%20de%20*Alta%20Llama%20-%20Pizzer%C3%ADa%20Artesanal*%20%F0%9F%91%8B%2C%20les%20escribe%20el%20equipo%20de%20*Todo%20Lima*.%0A%0ARevisamos%20su%20destacada%20presencia%20en%20Google%20Maps%20en%20*Magdalena%20del%20Mar*%20(%E2%AD%90%20*4.6*%20estrellas).%20Notamos%20que%20su%20enlace%20de%20contacto%20actual%20es%20un%20perfil%20de%20*Instagram*.%0A%0AMuchos%20clientes%20que%20buscan%20servicios%20en%20Google%20prefieren%20una%20web%20r%C3%A1pida%20donde%20ver%20cat%C3%A1logo%2C%20fotos%20y%20tarifas%20sin%20tener%20que%20entrar%20a%20una%20red%20social%20o%20ver%20distracciones%20de%20la%20competencia.%0A%0A%C2%BFLes%20interesar%C3%ADa%20complementar%20su%20Instagram%20con%20una%20p%C3%A1gina%20web%20oficial%20(*alta-llama-pizzeria-artesanal.pizzerias.todolima.com*)%20con%20bot%C3%B3n%20directo%20a%20WhatsApp%20y%20presencia%20prioritaria%20en%20Todo%20Lima%3F%0A%0ATenemos%20una%20maqueta%20lista%20para%20mostrarles%20sin%20compromiso.%20%C2%BFSe%20las%20comparto%20por%20este%20medio%3F%20%F0%9F%93%B2"
"Legado Pizza",pizzerias,"Barranco",4.6,69,965065153,REDESIGN_WEBSITE,legado-pizza.pizzerias.todolima.com,"https://wa.me/51965065153?text=Hola%20equipo%20de%20*Legado%20Pizza*%20%F0%9F%91%8B%2C%20gusto%20en%20saludarlos.%0A%0ALes%20escribimos%20desde%20*Todo%20Lima*.%20Al%20revisar%20a%20los%20referentes%20de%20*Barranco*%20(donde%20ustedes%20destacan%20con%20%E2%AD%90%20*4.6*)%2C%20realizamos%20una%20auditor%C3%ADa%20t%C3%A9cnica%20gratuita%20a%20su%20web%20actual%20(*http%3A%2F%2Fbeacons.ai%2Flegadopizza*).%0A%0ADetectamos%20algunos%20puntos%20cr%C3%ADticos%20que%20podr%C3%ADan%20estar%20frenando%20sus%20consultas%3A%0A%E2%80%A2%20URL%20inv%C3%A1lida%20o%20no%20registrada.%0A%0A%F0%9F%91%89%20*Dato%20clave%3A*%20El%2065%25%20de%20usuarios%20en%20Lima%20abandonan%20una%20web%20si%20no%20encuentran%20un%20bot%C3%B3n%20flotante%20de%20WhatsApp%20para%20consultar%20en%20el%20momento.%0A%0A%0APodemos%20modernizar%20su%20web%20para%20que%20cargue%20al%20instante%20y%20multiplique%20sus%20contactos%20por%20WhatsApp.%20%C2%BFLes%20gustar%C3%ADa%20que%20les%20enviemos%20el%20reporte%20t%C3%A9cnico%20completo%3F%20%F0%9F%93%8A"
"Bob Pizzeria",pizzerias,"San Borja",4.6,16,915100606,REDESIGN_WEBSITE,bob-pizzeria.pizzerias.todolima.com,"https://wa.me/51915100606?text=Hola%20equipo%20de%20*Bob%20Pizzeria*%20%F0%9F%91%8B%2C%20gusto%20en%20saludarlos.%0A%0ALes%20escribimos%20desde%20*Todo%20Lima*.%20Al%20revisar%20a%20los%20referentes%20de%20*San%20Borja*%20(donde%20ustedes%20destacan%20con%20%E2%AD%90%20*4.6*)%2C%20realizamos%20una%20auditor%C3%ADa%20t%C3%A9cnica%20gratuita%20a%20su%20web%20actual%20(*https%3A%2F%2Fwww.bobpizzeria.pe%2F*).%0A%0ADetectamos%20algunos%20puntos%20cr%C3%ADticos%20que%20podr%C3%ADan%20estar%20frenando%20sus%20consultas%3A%0A%E2%80%A2%20URL%20inv%C3%A1lida%20o%20no%20registrada.%0A%0A%F0%9F%91%89%20*Dato%20clave%3A*%20El%2065%25%20de%20usuarios%20en%20Lima%20abandonan%20una%20web%20si%20no%20encuentran%20un%20bot%C3%B3n%20flotante%20de%20WhatsApp%20para%20consultar%20en%20el%20momento.%0A%0A%0APodemos%20modernizar%20su%20web%20para%20que%20cargue%20al%20instante%20y%20multiplique%20sus%20contactos%20por%20WhatsApp.%20%C2%BFLes%20gustar%C3%ADa%20que%20les%20enviemos%20el%20reporte%20t%C3%A9cnico%20completo%3F%20%F0%9F%93%8A"
"Kendall Brasa",pollerias,"Jesús María",4.6,2081,986639002,NEEDS_WEBSITE,kendall-brasa.pollerias.todolima.com,"https://wa.me/51986639002?text=Hola%20equipo%20de%20*Kendall%20Brasa*%20%F0%9F%91%8B%2C%20los%20saluda%20el%20equipo%20de%20*Todo%20Lima*%20(todolima.com).%0A%0AVimos%20que%20son%20uno%20de%20los%20negocios%20con%20mejor%20reputaci%C3%B3n%20en%20Google%20Maps%20en%20*Jes%C3%BAs%20Mar%C3%ADa*%20(%E2%AD%90%20*4.6*%20con%202081%20opiniones)%20%C2%A1Felicitaciones%20por%20tan%20buen%20trabajo!%20%F0%9F%91%8F%0A%0ARevisamos%20su%20ficha%20y%20notamos%20que%20*a%C3%BAn%20no%20cuentan%20con%20una%20p%C3%A1gina%20web%20oficial*%20donde%20sus%20clientes%20puedan%20consultar%20sus%20servicios%20y%20agendar%20directamente%20por%20WhatsApp.%0A%0AEn%20*Todo%20Lima*%20creamos%20landing%20pages%20ultrarr%C3%A1pidas%20pensadas%20para%20negocios%20locales%3A%0A%E2%9C%85%20Subdominio%20verificado%3A%20*kendall-brasa.pollerias.todolima.com*%0A%E2%9C%85%20Bot%C3%B3n%20de%20WhatsApp%20directo%20para%20recibir%20pedidos%20y%20citas%20al%20instante%0A%E2%9C%85%20Mapa%20interactivo%20para%20que%20lleguen%20a%20su%20local%20en%20Jes%C3%BAs%20Mar%C3%ADa%0A%E2%9C%85%20Carga%20en%20menos%20de%201%20segundo%20en%20celulares%0A%E2%9C%85%20Ficha%20destacada%20en%20el%20directorio%20todolima.com%0A%0APreparamos%20una%20demostraci%C3%B3n%20sin%20costo%20de%20c%C3%B3mo%20se%20ver%C3%ADa%20la%20web%20de%20*Kendall%20Brasa*.%20%C2%BFLes%20gustar%C3%ADa%20que%20les%20comparta%20el%20enlace%20de%20prueba%20por%20aqu%C3%AD%3F%20%F0%9F%9A%80"
"Pollería Mr Brazza's",pollerias,"Lima",4.6,83,965290681,NEEDS_WEBSITE,polleria-mr-brazza-s.pollerias.todolima.com,"https://wa.me/51965290681?text=Hola%20equipo%20de%20*Poller%C3%ADa%20Mr%20Brazza's*%20%F0%9F%91%8B%2C%20los%20saluda%20el%20equipo%20de%20*Todo%20Lima*%20(todolima.com).%0A%0AVimos%20que%20son%20uno%20de%20los%20negocios%20con%20mejor%20reputaci%C3%B3n%20en%20Google%20Maps%20en%20*Lima*%20(%E2%AD%90%20*4.6*%20con%2083%20opiniones)%20%C2%A1Felicitaciones%20por%20tan%20buen%20trabajo!%20%F0%9F%91%8F%0A%0ARevisamos%20su%20ficha%20y%20notamos%20que%20*a%C3%BAn%20no%20cuentan%20con%20una%20p%C3%A1gina%20web%20oficial*%20donde%20sus%20clientes%20puedan%20consultar%20sus%20servicios%20y%20agendar%20directamente%20por%20WhatsApp.%0A%0AEn%20*Todo%20Lima*%20creamos%20landing%20pages%20ultrarr%C3%A1pidas%20pensadas%20para%20negocios%20locales%3A%0A%E2%9C%85%20Subdominio%20verificado%3A%20*polleria-mr-brazza-s.pollerias.todolima.com*%0A%E2%9C%85%20Bot%C3%B3n%20de%20WhatsApp%20directo%20para%20recibir%20pedidos%20y%20citas%20al%20instante%0A%E2%9C%85%20Mapa%20interactivo%20para%20que%20lleguen%20a%20su%20local%20en%20Lima%0A%E2%9C%85%20Carga%20en%20menos%20de%201%20segundo%20en%20celulares%0A%E2%9C%85%20Ficha%20destacada%20en%20el%20directorio%20todolima.com%0A%0APreparamos%20una%20demostraci%C3%B3n%20sin%20costo%20de%20c%C3%B3mo%20se%20ver%C3%ADa%20la%20web%20de%20*Poller%C3%ADa%20Mr%20Brazza's*.%20%C2%BFLes%20gustar%C3%ADa%20que%20les%20comparta%20el%20enlace%20de%20prueba%20por%20aqu%C3%AD%3F%20%F0%9F%9A%80"
"S.R. Automotriz",talleres-mecanicos,"Miraflores",4.6,24,998371931,REDESIGN_WEBSITE,s-r-automotriz.talleres-mecanicos.todolima.com,"https://wa.me/51998371931?text=Hola%20equipo%20de%20*S.R.%20Automotriz*%20%F0%9F%91%8B%2C%20gusto%20en%20saludarlos.%0A%0ALes%20escribimos%20desde%20*Todo%20Lima*.%20Al%20revisar%20a%20los%20referentes%20de%20*Miraflores*%20(donde%20ustedes%20destacan%20con%20%E2%AD%90%20*4.6*)%2C%20realizamos%20una%20auditor%C3%ADa%20t%C3%A9cnica%20gratuita%20a%20su%20web%20actual%20(*https%3A%2F%2Ftallermec.net.pe%2Fp%2Fsr-automotriz%3F%3D*).%0A%0ADetectamos%20algunos%20puntos%20cr%C3%ADticos%20que%20podr%C3%ADan%20estar%20frenando%20sus%20consultas%3A%0A%E2%80%A2%20El%20servidor%20tard%C3%B3%20m%C3%A1s%20de%204s%20en%20responder%20(Timeout).%20El%20sitio%20est%C3%A1%20pr%C3%A1cticamente%20inoperativo%20para%20usuarios%20m%C3%B3viles.%0A%0A%F0%9F%91%89%20*Dato%20clave%3A*%20El%2065%25%20de%20usuarios%20en%20Lima%20abandonan%20una%20web%20si%20no%20encuentran%20un%20bot%C3%B3n%20flotante%20de%20WhatsApp%20para%20consultar%20en%20el%20momento.%0A%F0%9F%91%89%20*Velocidad%3A*%20Su%20web%20tarda%204.0s%20en%20responder%2C%20cuando%20el%20est%C3%A1ndar%20recomendado%20para%20m%C3%B3viles%20es%20menor%20a%201.5s.%0A%0APodemos%20modernizar%20su%20web%20para%20que%20cargue%20al%20instante%20y%20multiplique%20sus%20contactos%20por%20WhatsApp.%20%C2%BFLes%20gustar%C3%ADa%20que%20les%20enviemos%20el%20reporte%20t%C3%A9cnico%20completo%3F%20%F0%9F%93%8A"
"""JHONNY MOTORES"" SOLUCIONES AUTOMOTRICES",talleres-mecanicos,"Los Olivos",4.6,14,926717247,NEEDS_WEBSITE,jhonny-motores-soluciones-auto.talleres-mecanicos.todolima.com,"https://wa.me/51926717247?text=Hola%20equipo%20de%20*%22JHONNY%20MOTORES%22%20SOLUCIONES%20AUTOMOTRICES*%20%F0%9F%91%8B%2C%20los%20saluda%20el%20equipo%20de%20*Todo%20Lima*%20(todolima.com).%0A%0AVimos%20que%20son%20uno%20de%20los%20negocios%20con%20mejor%20reputaci%C3%B3n%20en%20Google%20Maps%20en%20*Los%20Olivos*%20(%E2%AD%90%20*4.6*%20con%2014%20opiniones)%20%C2%A1Felicitaciones%20por%20tan%20buen%20trabajo!%20%F0%9F%91%8F%0A%0ARevisamos%20su%20ficha%20y%20notamos%20que%20*a%C3%BAn%20no%20cuentan%20con%20una%20p%C3%A1gina%20web%20oficial*%20donde%20sus%20clientes%20puedan%20consultar%20sus%20servicios%20y%20agendar%20directamente%20por%20WhatsApp.%0A%0AEn%20*Todo%20Lima*%20creamos%20landing%20pages%20ultrarr%C3%A1pidas%20pensadas%20para%20negocios%20locales%3A%0A%E2%9C%85%20Subdominio%20verificado%3A%20*jhonny-motores-soluciones-auto.talleres-mecanicos.todolima.com*%0A%E2%9C%85%20Bot%C3%B3n%20de%20WhatsApp%20directo%20para%20recibir%20pedidos%20y%20citas%20al%20instante%0A%E2%9C%85%20Mapa%20interactivo%20para%20que%20lleguen%20a%20su%20local%20en%20Los%20Olivos%0A%E2%9C%85%20Carga%20en%20menos%20de%201%20segundo%20en%20celulares%0A%E2%9C%85%20Ficha%20destacada%20en%20el%20directorio%20todolima.com%0A%0APreparamos%20una%20demostraci%C3%B3n%20sin%20costo%20de%20c%C3%B3mo%20se%20ver%C3%ADa%20la%20web%20de%20*%22JHONNY%20MOTORES%22%20SOLUCIONES%20AUTOMOTRICES*.%20%C2%BFLes%20gustar%C3%ADa%20que%20les%20comparta%20el%20enlace%20de%20prueba%20por%20aqu%C3%AD%3F%20%F0%9F%9A%80"
"Safety Automotriz: Taller Automotriz",talleres-mecanicos,"Lima",4.6,14,955035484,REDESIGN_WEBSITE,safety-automotriz-taller-autom.talleres-mecanicos.todolima.com,"https://wa.me/51955035484?text=Hola%20equipo%20de%20*Safety%20Automotriz%3A%20Taller%20Automotriz*%20%F0%9F%91%8B%2C%20gusto%20en%20saludarlos.%0A%0ALes%20escribimos%20desde%20*Todo%20Lima*.%20Al%20revisar%20a%20los%20referentes%20de%20*Lima*%20(donde%20ustedes%20destacan%20con%20%E2%AD%90%20*4.6*)%2C%20realizamos%20una%20auditor%C3%ADa%20t%C3%A9cnica%20gratuita%20a%20su%20web%20actual%20(*https%3A%2F%2Fsafetyfilms.pe%2Ftallerautomotriz%2F*).%0A%0ADetectamos%20algunos%20puntos%20cr%C3%ADticos%20que%20podr%C3%ADan%20estar%20frenando%20sus%20consultas%3A%0A%E2%80%A2%20El%20servidor%20tard%C3%B3%20m%C3%A1s%20de%204s%20en%20responder%20(Timeout).%20El%20sitio%20est%C3%A1%20pr%C3%A1cticamente%20inoperativo%20para%20usuarios%20m%C3%B3viles.%0A%0A%F0%9F%91%89%20*Dato%20clave%3A*%20El%2065%25%20de%20usuarios%20en%20Lima%20abandonan%20una%20web%20si%20no%20encuentran%20un%20bot%C3%B3n%20flotante%20de%20WhatsApp%20para%20consultar%20en%20el%20momento.%0A%F0%9F%91%89%20*Velocidad%3A*%20Su%20web%20tarda%204.0s%20en%20responder%2C%20cuando%20el%20est%C3%A1ndar%20recomendado%20para%20m%C3%B3viles%20es%20menor%20a%201.5s.%0A%0APodemos%20modernizar%20su%20web%20para%20que%20cargue%20al%20instante%20y%20multiplique%20sus%20contactos%20por%20WhatsApp.%20%C2%BFLes%20gustar%C3%ADa%20que%20les%20enviemos%20el%20reporte%20t%C3%A9cnico%20completo%3F%20%F0%9F%93%8A"
"mó.café Angamos",cafeterias,"Miraflores",4.5,2147,989241547,UPGRADE_SOCIAL,mo-cafe-angamos.cafeterias.todolima.com,"https://wa.me/51989241547?text=Hola%20equipo%20de%20*m%C3%B3.caf%C3%A9%20Angamos*%20%F0%9F%91%8B%2C%20les%20escribe%20el%20equipo%20de%20*Todo%20Lima*.%0A%0ARevisamos%20su%20destacada%20presencia%20en%20Google%20Maps%20en%20*Miraflores*%20(%E2%AD%90%20*4.5*%20estrellas).%20Notamos%20que%20su%20enlace%20de%20contacto%20actual%20es%20un%20perfil%20de%20*Linktree*.%0A%0AMuchos%20clientes%20que%20buscan%20servicios%20en%20Google%20prefieren%20una%20web%20r%C3%A1pida%20donde%20ver%20cat%C3%A1logo%2C%20fotos%20y%20tarifas%20sin%20tener%20que%20entrar%20a%20una%20red%20social%20o%20ver%20distracciones%20de%20la%20competencia.%0A%0A%C2%BFLes%20interesar%C3%ADa%20complementar%20su%20Linktree%20con%20una%20p%C3%A1gina%20web%20oficial%20(*mo-cafe-angamos.cafeterias.todolima.com*)%20con%20bot%C3%B3n%20directo%20a%20WhatsApp%20y%20presencia%20prioritaria%20en%20Todo%20Lima%3F%0A%0ATenemos%20una%20maqueta%20lista%20para%20mostrarles%20sin%20compromiso.%20%C2%BFSe%20las%20comparto%20por%20este%20medio%3F%20%F0%9F%93%B2"
"Las Bolena Tea Room & Restaurant",cafeterias,"Miraflores",4.5,1831,913575405,REDESIGN_WEBSITE,las-bolena-tea-room-restaurant.cafeterias.todolima.com,"https://wa.me/51913575405?text=Hola%20equipo%20de%20*Las%20Bolena%20Tea%20Room%20%26%20Restaurant*%20%F0%9F%91%8B%2C%20gusto%20en%20saludarlos.%0A%0ALes%20escribimos%20desde%20*Todo%20Lima*.%20Al%20revisar%20a%20los%20referentes%20de%20*Miraflores*%20(donde%20ustedes%20destacan%20con%20%E2%AD%90%20*4.5*)%2C%20realizamos%20una%20auditor%C3%ADa%20t%C3%A9cnica%20gratuita%20a%20su%20web%20actual%20(*http%3A%2F%2Fwww.lasbolena.com.pe%2F*).%0A%0ADetectamos%20algunos%20puntos%20cr%C3%ADticos%20que%20podr%C3%ADan%20estar%20frenando%20sus%20consultas%3A%0A%E2%80%A2%20URL%20inv%C3%A1lida%20o%20no%20registrada.%0A%0A%F0%9F%91%89%20*Dato%20clave%3A*%20El%2065%25%20de%20usuarios%20en%20Lima%20abandonan%20una%20web%20si%20no%20encuentran%20un%20bot%C3%B3n%20flotante%20de%20WhatsApp%20para%20consultar%20en%20el%20momento.%0A%0A%0APodemos%20modernizar%20su%20web%20para%20que%20cargue%20al%20instante%20y%20multiplique%20sus%20contactos%20por%20WhatsApp.%20%C2%BFLes%20gustar%C3%ADa%20que%20les%20enviemos%20el%20reporte%20t%C3%A9cnico%20completo%3F%20%F0%9F%93%8A"
"Arepa Cafe",cafeterias,"Barranco",4.5,1424,923306793,REDESIGN_WEBSITE,arepa-cafe.cafeterias.todolima.com,"https://wa.me/51923306793?text=Hola%20equipo%20de%20*Arepa%20Cafe*%20%F0%9F%91%8B%2C%20gusto%20en%20saludarlos.%0A%0ALes%20escribimos%20desde%20*Todo%20Lima*.%20Al%20revisar%20a%20los%20referentes%20de%20*Barranco*%20(donde%20ustedes%20destacan%20con%20%E2%AD%90%20*4.5*)%2C%20realizamos%20una%20auditor%C3%ADa%20t%C3%A9cnica%20gratuita%20a%20su%20web%20actual%20(*https%3A%2F%2Farepacafelima.clicksitepages.com%2Farepa-cafe-lima*).%0A%0ADetectamos%20algunos%20puntos%20cr%C3%ADticos%20que%20podr%C3%ADan%20estar%20frenando%20sus%20consultas%3A%0A%E2%80%A2%20URL%20inv%C3%A1lida%20o%20no%20registrada.%0A%0A%F0%9F%91%89%20*Dato%20clave%3A*%20El%2065%25%20de%20usuarios%20en%20Lima%20abandonan%20una%20web%20si%20no%20encuentran%20un%20bot%C3%B3n%20flotante%20de%20WhatsApp%20para%20consultar%20en%20el%20momento.%0A%0A%0APodemos%20modernizar%20su%20web%20para%20que%20cargue%20al%20instante%20y%20multiplique%20sus%20contactos%20por%20WhatsApp.%20%C2%BFLes%20gustar%C3%ADa%20que%20les%20enviemos%20el%20reporte%20t%C3%A9cnico%20completo%3F%20%F0%9F%93%8A"
"Homemade",cafeterias,"Miraflores",4.5,1027,994853964,UPGRADE_SOCIAL,homemade.cafeterias.todolima.com,"https://wa.me/51994853964?text=Hola%20equipo%20de%20*Homemade*%20%F0%9F%91%8B%2C%20les%20escribe%20el%20equipo%20de%20*Todo%20Lima*.%0A%0ARevisamos%20su%20destacada%20presencia%20en%20Google%20Maps%20en%20*Miraflores*%20(%E2%AD%90%20*4.5*%20estrellas).%20Notamos%20que%20su%20enlace%20de%20contacto%20actual%20es%20un%20perfil%20de%20*Facebook*.%0A%0AMuchos%20clientes%20que%20buscan%20servicios%20en%20Google%20prefieren%20una%20web%20r%C3%A1pida%20donde%20ver%20cat%C3%A1logo%2C%20fotos%20y%20tarifas%20sin%20tener%20que%20entrar%20a%20una%20red%20social%20o%20ver%20distracciones%20de%20la%20competencia.%0A%0A%C2%BFLes%20interesar%C3%ADa%20complementar%20su%20Facebook%20con%20una%20p%C3%A1gina%20web%20oficial%20(*homemade.cafeterias.todolima.com*)%20con%20bot%C3%B3n%20directo%20a%20WhatsApp%20y%20presencia%20prioritaria%20en%20Todo%20Lima%3F%0A%0ATenemos%20una%20maqueta%20lista%20para%20mostrarles%20sin%20compromiso.%20%C2%BFSe%20las%20comparto%20por%20este%20medio%3F%20%F0%9F%93%B2"
"Café et Chocolat",cafeterias,"Miraflores",4.5,876,968790631,REDESIGN_WEBSITE,cafe-et-chocolat.cafeterias.todolima.com,"https://wa.me/51968790631?text=Hola%20equipo%20de%20*Caf%C3%A9%20et%20Chocolat*%20%F0%9F%91%8B%2C%20gusto%20en%20saludarlos.%0A%0ALes%20escribimos%20desde%20*Todo%20Lima*.%20Al%20revisar%20a%20los%20referentes%20de%20*Miraflores*%20(donde%20ustedes%20destacan%20con%20%E2%AD%90%20*4.5*)%2C%20realizamos%20una%20auditor%C3%ADa%20t%C3%A9cnica%20gratuita%20a%20su%20web%20actual%20(*http%3A%2F%2Fwww.cafeetchocolat.pe%2F*).%0A%0ADetectamos%20algunos%20puntos%20cr%C3%ADticos%20que%20podr%C3%ADan%20estar%20frenando%20sus%20consultas%3A%0A%E2%80%A2%20URL%20inv%C3%A1lida%20o%20no%20registrada.%0A%0A%F0%9F%91%89%20*Dato%20clave%3A*%20El%2065%25%20de%20usuarios%20en%20Lima%20abandonan%20una%20web%20si%20no%20encuentran%20un%20bot%C3%B3n%20flotante%20de%20WhatsApp%20para%20consultar%20en%20el%20momento.%0A%0A%0APodemos%20modernizar%20su%20web%20para%20que%20cargue%20al%20instante%20y%20multiplique%20sus%20contactos%20por%20WhatsApp.%20%C2%BFLes%20gustar%C3%ADa%20que%20les%20enviemos%20el%20reporte%20t%C3%A9cnico%20completo%3F%20%F0%9F%93%8A"
"La Postreria Café",cafeterias,"Miraflores",4.5,846,912475444,REDESIGN_WEBSITE,la-postreria-cafe.cafeterias.todolima.com,"https://wa.me/51912475444?text=Hola%20equipo%20de%20*La%20Postreria%20Caf%C3%A9*%20%F0%9F%91%8B%2C%20gusto%20en%20saludarlos.%0A%0ALes%20escribimos%20desde%20*Todo%20Lima*.%20Al%20revisar%20a%20los%20referentes%20de%20*Miraflores*%20(donde%20ustedes%20destacan%20con%20%E2%AD%90%20*4.5*)%2C%20realizamos%20una%20auditor%C3%ADa%20t%C3%A9cnica%20gratuita%20a%20su%20web%20actual%20(*https%3A%2F%2Flacarta.pe%2Flapostre*).%0A%0ADetectamos%20algunos%20puntos%20cr%C3%ADticos%20que%20podr%C3%ADan%20estar%20frenando%20sus%20consultas%3A%0A%E2%80%A2%20URL%20inv%C3%A1lida%20o%20no%20registrada.%0A%0A%F0%9F%91%89%20*Dato%20clave%3A*%20El%2065%25%20de%20usuarios%20en%20Lima%20abandonan%20una%20web%20si%20no%20encuentran%20un%20bot%C3%B3n%20flotante%20de%20WhatsApp%20para%20consultar%20en%20el%20momento.%0A%0A%0APodemos%20modernizar%20su%20web%20para%20que%20cargue%20al%20instante%20y%20multiplique%20sus%20contactos%20por%20WhatsApp.%20%C2%BFLes%20gustar%C3%ADa%20que%20les%20enviemos%20el%20reporte%20t%C3%A9cnico%20completo%3F%20%F0%9F%93%8A"
"Demo",cafeterias,"Barranco",4.5,511,970899418,REDESIGN_WEBSITE,demo.cafeterias.todolima.com,"https://wa.me/51970899418?text=Hola%20equipo%20de%20*Demo*%20%F0%9F%91%8B%2C%20gusto%20en%20saludarlos.%0A%0ALes%20escribimos%20desde%20*Todo%20Lima*.%20Al%20revisar%20a%20los%20referentes%20de%20*Barranco*%20(donde%20ustedes%20destacan%20con%20%E2%AD%90%20*4.5*)%2C%20realizamos%20una%20auditor%C3%ADa%20t%C3%A9cnica%20gratuita%20a%20su%20web%20actual%20(*https%3A%2F%2Fwww.demo-lima.com%2F*).%0A%0ADetectamos%20algunos%20puntos%20cr%C3%ADticos%20que%20podr%C3%ADan%20estar%20frenando%20sus%20consultas%3A%0A%E2%80%A2%20URL%20inv%C3%A1lida%20o%20no%20registrada.%0A%0A%F0%9F%91%89%20*Dato%20clave%3A*%20El%2065%25%20de%20usuarios%20en%20Lima%20abandonan%20una%20web%20si%20no%20encuentran%20un%20bot%C3%B3n%20flotante%20de%20WhatsApp%20para%20consultar%20en%20el%20momento.%0A%0A%0APodemos%20modernizar%20su%20web%20para%20que%20cargue%20al%20instante%20y%20multiplique%20sus%20contactos%20por%20WhatsApp.%20%C2%BFLes%20gustar%C3%ADa%20que%20les%20enviemos%20el%20reporte%20t%C3%A9cnico%20completo%3F%20%F0%9F%93%8A"
"ArteKfe",cafeterias,"Miraflores",4.5,388,917820026,UPGRADE_SOCIAL,artekfe.cafeterias.todolima.com,"https://wa.me/51917820026?text=Hola%20equipo%20de%20*ArteKfe*%20%F0%9F%91%8B%2C%20les%20escribe%20el%20equipo%20de%20*Todo%20Lima*.%0A%0ARevisamos%20su%20destacada%20presencia%20en%20Google%20Maps%20en%20*Miraflores*%20(%E2%AD%90%20*4.5*%20estrellas).%20Notamos%20que%20su%20enlace%20de%20contacto%20actual%20es%20un%20perfil%20de%20*Instagram*.%0A%0AMuchos%20clientes%20que%20buscan%20servicios%20en%20Google%20prefieren%20una%20web%20r%C3%A1pida%20donde%20ver%20cat%C3%A1logo%2C%20fotos%20y%20tarifas%20sin%20tener%20que%20entrar%20a%20una%20red%20social%20o%20ver%20distracciones%20de%20la%20competencia.%0A%0A%C2%BFLes%20interesar%C3%ADa%20complementar%20su%20Instagram%20con%20una%20p%C3%A1gina%20web%20oficial%20(*artekfe.cafeterias.todolima.com*)%20con%20bot%C3%B3n%20directo%20a%20WhatsApp%20y%20presencia%20prioritaria%20en%20Todo%20Lima%3F%0A%0ATenemos%20una%20maqueta%20lista%20para%20mostrarles%20sin%20compromiso.%20%C2%BFSe%20las%20comparto%20por%20este%20medio%3F%20%F0%9F%93%B2"
"Omma Café",cafeterias,"Barranco",4.5,196,912686309,NEEDS_WEBSITE,omma-cafe.cafeterias.todolima.com,"https://wa.me/51912686309?text=Hola%20equipo%20de%20*Omma%20Caf%C3%A9*%20%F0%9F%91%8B%2C%20los%20saluda%20el%20equipo%20de%20*Todo%20Lima*%20(todolima.com).%0A%0AVimos%20que%20son%20uno%20de%20los%20negocios%20con%20mejor%20reputaci%C3%B3n%20en%20Google%20Maps%20en%20*Barranco*%20(%E2%AD%90%20*4.5*%20con%20196%20opiniones)%20%C2%A1Felicitaciones%20por%20tan%20buen%20trabajo!%20%F0%9F%91%8F%0A%0ARevisamos%20su%20ficha%20y%20notamos%20que%20*a%C3%BAn%20no%20cuentan%20con%20una%20p%C3%A1gina%20web%20oficial*%20donde%20sus%20clientes%20puedan%20consultar%20sus%20servicios%20y%20agendar%20directamente%20por%20WhatsApp.%0A%0AEn%20*Todo%20Lima*%20creamos%20landing%20pages%20ultrarr%C3%A1pidas%20pensadas%20para%20negocios%20locales%3A%0A%E2%9C%85%20Subdominio%20verificado%3A%20*omma-cafe.cafeterias.todolima.com*%0A%E2%9C%85%20Bot%C3%B3n%20de%20WhatsApp%20directo%20para%20recibir%20pedidos%20y%20citas%20al%20instante%0A%E2%9C%85%20Mapa%20interactivo%20para%20que%20lleguen%20a%20su%20local%20en%20Barranco%0A%E2%9C%85%20Carga%20en%20menos%20de%201%20segundo%20en%20celulares%0A%E2%9C%85%20Ficha%20destacada%20en%20el%20directorio%20todolima.com%0A%0APreparamos%20una%20demostraci%C3%B3n%20sin%20costo%20de%20c%C3%B3mo%20se%20ver%C3%ADa%20la%20web%20de%20*Omma%20Caf%C3%A9*.%20%C2%BFLes%20gustar%C3%ADa%20que%20les%20comparta%20el%20enlace%20de%20prueba%20por%20aqu%C3%AD%3F%20%F0%9F%9A%80"
"Cafetería ""Pache Café""",cafeterias,"Barranco",4.5,155,981037986,NEEDS_WEBSITE,cafeteria-pache-cafe.cafeterias.todolima.com,"https://wa.me/51981037986?text=Hola%20equipo%20de%20*Cafeter%C3%ADa%20%22Pache%20Caf%C3%A9%22*%20%F0%9F%91%8B%2C%20los%20saluda%20el%20equipo%20de%20*Todo%20Lima*%20(todolima.com).%0A%0AVimos%20que%20son%20uno%20de%20los%20negocios%20con%20mejor%20reputaci%C3%B3n%20en%20Google%20Maps%20en%20*Barranco*%20(%E2%AD%90%20*4.5*%20con%20155%20opiniones)%20%C2%A1Felicitaciones%20por%20tan%20buen%20trabajo!%20%F0%9F%91%8F%0A%0ARevisamos%20su%20ficha%20y%20notamos%20que%20*a%C3%BAn%20no%20cuentan%20con%20una%20p%C3%A1gina%20web%20oficial*%20donde%20sus%20clientes%20puedan%20consultar%20sus%20servicios%20y%20agendar%20directamente%20por%20WhatsApp.%0A%0AEn%20*Todo%20Lima*%20creamos%20landing%20pages%20ultrarr%C3%A1pidas%20pensadas%20para%20negocios%20locales%3A%0A%E2%9C%85%20Subdominio%20verificado%3A%20*cafeteria-pache-cafe.cafeterias.todolima.com*%0A%E2%9C%85%20Bot%C3%B3n%20de%20WhatsApp%20directo%20para%20recibir%20pedidos%20y%20citas%20al%20instante%0A%E2%9C%85%20Mapa%20interactivo%20para%20que%20lleguen%20a%20su%20local%20en%20Barranco%0A%E2%9C%85%20Carga%20en%20menos%20de%201%20segundo%20en%20celulares%0A%E2%9C%85%20Ficha%20destacada%20en%20el%20directorio%20todolima.com%0A%0APreparamos%20una%20demostraci%C3%B3n%20sin%20costo%20de%20c%C3%B3mo%20se%20ver%C3%ADa%20la%20web%20de%20*Cafeter%C3%ADa%20%22Pache%20Caf%C3%A9%22*.%20%C2%BFLes%20gustar%C3%ADa%20que%20les%20comparta%20el%20enlace%20de%20prueba%20por%20aqu%C3%AD%3F%20%F0%9F%9A%80"
"Car Detailing Marcecar's",car-wash,"Magdalena del Mar",4.5,22,918807101,NEEDS_WEBSITE,car-detailing-marcecar-s.car-wash.todolima.com,"https://wa.me/51918807101?text=Hola%20equipo%20de%20*Car%20Detailing%20Marcecar's*%20%F0%9F%91%8B%2C%20los%20saluda%20el%20equipo%20de%20*Todo%20Lima*%20(todolima.com).%0A%0AVimos%20que%20son%20uno%20de%20los%20negocios%20con%20mejor%20reputaci%C3%B3n%20en%20Google%20Maps%20en%20*Magdalena%20del%20Mar*%20(%E2%AD%90%20*4.5*%20con%2022%20opiniones)%20%C2%A1Felicitaciones%20por%20tan%20buen%20trabajo!%20%F0%9F%91%8F%0A%0ARevisamos%20su%20ficha%20y%20notamos%20que%20*a%C3%BAn%20no%20cuentan%20con%20una%20p%C3%A1gina%20web%20oficial*%20donde%20sus%20clientes%20puedan%20consultar%20sus%20servicios%20y%20agendar%20directamente%20por%20WhatsApp.%0A%0AEn%20*Todo%20Lima*%20creamos%20landing%20pages%20ultrarr%C3%A1pidas%20pensadas%20para%20negocios%20locales%3A%0A%E2%9C%85%20Subdominio%20verificado%3A%20*car-detailing-marcecar-s.car-wash.todolima.com*%0A%E2%9C%85%20Bot%C3%B3n%20de%20WhatsApp%20directo%20para%20recibir%20pedidos%20y%20citas%20al%20instante%0A%E2%9C%85%20Mapa%20interactivo%20para%20que%20lleguen%20a%20su%20local%20en%20Magdalena%20del%20Mar%0A%E2%9C%85%20Carga%20en%20menos%20de%201%20segundo%20en%20celulares%0A%E2%9C%85%20Ficha%20destacada%20en%20el%20directorio%20todolima.com%0A%0APreparamos%20una%20demostraci%C3%B3n%20sin%20costo%20de%20c%C3%B3mo%20se%20ver%C3%ADa%20la%20web%20de%20*Car%20Detailing%20Marcecar's*.%20%C2%BFLes%20gustar%C3%ADa%20que%20les%20comparta%20el%20enlace%20de%20prueba%20por%20aqu%C3%AD%3F%20%F0%9F%9A%80"
"Lion Car Wash & Auto Detailing",car-wash,"Lima",4.5,4,949606682,NEEDS_WEBSITE,lion-car-wash-auto-detailing.car-wash.todolima.com,"https://wa.me/51949606682?text=Hola%20equipo%20de%20*Lion%20Car%20Wash%20%26%20Auto%20Detailing*%20%F0%9F%91%8B%2C%20los%20saluda%20el%20equipo%20de%20*Todo%20Lima*%20(todolima.com).%0A%0AVimos%20que%20son%20uno%20de%20los%20negocios%20con%20mejor%20reputaci%C3%B3n%20en%20Google%20Maps%20en%20*Lima*%20(%E2%AD%90%20*4.5*%20con%204%20opiniones)%20%C2%A1Felicitaciones%20por%20tan%20buen%20trabajo!%20%F0%9F%91%8F%0A%0ARevisamos%20su%20ficha%20y%20notamos%20que%20*a%C3%BAn%20no%20cuentan%20con%20una%20p%C3%A1gina%20web%20oficial*%20donde%20sus%20clientes%20puedan%20consultar%20sus%20servicios%20y%20agendar%20directamente%20por%20WhatsApp.%0A%0AEn%20*Todo%20Lima*%20creamos%20landing%20pages%20ultrarr%C3%A1pidas%20pensadas%20para%20negocios%20locales%3A%0A%E2%9C%85%20Subdominio%20verificado%3A%20*lion-car-wash-auto-detailing.car-wash.todolima.com*%0A%E2%9C%85%20Bot%C3%B3n%20de%20WhatsApp%20directo%20para%20recibir%20pedidos%20y%20citas%20al%20instante%0A%E2%9C%85%20Mapa%20interactivo%20para%20que%20lleguen%20a%20su%20local%20en%20Lima%0A%E2%9C%85%20Carga%20en%20menos%20de%201%20segundo%20en%20celulares%0A%E2%9C%85%20Ficha%20destacada%20en%20el%20directorio%20todolima.com%0A%0APreparamos%20una%20demostraci%C3%B3n%20sin%20costo%20de%20c%C3%B3mo%20se%20ver%C3%ADa%20la%20web%20de%20*Lion%20Car%20Wash%20%26%20Auto%20Detailing*.%20%C2%BFLes%20gustar%C3%ADa%20que%20les%20comparta%20el%20enlace%20de%20prueba%20por%20aqu%C3%AD%3F%20%F0%9F%9A%80"
"Carpinteria Sánchez",carpinteros,"San Juan de Lurigancho",4.5,2,923666666,NEEDS_WEBSITE,carpinteria-sanchez.carpinteros.todolima.com,"https://wa.me/51923666666?text=Hola%20equipo%20de%20*Carpinteria%20S%C3%A1nchez*%20%F0%9F%91%8B%2C%20los%20saluda%20el%20equipo%20de%20*Todo%20Lima*%20(todolima.com).%0A%0AVimos%20que%20son%20uno%20de%20los%20negocios%20con%20mejor%20reputaci%C3%B3n%20en%20Google%20Maps%20en%20*San%20Juan%20de%20Lurigancho*%20(%E2%AD%90%20*4.5*%20con%202%20opiniones)%20%C2%A1Felicitaciones%20por%20tan%20buen%20trabajo!%20%F0%9F%91%8F%0A%0ARevisamos%20su%20ficha%20y%20notamos%20que%20*a%C3%BAn%20no%20cuentan%20con%20una%20p%C3%A1gina%20web%20oficial*%20donde%20sus%20clientes%20puedan%20consultar%20sus%20servicios%20y%20agendar%20directamente%20por%20WhatsApp.%0A%0AEn%20*Todo%20Lima*%20creamos%20landing%20pages%20ultrarr%C3%A1pidas%20pensadas%20para%20negocios%20locales%3A%0A%E2%9C%85%20Subdominio%20verificado%3A%20*carpinteria-sanchez.carpinteros.todolima.com*%0A%E2%9C%85%20Bot%C3%B3n%20de%20WhatsApp%20directo%20para%20recibir%20pedidos%20y%20citas%20al%20instante%0A%E2%9C%85%20Mapa%20interactivo%20para%20que%20lleguen%20a%20su%20local%20en%20San%20Juan%20de%20Lurigancho%0A%E2%9C%85%20Carga%20en%20menos%20de%201%20segundo%20en%20celulares%0A%E2%9C%85%20Ficha%20destacada%20en%20el%20directorio%20todolima.com%0A%0APreparamos%20una%20demostraci%C3%B3n%20sin%20costo%20de%20c%C3%B3mo%20se%20ver%C3%ADa%20la%20web%20de%20*Carpinteria%20S%C3%A1nchez*.%20%C2%BFLes%20gustar%C3%ADa%20que%20les%20comparta%20el%20enlace%20de%20prueba%20por%20aqu%C3%AD%3F%20%F0%9F%9A%80"
"Eventos y cátering Santa Rosa E.I.R.L",catering,"Lima",4.5,10,994554254,UPGRADE_SOCIAL,eventos-y-catering-santa-rosa-.catering.todolima.com,"https://wa.me/51994554254?text=Hola%20equipo%20de%20*Eventos%20y%20c%C3%A1tering%20Santa%20Rosa%20E.I.R.L*%20%F0%9F%91%8B%2C%20les%20escribe%20el%20equipo%20de%20*Todo%20Lima*.%0A%0ARevisamos%20su%20destacada%20presencia%20en%20Google%20Maps%20en%20*Lima*%20(%E2%AD%90%20*4.5*%20estrellas).%20Notamos%20que%20su%20enlace%20de%20contacto%20actual%20es%20un%20perfil%20de%20*Facebook*.%0A%0AMuchos%20clientes%20que%20buscan%20servicios%20en%20Google%20prefieren%20una%20web%20r%C3%A1pida%20donde%20ver%20cat%C3%A1logo%2C%20fotos%20y%20tarifas%20sin%20tener%20que%20entrar%20a%20una%20red%20social%20o%20ver%20distracciones%20de%20la%20competencia.%0A%0A%C2%BFLes%20interesar%C3%ADa%20complementar%20su%20Facebook%20con%20una%20p%C3%A1gina%20web%20oficial%20(*eventos-y-catering-santa-rosa-.catering.todolima.com*)%20con%20bot%C3%B3n%20directo%20a%20WhatsApp%20y%20presencia%20prioritaria%20en%20Todo%20Lima%3F%0A%0ATenemos%20una%20maqueta%20lista%20para%20mostrarles%20sin%20compromiso.%20%C2%BFSe%20las%20comparto%20por%20este%20medio%3F%20%F0%9F%93%B2"
"CERRAJERIA AUTOMOTRIZ KEY R. SERVICE",cerrajeros,"La Molina",4.5,6,983471257,REDESIGN_WEBSITE,cerrajeria-automotriz-key-r-se.cerrajeros.todolima.com,"https://wa.me/51983471257?text=Hola%20equipo%20de%20*CERRAJERIA%20AUTOMOTRIZ%20KEY%20R.%20SERVICE*%20%F0%9F%91%8B%2C%20gusto%20en%20saludarlos.%0A%0ALes%20escribimos%20desde%20*Todo%20Lima*.%20Al%20revisar%20a%20los%20referentes%20de%20*La%20Molina*%20(donde%20ustedes%20destacan%20con%20%E2%AD%90%20*4.5*)%2C%20realizamos%20una%20auditor%C3%ADa%20t%C3%A9cnica%20gratuita%20a%20su%20web%20actual%20(*http%3A%2F%2Fkeyrservice.wixsite.com%2Fkeyrservice*).%0A%0ADetectamos%20algunos%20puntos%20cr%C3%ADticos%20que%20podr%C3%ADan%20estar%20frenando%20sus%20consultas%3A%0A%E2%80%A2%20Tiempo%20de%20carga%20lento%20(3041ms).%20En%20m%C3%B3viles%20el%20usuario%20abandona%20tras%203%20segundos.%0A%E2%80%A2%20Carece%20de%20meta-descripci%C3%B3n%20optimizada%20para%20b%C3%BAsquedas%20en%20Google.%0A%E2%80%A2%20Sin%20etiqueta%20de%20t%C3%ADtulo%20principal%20H1%20para%20posicionamiento%20org%C3%A1nico.%0A%0A%F0%9F%91%89%20*Dato%20clave%3A*%20El%2065%25%20de%20usuarios%20en%20Lima%20abandonan%20una%20web%20si%20no%20encuentran%20un%20bot%C3%B3n%20flotante%20de%20WhatsApp%20para%20consultar%20en%20el%20momento.%0A%F0%9F%91%89%20*Velocidad%3A*%20Su%20web%20tarda%203.0s%20en%20responder%2C%20cuando%20el%20est%C3%A1ndar%20recomendado%20para%20m%C3%B3viles%20es%20menor%20a%201.5s.%0A%0APodemos%20modernizar%20su%20web%20para%20que%20cargue%20al%20instante%20y%20multiplique%20sus%20contactos%20por%20WhatsApp.%20%C2%BFLes%20gustar%C3%ADa%20que%20les%20enviemos%20el%20reporte%20t%C3%A9cnico%20completo%3F%20%F0%9F%93%8A"
"Pintura y Mantenimiento",cerrajeros,"San Juan de Lurigancho",4.5,4,936131595,NEEDS_WEBSITE,pintura-y-mantenimiento.cerrajeros.todolima.com,"https://wa.me/51936131595?text=Hola%20equipo%20de%20*Pintura%20y%20Mantenimiento*%20%F0%9F%91%8B%2C%20los%20saluda%20el%20equipo%20de%20*Todo%20Lima*%20(todolima.com).%0A%0AVimos%20que%20son%20uno%20de%20los%20negocios%20con%20mejor%20reputaci%C3%B3n%20en%20Google%20Maps%20en%20*San%20Juan%20de%20Lurigancho*%20(%E2%AD%90%20*4.5*%20con%204%20opiniones)%20%C2%A1Felicitaciones%20por%20tan%20buen%20trabajo!%20%F0%9F%91%8F%0A%0ARevisamos%20su%20ficha%20y%20notamos%20que%20*a%C3%BAn%20no%20cuentan%20con%20una%20p%C3%A1gina%20web%20oficial*%20donde%20sus%20clientes%20puedan%20consultar%20sus%20servicios%20y%20agendar%20directamente%20por%20WhatsApp.%0A%0AEn%20*Todo%20Lima*%20creamos%20landing%20pages%20ultrarr%C3%A1pidas%20pensadas%20para%20negocios%20locales%3A%0A%E2%9C%85%20Subdominio%20verificado%3A%20*pintura-y-mantenimiento.cerrajeros.todolima.com*%0A%E2%9C%85%20Bot%C3%B3n%20de%20WhatsApp%20directo%20para%20recibir%20pedidos%20y%20citas%20al%20instante%0A%E2%9C%85%20Mapa%20interactivo%20para%20que%20lleguen%20a%20su%20local%20en%20San%20Juan%20de%20Lurigancho%0A%E2%9C%85%20Carga%20en%20menos%20de%201%20segundo%20en%20celulares%0A%E2%9C%85%20Ficha%20destacada%20en%20el%20directorio%20todolima.com%0A%0APreparamos%20una%20demostraci%C3%B3n%20sin%20costo%20de%20c%C3%B3mo%20se%20ver%C3%ADa%20la%20web%20de%20*Pintura%20y%20Mantenimiento*.%20%C2%BFLes%20gustar%C3%ADa%20que%20les%20comparta%20el%20enlace%20de%20prueba%20por%20aqu%C3%AD%3F%20%F0%9F%9A%80"
"Delfino Mar",cevicherias,"Miraflores",4.5,1806,960630650,UPGRADE_SOCIAL,delfino-mar.cevicherias.todolima.com,"https://wa.me/51960630650?text=Hola%20equipo%20de%20*Delfino%20Mar*%20%F0%9F%91%8B%2C%20les%20escribe%20el%20equipo%20de%20*Todo%20Lima*.%0A%0ARevisamos%20su%20destacada%20presencia%20en%20Google%20Maps%20en%20*Miraflores*%20(%E2%AD%90%20*4.5*%20estrellas).%20Notamos%20que%20su%20enlace%20de%20contacto%20actual%20es%20un%20perfil%20de%20*Facebook*.%0A%0AMuchos%20clientes%20que%20buscan%20servicios%20en%20Google%20prefieren%20una%20web%20r%C3%A1pida%20donde%20ver%20cat%C3%A1logo%2C%20fotos%20y%20tarifas%20sin%20tener%20que%20entrar%20a%20una%20red%20social%20o%20ver%20distracciones%20de%20la%20competencia.%0A%0A%C2%BFLes%20interesar%C3%ADa%20complementar%20su%20Facebook%20con%20una%20p%C3%A1gina%20web%20oficial%20(*delfino-mar.cevicherias.todolima.com*)%20con%20bot%C3%B3n%20directo%20a%20WhatsApp%20y%20presencia%20prioritaria%20en%20Todo%20Lima%3F%0A%0ATenemos%20una%20maqueta%20lista%20para%20mostrarles%20sin%20compromiso.%20%C2%BFSe%20las%20comparto%20por%20este%20medio%3F%20%F0%9F%93%B2"
"Cevicheria Lobo De Mar Miraflores",cevicherias,"Miraflores",4.5,1402,912210464,REDESIGN_WEBSITE,cevicheria-lobo-de-mar-miraflo.cevicherias.todolima.com,"https://wa.me/51912210464?text=Hola%20equipo%20de%20*Cevicheria%20Lobo%20De%20Mar%20Miraflores*%20%F0%9F%91%8B%2C%20gusto%20en%20saludarlos.%0A%0ALes%20escribimos%20desde%20*Todo%20Lima*.%20Al%20revisar%20a%20los%20referentes%20de%20*Miraflores*%20(donde%20ustedes%20destacan%20con%20%E2%AD%90%20*4.5*)%2C%20realizamos%20una%20auditor%C3%ADa%20t%C3%A9cnica%20gratuita%20a%20su%20web%20actual%20(*http%3A%2F%2Fpuromarrestaurantes.com%2F*).%0A%0ADetectamos%20algunos%20puntos%20cr%C3%ADticos%20que%20podr%C3%ADan%20estar%20frenando%20sus%20consultas%3A%0A%E2%80%A2%20URL%20inv%C3%A1lida%20o%20no%20registrada.%0A%0A%F0%9F%91%89%20*Dato%20clave%3A*%20El%2065%25%20de%20usuarios%20en%20Lima%20abandonan%20una%20web%20si%20no%20encuentran%20un%20bot%C3%B3n%20flotante%20de%20WhatsApp%20para%20consultar%20en%20el%20momento.%0A%0A%0APodemos%20modernizar%20su%20web%20para%20que%20cargue%20al%20instante%20y%20multiplique%20sus%20contactos%20por%20WhatsApp.%20%C2%BFLes%20gustar%C3%ADa%20que%20les%20enviemos%20el%20reporte%20t%C3%A9cnico%20completo%3F%20%F0%9F%93%8A"
"Restaurante Maras",cevicherias,"San Isidro",4.5,961,962382609,REDESIGN_WEBSITE,restaurante-maras.cevicherias.todolima.com,"https://wa.me/51962382609?text=Hola%20equipo%20de%20*Restaurante%20Maras*%20%F0%9F%91%8B%2C%20gusto%20en%20saludarlos.%0A%0ALes%20escribimos%20desde%20*Todo%20Lima*.%20Al%20revisar%20a%20los%20referentes%20de%20*San%20Isidro*%20(donde%20ustedes%20destacan%20con%20%E2%AD%90%20*4.5*)%2C%20realizamos%20una%20auditor%C3%ADa%20t%C3%A9cnica%20gratuita%20a%20su%20web%20actual%20(*https%3A%2F%2Fwww.sevenrooms.com%2Fexplore%2Fmaras%2Freservations%2Fcreate%2Fsearch%2F*).%0A%0ADetectamos%20algunos%20puntos%20cr%C3%ADticos%20que%20podr%C3%ADan%20estar%20frenando%20sus%20consultas%3A%0A%E2%80%A2%20URL%20inv%C3%A1lida%20o%20no%20registrada.%0A%0A%F0%9F%91%89%20*Dato%20clave%3A*%20El%2065%25%20de%20usuarios%20en%20Lima%20abandonan%20una%20web%20si%20no%20encuentran%20un%20bot%C3%B3n%20flotante%20de%20WhatsApp%20para%20consultar%20en%20el%20momento.%0A%0A%0APodemos%20modernizar%20su%20web%20para%20que%20cargue%20al%20instante%20y%20multiplique%20sus%20contactos%20por%20WhatsApp.%20%C2%BFLes%20gustar%C3%ADa%20que%20les%20enviemos%20el%20reporte%20t%C3%A9cnico%20completo%3F%20%F0%9F%93%8A"
"La Casa del Ceviche",cevicherias,"Santiago de Surco",4.5,828,946187690,REDESIGN_WEBSITE,la-casa-del-ceviche.cevicherias.todolima.com,"https://wa.me/51946187690?text=Hola%20equipo%20de%20*La%20Casa%20del%20Ceviche*%20%F0%9F%91%8B%2C%20gusto%20en%20saludarlos.%0A%0ALes%20escribimos%20desde%20*Todo%20Lima*.%20Al%20revisar%20a%20los%20referentes%20de%20*Santiago%20de%20Surco*%20(donde%20ustedes%20destacan%20con%20%E2%AD%90%20*4.5*)%2C%20realizamos%20una%20auditor%C3%ADa%20t%C3%A9cnica%20gratuita%20a%20su%20web%20actual%20(*http%3A%2F%2F4sq.com%2Fu1kT08*).%0A%0ADetectamos%20algunos%20puntos%20cr%C3%ADticos%20que%20podr%C3%ADan%20estar%20frenando%20sus%20consultas%3A%0A%E2%80%A2%20URL%20inv%C3%A1lida%20o%20no%20registrada.%0A%0A%F0%9F%91%89%20*Dato%20clave%3A*%20El%2065%25%20de%20usuarios%20en%20Lima%20abandonan%20una%20web%20si%20no%20encuentran%20un%20bot%C3%B3n%20flotante%20de%20WhatsApp%20para%20consultar%20en%20el%20momento.%0A%0A%0APodemos%20modernizar%20su%20web%20para%20que%20cargue%20al%20instante%20y%20multiplique%20sus%20contactos%20por%20WhatsApp.%20%C2%BFLes%20gustar%C3%ADa%20que%20les%20enviemos%20el%20reporte%20t%C3%A9cnico%20completo%3F%20%F0%9F%93%8A"
"Amankaya - Peruvian Food",cevicherias,"Miraflores",4.5,714,936354615,REDESIGN_WEBSITE,amankaya-peruvian-food.cevicherias.todolima.com,"https://wa.me/51936354615?text=Hola%20equipo%20de%20*Amankaya%20-%20Peruvian%20Food*%20%F0%9F%91%8B%2C%20gusto%20en%20saludarlos.%0A%0ALes%20escribimos%20desde%20*Todo%20Lima*.%20Al%20revisar%20a%20los%20referentes%20de%20*Miraflores*%20(donde%20ustedes%20destacan%20con%20%E2%AD%90%20*4.5*)%2C%20realizamos%20una%20auditor%C3%ADa%20t%C3%A9cnica%20gratuita%20a%20su%20web%20actual%20(*https%3A%2F%2Famankaya.pe%2F*).%0A%0ADetectamos%20algunos%20puntos%20cr%C3%ADticos%20que%20podr%C3%ADan%20estar%20frenando%20sus%20consultas%3A%0A%E2%80%A2%20URL%20inv%C3%A1lida%20o%20no%20registrada.%0A%0A%F0%9F%91%89%20*Dato%20clave%3A*%20El%2065%25%20de%20usuarios%20en%20Lima%20abandonan%20una%20web%20si%20no%20encuentran%20un%20bot%C3%B3n%20flotante%20de%20WhatsApp%20para%20consultar%20en%20el%20momento.%0A%0A%0APodemos%20modernizar%20su%20web%20para%20que%20cargue%20al%20instante%20y%20multiplique%20sus%20contactos%20por%20WhatsApp.%20%C2%BFLes%20gustar%C3%ADa%20que%20les%20enviemos%20el%20reporte%20t%C3%A9cnico%20completo%3F%20%F0%9F%93%8A"
"La Escapada Cocina Norteña",cevicherias,"Miraflores",4.5,471,934056581,NEEDS_WEBSITE,la-escapada-cocina-nortena.cevicherias.todolima.com,"https://wa.me/51934056581?text=Hola%20equipo%20de%20*La%20Escapada%20Cocina%20Norte%C3%B1a*%20%F0%9F%91%8B%2C%20los%20saluda%20el%20equipo%20de%20*Todo%20Lima*%20(todolima.com).%0A%0AVimos%20que%20son%20uno%20de%20los%20negocios%20con%20mejor%20reputaci%C3%B3n%20en%20Google%20Maps%20en%20*Miraflores*%20(%E2%AD%90%20*4.5*%20con%20471%20opiniones)%20%C2%A1Felicitaciones%20por%20tan%20buen%20trabajo!%20%F0%9F%91%8F%0A%0ARevisamos%20su%20ficha%20y%20notamos%20que%20*a%C3%BAn%20no%20cuentan%20con%20una%20p%C3%A1gina%20web%20oficial*%20donde%20sus%20clientes%20puedan%20consultar%20sus%20servicios%20y%20agendar%20directamente%20por%20WhatsApp.%0A%0AEn%20*Todo%20Lima*%20creamos%20landing%20pages%20ultrarr%C3%A1pidas%20pensadas%20para%20negocios%20locales%3A%0A%E2%9C%85%20Subdominio%20verificado%3A%20*la-escapada-cocina-nortena.cevicherias.todolima.com*%0A%E2%9C%85%20Bot%C3%B3n%20de%20WhatsApp%20directo%20para%20recibir%20pedidos%20y%20citas%20al%20instante%0A%E2%9C%85%20Mapa%20interactivo%20para%20que%20lleguen%20a%20su%20local%20en%20Miraflores%0A%E2%9C%85%20Carga%20en%20menos%20de%201%20segundo%20en%20celulares%0A%E2%9C%85%20Ficha%20destacada%20en%20el%20directorio%20todolima.com%0A%0APreparamos%20una%20demostraci%C3%B3n%20sin%20costo%20de%20c%C3%B3mo%20se%20ver%C3%ADa%20la%20web%20de%20*La%20Escapada%20Cocina%20Norte%C3%B1a*.%20%C2%BFLes%20gustar%C3%ADa%20que%20les%20comparta%20el%20enlace%20de%20prueba%20por%20aqu%C3%AD%3F%20%F0%9F%9A%80"
"Lobo de Otani",cevicherias,"Miraflores",4.5,163,964334268,NEEDS_WEBSITE,lobo-de-otani.cevicherias.todolima.com,"https://wa.me/51964334268?text=Hola%20equipo%20de%20*Lobo%20de%20Otani*%20%F0%9F%91%8B%2C%20los%20saluda%20el%20equipo%20de%20*Todo%20Lima*%20(todolima.com).%0A%0AVimos%20que%20son%20uno%20de%20los%20negocios%20con%20mejor%20reputaci%C3%B3n%20en%20Google%20Maps%20en%20*Miraflores*%20(%E2%AD%90%20*4.5*%20con%20163%20opiniones)%20%C2%A1Felicitaciones%20por%20tan%20buen%20trabajo!%20%F0%9F%91%8F%0A%0ARevisamos%20su%20ficha%20y%20notamos%20que%20*a%C3%BAn%20no%20cuentan%20con%20una%20p%C3%A1gina%20web%20oficial*%20donde%20sus%20clientes%20puedan%20consultar%20sus%20servicios%20y%20agendar%20directamente%20por%20WhatsApp.%0A%0AEn%20*Todo%20Lima*%20creamos%20landing%20pages%20ultrarr%C3%A1pidas%20pensadas%20para%20negocios%20locales%3A%0A%E2%9C%85%20Subdominio%20verificado%3A%20*lobo-de-otani.cevicherias.todolima.com*%0A%E2%9C%85%20Bot%C3%B3n%20de%20WhatsApp%20directo%20para%20recibir%20pedidos%20y%20citas%20al%20instante%0A%E2%9C%85%20Mapa%20interactivo%20para%20que%20lleguen%20a%20su%20local%20en%20Miraflores%0A%E2%9C%85%20Carga%20en%20menos%20de%201%20segundo%20en%20celulares%0A%E2%9C%85%20Ficha%20destacada%20en%20el%20directorio%20todolima.com%0A%0APreparamos%20una%20demostraci%C3%B3n%20sin%20costo%20de%20c%C3%B3mo%20se%20ver%C3%ADa%20la%20web%20de%20*Lobo%20de%20Otani*.%20%C2%BFLes%20gustar%C3%ADa%20que%20les%20comparta%20el%20enlace%20de%20prueba%20por%20aqu%C3%AD%3F%20%F0%9F%9A%80"
"Maraparte - Cocina Brava",cevicherias,"Lima",4.5,71,992879926,NEEDS_WEBSITE,maraparte-cocina-brava.cevicherias.todolima.com,"https://wa.me/51992879926?text=Hola%20equipo%20de%20*Maraparte%20-%20Cocina%20Brava*%20%F0%9F%91%8B%2C%20los%20saluda%20el%20equipo%20de%20*Todo%20Lima*%20(todolima.com).%0A%0AVimos%20que%20son%20uno%20de%20los%20negocios%20con%20mejor%20reputaci%C3%B3n%20en%20Google%20Maps%20en%20*Lima*%20(%E2%AD%90%20*4.5*%20con%2071%20opiniones)%20%C2%A1Felicitaciones%20por%20tan%20buen%20trabajo!%20%F0%9F%91%8F%0A%0ARevisamos%20su%20ficha%20y%20notamos%20que%20*a%C3%BAn%20no%20cuentan%20con%20una%20p%C3%A1gina%20web%20oficial*%20donde%20sus%20clientes%20puedan%20consultar%20sus%20servicios%20y%20agendar%20directamente%20por%20WhatsApp.%0A%0AEn%20*Todo%20Lima*%20creamos%20landing%20pages%20ultrarr%C3%A1pidas%20pensadas%20para%20negocios%20locales%3A%0A%E2%9C%85%20Subdominio%20verificado%3A%20*maraparte-cocina-brava.cevicherias.todolima.com*%0A%E2%9C%85%20Bot%C3%B3n%20de%20WhatsApp%20directo%20para%20recibir%20pedidos%20y%20citas%20al%20instante%0A%E2%9C%85%20Mapa%20interactivo%20para%20que%20lleguen%20a%20su%20local%20en%20Lima%0A%E2%9C%85%20Carga%20en%20menos%20de%201%20segundo%20en%20celulares%0A%E2%9C%85%20Ficha%20destacada%20en%20el%20directorio%20todolima.com%0A%0APreparamos%20una%20demostraci%C3%B3n%20sin%20costo%20de%20c%C3%B3mo%20se%20ver%C3%ADa%20la%20web%20de%20*Maraparte%20-%20Cocina%20Brava*.%20%C2%BFLes%20gustar%C3%ADa%20que%20les%20comparta%20el%20enlace%20de%20prueba%20por%20aqu%C3%AD%3F%20%F0%9F%9A%80"
"Chifa Palermo",chifas,"Jesús María",4.5,125,999680995,NEEDS_WEBSITE,chifa-palermo.chifas.todolima.com,"https://wa.me/51999680995?text=Hola%20equipo%20de%20*Chifa%20Palermo*%20%F0%9F%91%8B%2C%20los%20saluda%20el%20equipo%20de%20*Todo%20Lima*%20(todolima.com).%0A%0AVimos%20que%20son%20uno%20de%20los%20negocios%20con%20mejor%20reputaci%C3%B3n%20en%20Google%20Maps%20en%20*Jes%C3%BAs%20Mar%C3%ADa*%20(%E2%AD%90%20*4.5*%20con%20125%20opiniones)%20%C2%A1Felicitaciones%20por%20tan%20buen%20trabajo!%20%F0%9F%91%8F%0A%0ARevisamos%20su%20ficha%20y%20notamos%20que%20*a%C3%BAn%20no%20cuentan%20con%20una%20p%C3%A1gina%20web%20oficial*%20donde%20sus%20clientes%20puedan%20consultar%20sus%20servicios%20y%20agendar%20directamente%20por%20WhatsApp.%0A%0AEn%20*Todo%20Lima*%20creamos%20landing%20pages%20ultrarr%C3%A1pidas%20pensadas%20para%20negocios%20locales%3A%0A%E2%9C%85%20Subdominio%20verificado%3A%20*chifa-palermo.chifas.todolima.com*%0A%E2%9C%85%20Bot%C3%B3n%20de%20WhatsApp%20directo%20para%20recibir%20pedidos%20y%20citas%20al%20instante%0A%E2%9C%85%20Mapa%20interactivo%20para%20que%20lleguen%20a%20su%20local%20en%20Jes%C3%BAs%20Mar%C3%ADa%0A%E2%9C%85%20Carga%20en%20menos%20de%201%20segundo%20en%20celulares%0A%E2%9C%85%20Ficha%20destacada%20en%20el%20directorio%20todolima.com%0A%0APreparamos%20una%20demostraci%C3%B3n%20sin%20costo%20de%20c%C3%B3mo%20se%20ver%C3%ADa%20la%20web%20de%20*Chifa%20Palermo*.%20%C2%BFLes%20gustar%C3%ADa%20que%20les%20comparta%20el%20enlace%20de%20prueba%20por%20aqu%C3%AD%3F%20%F0%9F%9A%80"
"DR.ROBERTO MOISÉS MIRANDA MORENO,ESTUDIO JURIDICO MIRANDA MORENO & ABOGADOS ASOCIADOS",doctores,"Lima",4.5,44,922177519,REDESIGN_WEBSITE,dr-roberto-moises-miranda-more.doctores.todolima.com,"https://wa.me/51922177519?text=Hola%20equipo%20de%20*DR.ROBERTO%20MOIS%C3%89S%20MIRANDA%20MORENO%2CESTUDIO%20JURIDICO%20MIRANDA%20MORENO%20%26%20ABOGADOS%20ASOCIADOS*%20%F0%9F%91%8B%2C%20gusto%20en%20saludarlos.%0A%0ALes%20escribimos%20desde%20*Todo%20Lima*.%20Al%20revisar%20a%20los%20referentes%20de%20*Lima*%20(donde%20ustedes%20destacan%20con%20%E2%AD%90%20*4.5*)%2C%20realizamos%20una%20auditor%C3%ADa%20t%C3%A9cnica%20gratuita%20a%20su%20web%20actual%20(*http%3A%2F%2Fmirandamorenoabogados.com%2F*).%0A%0ADetectamos%20algunos%20puntos%20cr%C3%ADticos%20que%20podr%C3%ADan%20estar%20frenando%20sus%20consultas%3A%0A%E2%80%A2%20El%20servidor%20tard%C3%B3%20m%C3%A1s%20de%204s%20en%20responder%20(Timeout).%20El%20sitio%20est%C3%A1%20pr%C3%A1cticamente%20inoperativo%20para%20usuarios%20m%C3%B3viles.%0A%0A%F0%9F%91%89%20*Dato%20clave%3A*%20El%2065%25%20de%20usuarios%20en%20Lima%20abandonan%20una%20web%20si%20no%20encuentran%20un%20bot%C3%B3n%20flotante%20de%20WhatsApp%20para%20consultar%20en%20el%20momento.%0A%F0%9F%91%89%20*Velocidad%3A*%20Su%20web%20tarda%204.0s%20en%20responder%2C%20cuando%20el%20est%C3%A1ndar%20recomendado%20para%20m%C3%B3viles%20es%20menor%20a%201.5s.%0A%0APodemos%20modernizar%20su%20web%20para%20que%20cargue%20al%20instante%20y%20multiplique%20sus%20contactos%20por%20WhatsApp.%20%C2%BFLes%20gustar%C3%ADa%20que%20les%20enviemos%20el%20reporte%20t%C3%A9cnico%20completo%3F%20%F0%9F%93%8A"
"Médicos de Ancianos | Geriatras",doctores,"Lima",4.5,8,985939859,REDESIGN_WEBSITE,medicos-de-ancianos-geriatras.doctores.todolima.com,"https://wa.me/51985939859?text=Hola%20equipo%20de%20*M%C3%A9dicos%20de%20Ancianos%20%7C%20Geriatras*%20%F0%9F%91%8B%2C%20gusto%20en%20saludarlos.%0A%0ALes%20escribimos%20desde%20*Todo%20Lima*.%20Al%20revisar%20a%20los%20referentes%20de%20*Lima*%20(donde%20ustedes%20destacan%20con%20%E2%AD%90%20*4.5*)%2C%20realizamos%20una%20auditor%C3%ADa%20t%C3%A9cnica%20gratuita%20a%20su%20web%20actual%20(*http%3A%2F%2Fmedicosdeancianos.com%2F*).%0A%0ADetectamos%20algunos%20puntos%20cr%C3%ADticos%20que%20podr%C3%ADan%20estar%20frenando%20sus%20consultas%3A%0A%E2%80%A2%20Error%20de%20conexi%C3%B3n%20al%20cargar%20la%20p%C3%A1gina%3A%20fetch%20failed.%20El%20sitio%20se%20encuentra%20ca%C3%ADdo%20o%20inaccesible.%0A%0A%F0%9F%91%89%20*Dato%20clave%3A*%20El%2065%25%20de%20usuarios%20en%20Lima%20abandonan%20una%20web%20si%20no%20encuentran%20un%20bot%C3%B3n%20flotante%20de%20WhatsApp%20para%20consultar%20en%20el%20momento.%0A%0A%0APodemos%20modernizar%20su%20web%20para%20que%20cargue%20al%20instante%20y%20multiplique%20sus%20contactos%20por%20WhatsApp.%20%C2%BFLes%20gustar%C3%ADa%20que%20les%20enviemos%20el%20reporte%20t%C3%A9cnico%20completo%3F%20%F0%9F%93%8A"
"Gasfitero genio del Hogar lima",gasfiteros,"Los Olivos",4.5,11,924870191,UPGRADE_SOCIAL,gasfitero-genio-del-hogar-lima.gasfiteros.todolima.com,"https://wa.me/51924870191?text=Hola%20equipo%20de%20*Gasfitero%20genio%20del%20Hogar%20lima*%20%F0%9F%91%8B%2C%20les%20escribe%20el%20equipo%20de%20*Todo%20Lima*.%0A%0ARevisamos%20su%20destacada%20presencia%20en%20Google%20Maps%20en%20*Los%20Olivos*%20(%E2%AD%90%20*4.5*%20estrellas).%20Notamos%20que%20su%20enlace%20de%20contacto%20actual%20es%20un%20perfil%20de%20*WhatsApp%20Directo*.%0A%0AMuchos%20clientes%20que%20buscan%20servicios%20en%20Google%20prefieren%20una%20web%20r%C3%A1pida%20donde%20ver%20cat%C3%A1logo%2C%20fotos%20y%20tarifas%20sin%20tener%20que%20entrar%20a%20una%20red%20social%20o%20ver%20distracciones%20de%20la%20competencia.%0A%0A%C2%BFLes%20interesar%C3%ADa%20complementar%20su%20WhatsApp%20Directo%20con%20una%20p%C3%A1gina%20web%20oficial%20(*gasfitero-genio-del-hogar-lima.gasfiteros.todolima.com*)%20con%20bot%C3%B3n%20directo%20a%20WhatsApp%20y%20presencia%20prioritaria%20en%20Todo%20Lima%3F%0A%0ATenemos%20una%20maqueta%20lista%20para%20mostrarles%20sin%20compromiso.%20%C2%BFSe%20las%20comparto%20por%20este%20medio%3F%20%F0%9F%93%B2"
"Gasfiteros especialista en Desatoros.",gasfiteros,"Independencia",4.5,2,918522901,NEEDS_WEBSITE,gasfiteros-especialista-en-des.gasfiteros.todolima.com,"https://wa.me/51918522901?text=Hola%20equipo%20de%20*Gasfiteros%20especialista%20en%20Desatoros.*%20%F0%9F%91%8B%2C%20los%20saluda%20el%20equipo%20de%20*Todo%20Lima*%20(todolima.com).%0A%0AVimos%20que%20son%20uno%20de%20los%20negocios%20con%20mejor%20reputaci%C3%B3n%20en%20Google%20Maps%20en%20*Independencia*%20(%E2%AD%90%20*4.5*%20con%202%20opiniones)%20%C2%A1Felicitaciones%20por%20tan%20buen%20trabajo!%20%F0%9F%91%8F%0A%0ARevisamos%20su%20ficha%20y%20notamos%20que%20*a%C3%BAn%20no%20cuentan%20con%20una%20p%C3%A1gina%20web%20oficial*%20donde%20sus%20clientes%20puedan%20consultar%20sus%20servicios%20y%20agendar%20directamente%20por%20WhatsApp.%0A%0AEn%20*Todo%20Lima*%20creamos%20landing%20pages%20ultrarr%C3%A1pidas%20pensadas%20para%20negocios%20locales%3A%0A%E2%9C%85%20Subdominio%20verificado%3A%20*gasfiteros-especialista-en-des.gasfiteros.todolima.com*%0A%E2%9C%85%20Bot%C3%B3n%20de%20WhatsApp%20directo%20para%20recibir%20pedidos%20y%20citas%20al%20instante%0A%E2%9C%85%20Mapa%20interactivo%20para%20que%20lleguen%20a%20su%20local%20en%20Independencia%0A%E2%9C%85%20Carga%20en%20menos%20de%201%20segundo%20en%20celulares%0A%E2%9C%85%20Ficha%20destacada%20en%20el%20directorio%20todolima.com%0A%0APreparamos%20una%20demostraci%C3%B3n%20sin%20costo%20de%20c%C3%B3mo%20se%20ver%C3%ADa%20la%20web%20de%20*Gasfiteros%20especialista%20en%20Desatoros.*.%20%C2%BFLes%20gustar%C3%ADa%20que%20les%20comparta%20el%20enlace%20de%20prueba%20por%20aqu%C3%AD%3F%20%F0%9F%9A%80"
"Pinturas Isaval Perú | Tienda de Pinturas",pintores,"Lima",4.5,31,933788293,REDESIGN_WEBSITE,pinturas-isaval-peru-tienda-de.pintores.todolima.com,"https://wa.me/51933788293?text=Hola%20equipo%20de%20*Pinturas%20Isaval%20Per%C3%BA%20%7C%20Tienda%20de%20Pinturas*%20%F0%9F%91%8B%2C%20gusto%20en%20saludarlos.%0A%0ALes%20escribimos%20desde%20*Todo%20Lima*.%20Al%20revisar%20a%20los%20referentes%20de%20*Lima*%20(donde%20ustedes%20destacan%20con%20%E2%AD%90%20*4.5*)%2C%20realizamos%20una%20auditor%C3%ADa%20t%C3%A9cnica%20gratuita%20a%20su%20web%20actual%20(*http%3A%2F%2Fwww.isaval.pe%2F*).%0A%0ADetectamos%20algunos%20puntos%20cr%C3%ADticos%20que%20podr%C3%ADan%20estar%20frenando%20sus%20consultas%3A%0A%E2%80%A2%20El%20servidor%20tard%C3%B3%20m%C3%A1s%20de%204s%20en%20responder%20(Timeout).%20El%20sitio%20est%C3%A1%20pr%C3%A1cticamente%20inoperativo%20para%20usuarios%20m%C3%B3viles.%0A%0A%F0%9F%91%89%20*Dato%20clave%3A*%20El%2065%25%20de%20usuarios%20en%20Lima%20abandonan%20una%20web%20si%20no%20encuentran%20un%20bot%C3%B3n%20flotante%20de%20WhatsApp%20para%20consultar%20en%20el%20momento.%0A%F0%9F%91%89%20*Velocidad%3A*%20Su%20web%20tarda%204.0s%20en%20responder%2C%20cuando%20el%20est%C3%A1ndar%20recomendado%20para%20m%C3%B3viles%20es%20menor%20a%201.5s.%0A%0APodemos%20modernizar%20su%20web%20para%20que%20cargue%20al%20instante%20y%20multiplique%20sus%20contactos%20por%20WhatsApp.%20%C2%BFLes%20gustar%C3%ADa%20que%20les%20enviemos%20el%20reporte%20t%C3%A9cnico%20completo%3F%20%F0%9F%93%8A"
"Planchado y Pintura Rito",pintores,"Lima",4.5,11,982821573,NEEDS_WEBSITE,planchado-y-pintura-rito.pintores.todolima.com,"https://wa.me/51982821573?text=Hola%20equipo%20de%20*Planchado%20y%20Pintura%20Rito*%20%F0%9F%91%8B%2C%20los%20saluda%20el%20equipo%20de%20*Todo%20Lima*%20(todolima.com).%0A%0AVimos%20que%20son%20uno%20de%20los%20negocios%20con%20mejor%20reputaci%C3%B3n%20en%20Google%20Maps%20en%20*Lima*%20(%E2%AD%90%20*4.5*%20con%2011%20opiniones)%20%C2%A1Felicitaciones%20por%20tan%20buen%20trabajo!%20%F0%9F%91%8F%0A%0ARevisamos%20su%20ficha%20y%20notamos%20que%20*a%C3%BAn%20no%20cuentan%20con%20una%20p%C3%A1gina%20web%20oficial*%20donde%20sus%20clientes%20puedan%20consultar%20sus%20servicios%20y%20agendar%20directamente%20por%20WhatsApp.%0A%0AEn%20*Todo%20Lima*%20creamos%20landing%20pages%20ultrarr%C3%A1pidas%20pensadas%20para%20negocios%20locales%3A%0A%E2%9C%85%20Subdominio%20verificado%3A%20*planchado-y-pintura-rito.pintores.todolima.com*%0A%E2%9C%85%20Bot%C3%B3n%20de%20WhatsApp%20directo%20para%20recibir%20pedidos%20y%20citas%20al%20instante%0A%E2%9C%85%20Mapa%20interactivo%20para%20que%20lleguen%20a%20su%20local%20en%20Lima%0A%E2%9C%85%20Carga%20en%20menos%20de%201%20segundo%20en%20celulares%0A%E2%9C%85%20Ficha%20destacada%20en%20el%20directorio%20todolima.com%0A%0APreparamos%20una%20demostraci%C3%B3n%20sin%20costo%20de%20c%C3%B3mo%20se%20ver%C3%ADa%20la%20web%20de%20*Planchado%20y%20Pintura%20Rito*.%20%C2%BFLes%20gustar%C3%ADa%20que%20les%20comparta%20el%20enlace%20de%20prueba%20por%20aqu%C3%AD%3F%20%F0%9F%9A%80"
"Pintura y Mantenimiento",pintores,"San Juan de Lurigancho",4.5,4,936131595,NEEDS_WEBSITE,pintura-y-mantenimiento.pintores.todolima.com,"https://wa.me/51936131595?text=Hola%20equipo%20de%20*Pintura%20y%20Mantenimiento*%20%F0%9F%91%8B%2C%20los%20saluda%20el%20equipo%20de%20*Todo%20Lima*%20(todolima.com).%0A%0AVimos%20que%20son%20uno%20de%20los%20negocios%20con%20mejor%20reputaci%C3%B3n%20en%20Google%20Maps%20en%20*San%20Juan%20de%20Lurigancho*%20(%E2%AD%90%20*4.5*%20con%204%20opiniones)%20%C2%A1Felicitaciones%20por%20tan%20buen%20trabajo!%20%F0%9F%91%8F%0A%0ARevisamos%20su%20ficha%20y%20notamos%20que%20*a%C3%BAn%20no%20cuentan%20con%20una%20p%C3%A1gina%20web%20oficial*%20donde%20sus%20clientes%20puedan%20consultar%20sus%20servicios%20y%20agendar%20directamente%20por%20WhatsApp.%0A%0AEn%20*Todo%20Lima*%20creamos%20landing%20pages%20ultrarr%C3%A1pidas%20pensadas%20para%20negocios%20locales%3A%0A%E2%9C%85%20Subdominio%20verificado%3A%20*pintura-y-mantenimiento.pintores.todolima.com*%0A%E2%9C%85%20Bot%C3%B3n%20de%20WhatsApp%20directo%20para%20recibir%20pedidos%20y%20citas%20al%20instante%0A%E2%9C%85%20Mapa%20interactivo%20para%20que%20lleguen%20a%20su%20local%20en%20San%20Juan%20de%20Lurigancho%0A%E2%9C%85%20Carga%20en%20menos%20de%201%20segundo%20en%20celulares%0A%E2%9C%85%20Ficha%20destacada%20en%20el%20directorio%20todolima.com%0A%0APreparamos%20una%20demostraci%C3%B3n%20sin%20costo%20de%20c%C3%B3mo%20se%20ver%C3%ADa%20la%20web%20de%20*Pintura%20y%20Mantenimiento*.%20%C2%BFLes%20gustar%C3%ADa%20que%20les%20comparta%20el%20enlace%20de%20prueba%20por%20aqu%C3%AD%3F%20%F0%9F%9A%80"
"D&J Vidriería, Estructuras Metalicas, drywall, pintura en general",pintores,"Lima",4.5,4,980670662,NEEDS_WEBSITE,d-j-vidrieria-estructuras-meta.pintores.todolima.com,"https://wa.me/51980670662?text=Hola%20equipo%20de%20*D%26J%20Vidrier%C3%ADa%2C%20Estructuras%20Metalicas%2C%20drywall%2C%20pintura%20en%20general*%20%F0%9F%91%8B%2C%20los%20saluda%20el%20equipo%20de%20*Todo%20Lima*%20(todolima.com).%0A%0AVimos%20que%20son%20uno%20de%20los%20negocios%20con%20mejor%20reputaci%C3%B3n%20en%20Google%20Maps%20en%20*Lima*%20(%E2%AD%90%20*4.5*%20con%204%20opiniones)%20%C2%A1Felicitaciones%20por%20tan%20buen%20trabajo!%20%F0%9F%91%8F%0A%0ARevisamos%20su%20ficha%20y%20notamos%20que%20*a%C3%BAn%20no%20cuentan%20con%20una%20p%C3%A1gina%20web%20oficial*%20donde%20sus%20clientes%20puedan%20consultar%20sus%20servicios%20y%20agendar%20directamente%20por%20WhatsApp.%0A%0AEn%20*Todo%20Lima*%20creamos%20landing%20pages%20ultrarr%C3%A1pidas%20pensadas%20para%20negocios%20locales%3A%0A%E2%9C%85%20Subdominio%20verificado%3A%20*d-j-vidrieria-estructuras-meta.pintores.todolima.com*%0A%E2%9C%85%20Bot%C3%B3n%20de%20WhatsApp%20directo%20para%20recibir%20pedidos%20y%20citas%20al%20instante%0A%E2%9C%85%20Mapa%20interactivo%20para%20que%20lleguen%20a%20su%20local%20en%20Lima%0A%E2%9C%85%20Carga%20en%20menos%20de%201%20segundo%20en%20celulares%0A%E2%9C%85%20Ficha%20destacada%20en%20el%20directorio%20todolima.com%0A%0APreparamos%20una%20demostraci%C3%B3n%20sin%20costo%20de%20c%C3%B3mo%20se%20ver%C3%ADa%20la%20web%20de%20*D%26J%20Vidrier%C3%ADa%2C%20Estructuras%20Metalicas%2C%20drywall%2C%20pintura%20en%20general*.%20%C2%BFLes%20gustar%C3%ADa%20que%20les%20comparta%20el%20enlace%20de%20prueba%20por%20aqu%C3%AD%3F%20%F0%9F%9A%80"
"Pan Atelier",pizzerias,"Miraflores",4.5,2429,998805186,REDESIGN_WEBSITE,pan-atelier.pizzerias.todolima.com,"https://wa.me/51998805186?text=Hola%20equipo%20de%20*Pan%20Atelier*%20%F0%9F%91%8B%2C%20gusto%20en%20saludarlos.%0A%0ALes%20escribimos%20desde%20*Todo%20Lima*.%20Al%20revisar%20a%20los%20referentes%20de%20*Miraflores*%20(donde%20ustedes%20destacan%20con%20%E2%AD%90%20*4.5*)%2C%20realizamos%20una%20auditor%C3%ADa%20t%C3%A9cnica%20gratuita%20a%20su%20web%20actual%20(*http%3A%2F%2Fpanatelier.com.pe%2F*).%0A%0ADetectamos%20algunos%20puntos%20cr%C3%ADticos%20que%20podr%C3%ADan%20estar%20frenando%20sus%20consultas%3A%0A%E2%80%A2%20URL%20inv%C3%A1lida%20o%20no%20registrada.%0A%0A%F0%9F%91%89%20*Dato%20clave%3A*%20El%2065%25%20de%20usuarios%20en%20Lima%20abandonan%20una%20web%20si%20no%20encuentran%20un%20bot%C3%B3n%20flotante%20de%20WhatsApp%20para%20consultar%20en%20el%20momento.%0A%0A%0APodemos%20modernizar%20su%20web%20para%20que%20cargue%20al%20instante%20y%20multiplique%20sus%20contactos%20por%20WhatsApp.%20%C2%BFLes%20gustar%C3%ADa%20que%20les%20enviemos%20el%20reporte%20t%C3%A9cnico%20completo%3F%20%F0%9F%93%8A"
"La Linterna",pizzerias,"San Isidro",4.5,2281,998151299,REDESIGN_WEBSITE,la-linterna.pizzerias.todolima.com,"https://wa.me/51998151299?text=Hola%20equipo%20de%20*La%20Linterna*%20%F0%9F%91%8B%2C%20gusto%20en%20saludarlos.%0A%0ALes%20escribimos%20desde%20*Todo%20Lima*.%20Al%20revisar%20a%20los%20referentes%20de%20*San%20Isidro*%20(donde%20ustedes%20destacan%20con%20%E2%AD%90%20*4.5*)%2C%20realizamos%20una%20auditor%C3%ADa%20t%C3%A9cnica%20gratuita%20a%20su%20web%20actual%20(*http%3A%2F%2Fwww.pizzerialalinterna.com%2F*).%0A%0ADetectamos%20algunos%20puntos%20cr%C3%ADticos%20que%20podr%C3%ADan%20estar%20frenando%20sus%20consultas%3A%0A%E2%80%A2%20URL%20inv%C3%A1lida%20o%20no%20registrada.%0A%0A%F0%9F%91%89%20*Dato%20clave%3A*%20El%2065%25%20de%20usuarios%20en%20Lima%20abandonan%20una%20web%20si%20no%20encuentran%20un%20bot%C3%B3n%20flotante%20de%20WhatsApp%20para%20consultar%20en%20el%20momento.%0A%0A%0APodemos%20modernizar%20su%20web%20para%20que%20cargue%20al%20instante%20y%20multiplique%20sus%20contactos%20por%20WhatsApp.%20%C2%BFLes%20gustar%C3%ADa%20que%20les%20enviemos%20el%20reporte%20t%C3%A9cnico%20completo%3F%20%F0%9F%93%8A"
"Pan Sal Aire",pizzerias,"Barranco",4.5,2226,951118993,REDESIGN_WEBSITE,pan-sal-aire.pizzerias.todolima.com,"https://wa.me/51951118993?text=Hola%20equipo%20de%20*Pan%20Sal%20Aire*%20%F0%9F%91%8B%2C%20gusto%20en%20saludarlos.%0A%0ALes%20escribimos%20desde%20*Todo%20Lima*.%20Al%20revisar%20a%20los%20referentes%20de%20*Barranco*%20(donde%20ustedes%20destacan%20con%20%E2%AD%90%20*4.5*)%2C%20realizamos%20una%20auditor%C3%ADa%20t%C3%A9cnica%20gratuita%20a%20su%20web%20actual%20(*https%3A%2F%2Fpansalaire.pe%2F*).%0A%0ADetectamos%20algunos%20puntos%20cr%C3%ADticos%20que%20podr%C3%ADan%20estar%20frenando%20sus%20consultas%3A%0A%E2%80%A2%20URL%20inv%C3%A1lida%20o%20no%20registrada.%0A%0A%F0%9F%91%89%20*Dato%20clave%3A*%20El%2065%25%20de%20usuarios%20en%20Lima%20abandonan%20una%20web%20si%20no%20encuentran%20un%20bot%C3%B3n%20flotante%20de%20WhatsApp%20para%20consultar%20en%20el%20momento.%0A%0A%0APodemos%20modernizar%20su%20web%20para%20que%20cargue%20al%20instante%20y%20multiplique%20sus%20contactos%20por%20WhatsApp.%20%C2%BFLes%20gustar%C3%ADa%20que%20les%20enviemos%20el%20reporte%20t%C3%A9cnico%20completo%3F%20%F0%9F%93%8A"
"Flama Pizzería",pizzerias,"Miraflores",4.5,1200,914201951,UPGRADE_SOCIAL,flama-pizzeria.pizzerias.todolima.com,"https://wa.me/51914201951?text=Hola%20equipo%20de%20*Flama%20Pizzer%C3%ADa*%20%F0%9F%91%8B%2C%20les%20escribe%20el%20equipo%20de%20*Todo%20Lima*.%0A%0ARevisamos%20su%20destacada%20presencia%20en%20Google%20Maps%20en%20*Miraflores*%20(%E2%AD%90%20*4.5*%20estrellas).%20Notamos%20que%20su%20enlace%20de%20contacto%20actual%20es%20un%20perfil%20de%20*Instagram*.%0A%0AMuchos%20clientes%20que%20buscan%20servicios%20en%20Google%20prefieren%20una%20web%20r%C3%A1pida%20donde%20ver%20cat%C3%A1logo%2C%20fotos%20y%20tarifas%20sin%20tener%20que%20entrar%20a%20una%20red%20social%20o%20ver%20distracciones%20de%20la%20competencia.%0A%0A%C2%BFLes%20interesar%C3%ADa%20complementar%20su%20Instagram%20con%20una%20p%C3%A1gina%20web%20oficial%20(*flama-pizzeria.pizzerias.todolima.com*)%20con%20bot%C3%B3n%20directo%20a%20WhatsApp%20y%20presencia%20prioritaria%20en%20Todo%20Lima%3F%0A%0ATenemos%20una%20maqueta%20lista%20para%20mostrarles%20sin%20compromiso.%20%C2%BFSe%20las%20comparto%20por%20este%20medio%3F%20%F0%9F%93%B2"
"La Linterna",pizzerias,"Santiago de Surco",4.5,810,991073184,REDESIGN_WEBSITE,la-linterna.pizzerias.todolima.com,"https://wa.me/51991073184?text=Hola%20equipo%20de%20*La%20Linterna*%20%F0%9F%91%8B%2C%20gusto%20en%20saludarlos.%0A%0ALes%20escribimos%20desde%20*Todo%20Lima*.%20Al%20revisar%20a%20los%20referentes%20de%20*Santiago%20de%20Surco*%20(donde%20ustedes%20destacan%20con%20%E2%AD%90%20*4.5*)%2C%20realizamos%20una%20auditor%C3%ADa%20t%C3%A9cnica%20gratuita%20a%20su%20web%20actual%20(*https%3A%2F%2Fwww.pizzerialalinterna.com%2F*).%0A%0ADetectamos%20algunos%20puntos%20cr%C3%ADticos%20que%20podr%C3%ADan%20estar%20frenando%20sus%20consultas%3A%0A%E2%80%A2%20URL%20inv%C3%A1lida%20o%20no%20registrada.%0A%0A%F0%9F%91%89%20*Dato%20clave%3A*%20El%2065%25%20de%20usuarios%20en%20Lima%20abandonan%20una%20web%20si%20no%20encuentran%20un%20bot%C3%B3n%20flotante%20de%20WhatsApp%20para%20consultar%20en%20el%20momento.%0A%0A%0APodemos%20modernizar%20su%20web%20para%20que%20cargue%20al%20instante%20y%20multiplique%20sus%20contactos%20por%20WhatsApp.%20%C2%BFLes%20gustar%C3%ADa%20que%20les%20enviemos%20el%20reporte%20t%C3%A9cnico%20completo%3F%20%F0%9F%93%8A"
"Manduco Barranco",pizzerias,"Barranco",4.5,609,923161284,NEEDS_WEBSITE,manduco-barranco.pizzerias.todolima.com,"https://wa.me/51923161284?text=Hola%20equipo%20de%20*Manduco%20Barranco*%20%F0%9F%91%8B%2C%20los%20saluda%20el%20equipo%20de%20*Todo%20Lima*%20(todolima.com).%0A%0AVimos%20que%20son%20uno%20de%20los%20negocios%20con%20mejor%20reputaci%C3%B3n%20en%20Google%20Maps%20en%20*Barranco*%20(%E2%AD%90%20*4.5*%20con%20609%20opiniones)%20%C2%A1Felicitaciones%20por%20tan%20buen%20trabajo!%20%F0%9F%91%8F%0A%0ARevisamos%20su%20ficha%20y%20notamos%20que%20*a%C3%BAn%20no%20cuentan%20con%20una%20p%C3%A1gina%20web%20oficial*%20donde%20sus%20clientes%20puedan%20consultar%20sus%20servicios%20y%20agendar%20directamente%20por%20WhatsApp.%0A%0AEn%20*Todo%20Lima*%20creamos%20landing%20pages%20ultrarr%C3%A1pidas%20pensadas%20para%20negocios%20locales%3A%0A%E2%9C%85%20Subdominio%20verificado%3A%20*manduco-barranco.pizzerias.todolima.com*%0A%E2%9C%85%20Bot%C3%B3n%20de%20WhatsApp%20directo%20para%20recibir%20pedidos%20y%20citas%20al%20instante%0A%E2%9C%85%20Mapa%20interactivo%20para%20que%20lleguen%20a%20su%20local%20en%20Barranco%0A%E2%9C%85%20Carga%20en%20menos%20de%201%20segundo%20en%20celulares%0A%E2%9C%85%20Ficha%20destacada%20en%20el%20directorio%20todolima.com%0A%0APreparamos%20una%20demostraci%C3%B3n%20sin%20costo%20de%20c%C3%B3mo%20se%20ver%C3%ADa%20la%20web%20de%20*Manduco%20Barranco*.%20%C2%BFLes%20gustar%C3%ADa%20que%20les%20comparta%20el%20enlace%20de%20prueba%20por%20aqu%C3%AD%3F%20%F0%9F%9A%80"
"Lucca Pasta Fresca",pizzerias,"Barranco",4.5,193,967858088,REDESIGN_WEBSITE,lucca-pasta-fresca.pizzerias.todolima.com,"https://wa.me/51967858088?text=Hola%20equipo%20de%20*Lucca%20Pasta%20Fresca*%20%F0%9F%91%8B%2C%20gusto%20en%20saludarlos.%0A%0ALes%20escribimos%20desde%20*Todo%20Lima*.%20Al%20revisar%20a%20los%20referentes%20de%20*Barranco*%20(donde%20ustedes%20destacan%20con%20%E2%AD%90%20*4.5*)%2C%20realizamos%20una%20auditor%C3%ADa%20t%C3%A9cnica%20gratuita%20a%20su%20web%20actual%20(*https%3A%2F%2Fbeacons.ai%2Fluccapastafresca*).%0A%0ADetectamos%20algunos%20puntos%20cr%C3%ADticos%20que%20podr%C3%ADan%20estar%20frenando%20sus%20consultas%3A%0A%E2%80%A2%20URL%20inv%C3%A1lida%20o%20no%20registrada.%0A%0A%F0%9F%91%89%20*Dato%20clave%3A*%20El%2065%25%20de%20usuarios%20en%20Lima%20abandonan%20una%20web%20si%20no%20encuentran%20un%20bot%C3%B3n%20flotante%20de%20WhatsApp%20para%20consultar%20en%20el%20momento.%0A%0A%0APodemos%20modernizar%20su%20web%20para%20que%20cargue%20al%20instante%20y%20multiplique%20sus%20contactos%20por%20WhatsApp.%20%C2%BFLes%20gustar%C3%ADa%20que%20les%20enviemos%20el%20reporte%20t%C3%A9cnico%20completo%3F%20%F0%9F%93%8A"
"La Picza",pizzerias,"Lima",4.5,32,946002188,REDESIGN_WEBSITE,la-picza.pizzerias.todolima.com,"https://wa.me/51946002188?text=Hola%20equipo%20de%20*La%20Picza*%20%F0%9F%91%8B%2C%20gusto%20en%20saludarlos.%0A%0ALes%20escribimos%20desde%20*Todo%20Lima*.%20Al%20revisar%20a%20los%20referentes%20de%20*Lima*%20(donde%20ustedes%20destacan%20con%20%E2%AD%90%20*4.5*)%2C%20realizamos%20una%20auditor%C3%ADa%20t%C3%A9cnica%20gratuita%20a%20su%20web%20actual%20(*http%3A%2F%2Flapicza.com%2F*).%0A%0ADetectamos%20algunos%20puntos%20cr%C3%ADticos%20que%20podr%C3%ADan%20estar%20frenando%20sus%20consultas%3A%0A%E2%80%A2%20URL%20inv%C3%A1lida%20o%20no%20registrada.%0A%0A%F0%9F%91%89%20*Dato%20clave%3A*%20El%2065%25%20de%20usuarios%20en%20Lima%20abandonan%20una%20web%20si%20no%20encuentran%20un%20bot%C3%B3n%20flotante%20de%20WhatsApp%20para%20consultar%20en%20el%20momento.%0A%0A%0APodemos%20modernizar%20su%20web%20para%20que%20cargue%20al%20instante%20y%20multiplique%20sus%20contactos%20por%20WhatsApp.%20%C2%BFLes%20gustar%C3%ADa%20que%20les%20enviemos%20el%20reporte%20t%C3%A9cnico%20completo%3F%20%F0%9F%93%8A"
"Polleria Doña Esther",pollerias,"Lima",4.5,6,923034587,NEEDS_WEBSITE,polleria-dona-esther.pollerias.todolima.com,"https://wa.me/51923034587?text=Hola%20equipo%20de%20*Polleria%20Do%C3%B1a%20Esther*%20%F0%9F%91%8B%2C%20los%20saluda%20el%20equipo%20de%20*Todo%20Lima*%20(todolima.com).%0A%0AVimos%20que%20son%20uno%20de%20los%20negocios%20con%20mejor%20reputaci%C3%B3n%20en%20Google%20Maps%20en%20*Lima*%20(%E2%AD%90%20*4.5*%20con%206%20opiniones)%20%C2%A1Felicitaciones%20por%20tan%20buen%20trabajo!%20%F0%9F%91%8F%0A%0ARevisamos%20su%20ficha%20y%20notamos%20que%20*a%C3%BAn%20no%20cuentan%20con%20una%20p%C3%A1gina%20web%20oficial*%20donde%20sus%20clientes%20puedan%20consultar%20sus%20servicios%20y%20agendar%20directamente%20por%20WhatsApp.%0A%0AEn%20*Todo%20Lima*%20creamos%20landing%20pages%20ultrarr%C3%A1pidas%20pensadas%20para%20negocios%20locales%3A%0A%E2%9C%85%20Subdominio%20verificado%3A%20*polleria-dona-esther.pollerias.todolima.com*%0A%E2%9C%85%20Bot%C3%B3n%20de%20WhatsApp%20directo%20para%20recibir%20pedidos%20y%20citas%20al%20instante%0A%E2%9C%85%20Mapa%20interactivo%20para%20que%20lleguen%20a%20su%20local%20en%20Lima%0A%E2%9C%85%20Carga%20en%20menos%20de%201%20segundo%20en%20celulares%0A%E2%9C%85%20Ficha%20destacada%20en%20el%20directorio%20todolima.com%0A%0APreparamos%20una%20demostraci%C3%B3n%20sin%20costo%20de%20c%C3%B3mo%20se%20ver%C3%ADa%20la%20web%20de%20*Polleria%20Do%C3%B1a%20Esther*.%20%C2%BFLes%20gustar%C3%ADa%20que%20les%20comparta%20el%20enlace%20de%20prueba%20por%20aqu%C3%AD%3F%20%F0%9F%9A%80"
"Pollería Carbon & Fuego",pollerias,"Lima",4.5,2,968594867,NEEDS_WEBSITE,polleria-carbon-fuego.pollerias.todolima.com,"https://wa.me/51968594867?text=Hola%20equipo%20de%20*Poller%C3%ADa%20Carbon%20%26%20Fuego*%20%F0%9F%91%8B%2C%20los%20saluda%20el%20equipo%20de%20*Todo%20Lima*%20(todolima.com).%0A%0AVimos%20que%20son%20uno%20de%20los%20negocios%20con%20mejor%20reputaci%C3%B3n%20en%20Google%20Maps%20en%20*Lima*%20(%E2%AD%90%20*4.5*%20con%202%20opiniones)%20%C2%A1Felicitaciones%20por%20tan%20buen%20trabajo!%20%F0%9F%91%8F%0A%0ARevisamos%20su%20ficha%20y%20notamos%20que%20*a%C3%BAn%20no%20cuentan%20con%20una%20p%C3%A1gina%20web%20oficial*%20donde%20sus%20clientes%20puedan%20consultar%20sus%20servicios%20y%20agendar%20directamente%20por%20WhatsApp.%0A%0AEn%20*Todo%20Lima*%20creamos%20landing%20pages%20ultrarr%C3%A1pidas%20pensadas%20para%20negocios%20locales%3A%0A%E2%9C%85%20Subdominio%20verificado%3A%20*polleria-carbon-fuego.pollerias.todolima.com*%0A%E2%9C%85%20Bot%C3%B3n%20de%20WhatsApp%20directo%20para%20recibir%20pedidos%20y%20citas%20al%20instante%0A%E2%9C%85%20Mapa%20interactivo%20para%20que%20lleguen%20a%20su%20local%20en%20Lima%0A%E2%9C%85%20Carga%20en%20menos%20de%201%20segundo%20en%20celulares%0A%E2%9C%85%20Ficha%20destacada%20en%20el%20directorio%20todolima.com%0A%0APreparamos%20una%20demostraci%C3%B3n%20sin%20costo%20de%20c%C3%B3mo%20se%20ver%C3%ADa%20la%20web%20de%20*Poller%C3%ADa%20Carbon%20%26%20Fuego*.%20%C2%BFLes%20gustar%C3%ADa%20que%20les%20comparta%20el%20enlace%20de%20prueba%20por%20aqu%C3%AD%3F%20%F0%9F%9A%80"
"Café de Lima - Angamos",cafeterias,"Miraflores",4.4,3219,942942852,REDESIGN_WEBSITE,cafe-de-lima-angamos.cafeterias.todolima.com,"https://wa.me/51942942852?text=Hola%20equipo%20de%20*Caf%C3%A9%20de%20Lima%20-%20Angamos*%20%F0%9F%91%8B%2C%20gusto%20en%20saludarlos.%0A%0ALes%20escribimos%20desde%20*Todo%20Lima*.%20Al%20revisar%20a%20los%20referentes%20de%20*Miraflores*%20(donde%20ustedes%20destacan%20con%20%E2%AD%90%20*4.4*)%2C%20realizamos%20una%20auditor%C3%ADa%20t%C3%A9cnica%20gratuita%20a%20su%20web%20actual%20(*https%3A%2F%2Fwww.cafedelima.pe%2F*).%0A%0ADetectamos%20algunos%20puntos%20cr%C3%ADticos%20que%20podr%C3%ADan%20estar%20frenando%20sus%20consultas%3A%0A%E2%80%A2%20URL%20inv%C3%A1lida%20o%20no%20registrada.%0A%0A%F0%9F%91%89%20*Dato%20clave%3A*%20El%2065%25%20de%20usuarios%20en%20Lima%20abandonan%20una%20web%20si%20no%20encuentran%20un%20bot%C3%B3n%20flotante%20de%20WhatsApp%20para%20consultar%20en%20el%20momento.%0A%0A%0APodemos%20modernizar%20su%20web%20para%20que%20cargue%20al%20instante%20y%20multiplique%20sus%20contactos%20por%20WhatsApp.%20%C2%BFLes%20gustar%C3%ADa%20que%20les%20enviemos%20el%20reporte%20t%C3%A9cnico%20completo%3F%20%F0%9F%93%8A"
"La Caffetteria di Lonato",cafeterias,"Miraflores",4.4,1918,936080089,REDESIGN_WEBSITE,la-caffetteria-di-lonato.cafeterias.todolima.com,"https://wa.me/51936080089?text=Hola%20equipo%20de%20*La%20Caffetteria%20di%20Lonato*%20%F0%9F%91%8B%2C%20gusto%20en%20saludarlos.%0A%0ALes%20escribimos%20desde%20*Todo%20Lima*.%20Al%20revisar%20a%20los%20referentes%20de%20*Miraflores*%20(donde%20ustedes%20destacan%20con%20%E2%AD%90%20*4.4*)%2C%20realizamos%20una%20auditor%C3%ADa%20t%C3%A9cnica%20gratuita%20a%20su%20web%20actual%20(*https%3A%2F%2Fwww.lacaffetteria.pe%2F*).%0A%0ADetectamos%20algunos%20puntos%20cr%C3%ADticos%20que%20podr%C3%ADan%20estar%20frenando%20sus%20consultas%3A%0A%E2%80%A2%20URL%20inv%C3%A1lida%20o%20no%20registrada.%0A%0A%F0%9F%91%89%20*Dato%20clave%3A*%20El%2065%25%20de%20usuarios%20en%20Lima%20abandonan%20una%20web%20si%20no%20encuentran%20un%20bot%C3%B3n%20flotante%20de%20WhatsApp%20para%20consultar%20en%20el%20momento.%0A%0A%0APodemos%20modernizar%20su%20web%20para%20que%20cargue%20al%20instante%20y%20multiplique%20sus%20contactos%20por%20WhatsApp.%20%C2%BFLes%20gustar%C3%ADa%20que%20les%20enviemos%20el%20reporte%20t%C3%A9cnico%20completo%3F%20%F0%9F%93%8A"
"Papagiani",cafeterias,"Miraflores",4.4,954,992501700,UPGRADE_SOCIAL,papagiani.cafeterias.todolima.com,"https://wa.me/51992501700?text=Hola%20equipo%20de%20*Papagiani*%20%F0%9F%91%8B%2C%20les%20escribe%20el%20equipo%20de%20*Todo%20Lima*.%0A%0ARevisamos%20su%20destacada%20presencia%20en%20Google%20Maps%20en%20*Miraflores*%20(%E2%AD%90%20*4.4*%20estrellas).%20Notamos%20que%20su%20enlace%20de%20contacto%20actual%20es%20un%20perfil%20de%20*Instagram*.%0A%0AMuchos%20clientes%20que%20buscan%20servicios%20en%20Google%20prefieren%20una%20web%20r%C3%A1pida%20donde%20ver%20cat%C3%A1logo%2C%20fotos%20y%20tarifas%20sin%20tener%20que%20entrar%20a%20una%20red%20social%20o%20ver%20distracciones%20de%20la%20competencia.%0A%0A%C2%BFLes%20interesar%C3%ADa%20complementar%20su%20Instagram%20con%20una%20p%C3%A1gina%20web%20oficial%20(*papagiani.cafeterias.todolima.com*)%20con%20bot%C3%B3n%20directo%20a%20WhatsApp%20y%20presencia%20prioritaria%20en%20Todo%20Lima%3F%0A%0ATenemos%20una%20maqueta%20lista%20para%20mostrarles%20sin%20compromiso.%20%C2%BFSe%20las%20comparto%20por%20este%20medio%3F%20%F0%9F%93%B2"
"La Tostadora Café",cafeterias,"Barranco",4.4,639,938321549,REDESIGN_WEBSITE,la-tostadora-cafe.cafeterias.todolima.com,"https://wa.me/51938321549?text=Hola%20equipo%20de%20*La%20Tostadora%20Caf%C3%A9*%20%F0%9F%91%8B%2C%20gusto%20en%20saludarlos.%0A%0ALes%20escribimos%20desde%20*Todo%20Lima*.%20Al%20revisar%20a%20los%20referentes%20de%20*Barranco*%20(donde%20ustedes%20destacan%20con%20%E2%AD%90%20*4.4*)%2C%20realizamos%20una%20auditor%C3%ADa%20t%C3%A9cnica%20gratuita%20a%20su%20web%20actual%20(*http%3A%2F%2Fwww.latostadoracafe.com%2F*).%0A%0ADetectamos%20algunos%20puntos%20cr%C3%ADticos%20que%20podr%C3%ADan%20estar%20frenando%20sus%20consultas%3A%0A%E2%80%A2%20URL%20inv%C3%A1lida%20o%20no%20registrada.%0A%0A%F0%9F%91%89%20*Dato%20clave%3A*%20El%2065%25%20de%20usuarios%20en%20Lima%20abandonan%20una%20web%20si%20no%20encuentran%20un%20bot%C3%B3n%20flotante%20de%20WhatsApp%20para%20consultar%20en%20el%20momento.%0A%0A%0APodemos%20modernizar%20su%20web%20para%20que%20cargue%20al%20instante%20y%20multiplique%20sus%20contactos%20por%20WhatsApp.%20%C2%BFLes%20gustar%C3%ADa%20que%20les%20enviemos%20el%20reporte%20t%C3%A9cnico%20completo%3F%20%F0%9F%93%8A"
"Tasación Agencia Inmobiliaria",agentes-inmobiliarios,"Miraflores",4.4,448,961795883,REDESIGN_WEBSITE,tasacion-agencia-inmobiliaria.agentes-inmobiliarios.todolima.com,"https://wa.me/51961795883?text=Hola%20equipo%20de%20*Tasaci%C3%B3n%20Agencia%20Inmobiliaria*%20%F0%9F%91%8B%2C%20gusto%20en%20saludarlos.%0A%0ALes%20escribimos%20desde%20*Todo%20Lima*.%20Al%20revisar%20a%20los%20referentes%20de%20*Miraflores*%20(donde%20ustedes%20destacan%20con%20%E2%AD%90%20*4.4*)%2C%20realizamos%20una%20auditor%C3%ADa%20t%C3%A9cnica%20gratuita%20a%20su%20web%20actual%20(*https%3A%2F%2Ftasacion.co%2F*).%0A%0ADetectamos%20algunos%20puntos%20cr%C3%ADticos%20que%20podr%C3%ADan%20estar%20frenando%20sus%20consultas%3A%0A%E2%80%A2%20No%20tiene%20etiqueta%20viewport%3A%20se%20ve%20diminuto%20y%20roto%20en%20tel%C3%A9fonos%20celulares.%0A%E2%80%A2%20T%C3%ADtulo%20SEO%20con%20longitud%20mejorable%20(10%20caracteres).%0A%E2%80%A2%20Carece%20de%20meta-descripci%C3%B3n%20optimizada%20para%20b%C3%BAsquedas%20en%20Google.%0A%0A%F0%9F%91%89%20*Dato%20clave%3A*%20El%2065%25%20de%20usuarios%20en%20Lima%20abandonan%20una%20web%20si%20no%20encuentran%20un%20bot%C3%B3n%20flotante%20de%20WhatsApp%20para%20consultar%20en%20el%20momento.%0A%0A%0APodemos%20modernizar%20su%20web%20para%20que%20cargue%20al%20instante%20y%20multiplique%20sus%20contactos%20por%20WhatsApp.%20%C2%BFLes%20gustar%C3%ADa%20que%20les%20enviemos%20el%20reporte%20t%C3%A9cnico%20completo%3F%20%F0%9F%93%8A"
"FER COMPANY",auxilio-mecanico,"Lima",4.4,33,996628846,REDESIGN_WEBSITE,fer-company.auxilio-mecanico.todolima.com,"https://wa.me/51996628846?text=Hola%20equipo%20de%20*FER%20COMPANY*%20%F0%9F%91%8B%2C%20gusto%20en%20saludarlos.%0A%0ALes%20escribimos%20desde%20*Todo%20Lima*.%20Al%20revisar%20a%20los%20referentes%20de%20*Lima*%20(donde%20ustedes%20destacan%20con%20%E2%AD%90%20*4.4*)%2C%20realizamos%20una%20auditor%C3%ADa%20t%C3%A9cnica%20gratuita%20a%20su%20web%20actual%20(*https%3A%2F%2Ffercompanyasiste.pe%2F*).%0A%0ADetectamos%20algunos%20puntos%20cr%C3%ADticos%20que%20podr%C3%ADan%20estar%20frenando%20sus%20consultas%3A%0A%E2%80%A2%20El%20servidor%20tard%C3%B3%20m%C3%A1s%20de%204s%20en%20responder%20(Timeout).%20El%20sitio%20est%C3%A1%20pr%C3%A1cticamente%20inoperativo%20para%20usuarios%20m%C3%B3viles.%0A%0A%F0%9F%91%89%20*Dato%20clave%3A*%20El%2065%25%20de%20usuarios%20en%20Lima%20abandonan%20una%20web%20si%20no%20encuentran%20un%20bot%C3%B3n%20flotante%20de%20WhatsApp%20para%20consultar%20en%20el%20momento.%0A%F0%9F%91%89%20*Velocidad%3A*%20Su%20web%20tarda%204.0s%20en%20responder%2C%20cuando%20el%20est%C3%A1ndar%20recomendado%20para%20m%C3%B3viles%20es%20menor%20a%201.5s.%0A%0APodemos%20modernizar%20su%20web%20para%20que%20cargue%20al%20instante%20y%20multiplique%20sus%20contactos%20por%20WhatsApp.%20%C2%BFLes%20gustar%C3%ADa%20que%20les%20enviemos%20el%20reporte%20t%C3%A9cnico%20completo%3F%20%F0%9F%93%8A"
"Multi Service y Llaves 998009612",cerrajeros,"Lince",4.4,10,998009612,NEEDS_WEBSITE,multi-service-y-llaves-9980096.cerrajeros.todolima.com,"https://wa.me/51998009612?text=Hola%20equipo%20de%20*Multi%20Service%20y%20Llaves%20998009612*%20%F0%9F%91%8B%2C%20los%20saluda%20el%20equipo%20de%20*Todo%20Lima*%20(todolima.com).%0A%0AVimos%20que%20son%20uno%20de%20los%20negocios%20con%20mejor%20reputaci%C3%B3n%20en%20Google%20Maps%20en%20*Lince*%20(%E2%AD%90%20*4.4*%20con%2010%20opiniones)%20%C2%A1Felicitaciones%20por%20tan%20buen%20trabajo!%20%F0%9F%91%8F%0A%0ARevisamos%20su%20ficha%20y%20notamos%20que%20*a%C3%BAn%20no%20cuentan%20con%20una%20p%C3%A1gina%20web%20oficial*%20donde%20sus%20clientes%20puedan%20consultar%20sus%20servicios%20y%20agendar%20directamente%20por%20WhatsApp.%0A%0AEn%20*Todo%20Lima*%20creamos%20landing%20pages%20ultrarr%C3%A1pidas%20pensadas%20para%20negocios%20locales%3A%0A%E2%9C%85%20Subdominio%20verificado%3A%20*multi-service-y-llaves-9980096.cerrajeros.todolima.com*%0A%E2%9C%85%20Bot%C3%B3n%20de%20WhatsApp%20directo%20para%20recibir%20pedidos%20y%20citas%20al%20instante%0A%E2%9C%85%20Mapa%20interactivo%20para%20que%20lleguen%20a%20su%20local%20en%20Lince%0A%E2%9C%85%20Carga%20en%20menos%20de%201%20segundo%20en%20celulares%0A%E2%9C%85%20Ficha%20destacada%20en%20el%20directorio%20todolima.com%0A%0APreparamos%20una%20demostraci%C3%B3n%20sin%20costo%20de%20c%C3%B3mo%20se%20ver%C3%ADa%20la%20web%20de%20*Multi%20Service%20y%20Llaves%20998009612*.%20%C2%BFLes%20gustar%C3%ADa%20que%20les%20comparta%20el%20enlace%20de%20prueba%20por%20aqu%C3%AD%3F%20%F0%9F%9A%80"
"Cevicheria Beto La Habana",cevicherias,"Lima",4.4,4645,939244306,NEEDS_WEBSITE,cevicheria-beto-la-habana.cevicherias.todolima.com,"https://wa.me/51939244306?text=Hola%20equipo%20de%20*Cevicheria%20Beto%20La%20Habana*%20%F0%9F%91%8B%2C%20los%20saluda%20el%20equipo%20de%20*Todo%20Lima*%20(todolima.com).%0A%0AVimos%20que%20son%20uno%20de%20los%20negocios%20con%20mejor%20reputaci%C3%B3n%20en%20Google%20Maps%20en%20*Lima*%20(%E2%AD%90%20*4.4*%20con%204645%20opiniones)%20%C2%A1Felicitaciones%20por%20tan%20buen%20trabajo!%20%F0%9F%91%8F%0A%0ARevisamos%20su%20ficha%20y%20notamos%20que%20*a%C3%BAn%20no%20cuentan%20con%20una%20p%C3%A1gina%20web%20oficial*%20donde%20sus%20clientes%20puedan%20consultar%20sus%20servicios%20y%20agendar%20directamente%20por%20WhatsApp.%0A%0AEn%20*Todo%20Lima*%20creamos%20landing%20pages%20ultrarr%C3%A1pidas%20pensadas%20para%20negocios%20locales%3A%0A%E2%9C%85%20Subdominio%20verificado%3A%20*cevicheria-beto-la-habana.cevicherias.todolima.com*%0A%E2%9C%85%20Bot%C3%B3n%20de%20WhatsApp%20directo%20para%20recibir%20pedidos%20y%20citas%20al%20instante%0A%E2%9C%85%20Mapa%20interactivo%20para%20que%20lleguen%20a%20su%20local%20en%20Lima%0A%E2%9C%85%20Carga%20en%20menos%20de%201%20segundo%20en%20celulares%0A%E2%9C%85%20Ficha%20destacada%20en%20el%20directorio%20todolima.com%0A%0APreparamos%20una%20demostraci%C3%B3n%20sin%20costo%20de%20c%C3%B3mo%20se%20ver%C3%ADa%20la%20web%20de%20*Cevicheria%20Beto%20La%20Habana*.%20%C2%BFLes%20gustar%C3%ADa%20que%20les%20comparta%20el%20enlace%20de%20prueba%20por%20aqu%C3%AD%3F%20%F0%9F%9A%80"
"ALFRESCO",cevicherias,"Miraflores",4.4,3434,979701279,REDESIGN_WEBSITE,alfresco.cevicherias.todolima.com,"https://wa.me/51979701279?text=Hola%20equipo%20de%20*ALFRESCO*%20%F0%9F%91%8B%2C%20gusto%20en%20saludarlos.%0A%0ALes%20escribimos%20desde%20*Todo%20Lima*.%20Al%20revisar%20a%20los%20referentes%20de%20*Miraflores*%20(donde%20ustedes%20destacan%20con%20%E2%AD%90%20*4.4*)%2C%20realizamos%20una%20auditor%C3%ADa%20t%C3%A9cnica%20gratuita%20a%20su%20web%20actual%20(*https%3A%2F%2Frestaurantealfresco.com%2F*).%0A%0ADetectamos%20algunos%20puntos%20cr%C3%ADticos%20que%20podr%C3%ADan%20estar%20frenando%20sus%20consultas%3A%0A%E2%80%A2%20URL%20inv%C3%A1lida%20o%20no%20registrada.%0A%0A%F0%9F%91%89%20*Dato%20clave%3A*%20El%2065%25%20de%20usuarios%20en%20Lima%20abandonan%20una%20web%20si%20no%20encuentran%20un%20bot%C3%B3n%20flotante%20de%20WhatsApp%20para%20consultar%20en%20el%20momento.%0A%0A%0APodemos%20modernizar%20su%20web%20para%20que%20cargue%20al%20instante%20y%20multiplique%20sus%20contactos%20por%20WhatsApp.%20%C2%BFLes%20gustar%C3%ADa%20que%20les%20enviemos%20el%20reporte%20t%C3%A9cnico%20completo%3F%20%F0%9F%93%8A"
"Canta Ranita",cevicherias,"Barranco",4.4,1242,936626401,REDESIGN_WEBSITE,canta-ranita.cevicherias.todolima.com,"https://wa.me/51936626401?text=Hola%20equipo%20de%20*Canta%20Ranita*%20%F0%9F%91%8B%2C%20gusto%20en%20saludarlos.%0A%0ALes%20escribimos%20desde%20*Todo%20Lima*.%20Al%20revisar%20a%20los%20referentes%20de%20*Barranco*%20(donde%20ustedes%20destacan%20con%20%E2%AD%90%20*4.4*)%2C%20realizamos%20una%20auditor%C3%ADa%20t%C3%A9cnica%20gratuita%20a%20su%20web%20actual%20(*http%3A%2F%2Fwww.cantarana.pe%2F*).%0A%0ADetectamos%20algunos%20puntos%20cr%C3%ADticos%20que%20podr%C3%ADan%20estar%20frenando%20sus%20consultas%3A%0A%E2%80%A2%20URL%20inv%C3%A1lida%20o%20no%20registrada.%0A%0A%F0%9F%91%89%20*Dato%20clave%3A*%20El%2065%25%20de%20usuarios%20en%20Lima%20abandonan%20una%20web%20si%20no%20encuentran%20un%20bot%C3%B3n%20flotante%20de%20WhatsApp%20para%20consultar%20en%20el%20momento.%0A%0A%0APodemos%20modernizar%20su%20web%20para%20que%20cargue%20al%20instante%20y%20multiplique%20sus%20contactos%20por%20WhatsApp.%20%C2%BFLes%20gustar%C3%ADa%20que%20les%20enviemos%20el%20reporte%20t%C3%A9cnico%20completo%3F%20%F0%9F%93%8A"
"La RAYA Barra Chiclayana - Lima",cevicherias,"Lima",4.4,1077,924589753,NEEDS_WEBSITE,la-raya-barra-chiclayana-lima.cevicherias.todolima.com,"https://wa.me/51924589753?text=Hola%20equipo%20de%20*La%20RAYA%20Barra%20Chiclayana%20-%20Lima*%20%F0%9F%91%8B%2C%20los%20saluda%20el%20equipo%20de%20*Todo%20Lima*%20(todolima.com).%0A%0AVimos%20que%20son%20uno%20de%20los%20negocios%20con%20mejor%20reputaci%C3%B3n%20en%20Google%20Maps%20en%20*Lima*%20(%E2%AD%90%20*4.4*%20con%201077%20opiniones)%20%C2%A1Felicitaciones%20por%20tan%20buen%20trabajo!%20%F0%9F%91%8F%0A%0ARevisamos%20su%20ficha%20y%20notamos%20que%20*a%C3%BAn%20no%20cuentan%20con%20una%20p%C3%A1gina%20web%20oficial*%20donde%20sus%20clientes%20puedan%20consultar%20sus%20servicios%20y%20agendar%20directamente%20por%20WhatsApp.%0A%0AEn%20*Todo%20Lima*%20creamos%20landing%20pages%20ultrarr%C3%A1pidas%20pensadas%20para%20negocios%20locales%3A%0A%E2%9C%85%20Subdominio%20verificado%3A%20*la-raya-barra-chiclayana-lima.cevicherias.todolima.com*%0A%E2%9C%85%20Bot%C3%B3n%20de%20WhatsApp%20directo%20para%20recibir%20pedidos%20y%20citas%20al%20instante%0A%E2%9C%85%20Mapa%20interactivo%20para%20que%20lleguen%20a%20su%20local%20en%20Lima%0A%E2%9C%85%20Carga%20en%20menos%20de%201%20segundo%20en%20celulares%0A%E2%9C%85%20Ficha%20destacada%20en%20el%20directorio%20todolima.com%0A%0APreparamos%20una%20demostraci%C3%B3n%20sin%20costo%20de%20c%C3%B3mo%20se%20ver%C3%ADa%20la%20web%20de%20*La%20RAYA%20Barra%20Chiclayana%20-%20Lima*.%20%C2%BFLes%20gustar%C3%ADa%20que%20les%20comparta%20el%20enlace%20de%20prueba%20por%20aqu%C3%AD%3F%20%F0%9F%9A%80"
"S'concha Barriada Cevichera",cevicherias,"Lima",4.4,916,970114145,NEEDS_WEBSITE,s-concha-barriada-cevichera.cevicherias.todolima.com,"https://wa.me/51970114145?text=Hola%20equipo%20de%20*S'concha%20Barriada%20Cevichera*%20%F0%9F%91%8B%2C%20los%20saluda%20el%20equipo%20de%20*Todo%20Lima*%20(todolima.com).%0A%0AVimos%20que%20son%20uno%20de%20los%20negocios%20con%20mejor%20reputaci%C3%B3n%20en%20Google%20Maps%20en%20*Lima*%20(%E2%AD%90%20*4.4*%20con%20916%20opiniones)%20%C2%A1Felicitaciones%20por%20tan%20buen%20trabajo!%20%F0%9F%91%8F%0A%0ARevisamos%20su%20ficha%20y%20notamos%20que%20*a%C3%BAn%20no%20cuentan%20con%20una%20p%C3%A1gina%20web%20oficial*%20donde%20sus%20clientes%20puedan%20consultar%20sus%20servicios%20y%20agendar%20directamente%20por%20WhatsApp.%0A%0AEn%20*Todo%20Lima*%20creamos%20landing%20pages%20ultrarr%C3%A1pidas%20pensadas%20para%20negocios%20locales%3A%0A%E2%9C%85%20Subdominio%20verificado%3A%20*s-concha-barriada-cevichera.cevicherias.todolima.com*%0A%E2%9C%85%20Bot%C3%B3n%20de%20WhatsApp%20directo%20para%20recibir%20pedidos%20y%20citas%20al%20instante%0A%E2%9C%85%20Mapa%20interactivo%20para%20que%20lleguen%20a%20su%20local%20en%20Lima%0A%E2%9C%85%20Carga%20en%20menos%20de%201%20segundo%20en%20celulares%0A%E2%9C%85%20Ficha%20destacada%20en%20el%20directorio%20todolima.com%0A%0APreparamos%20una%20demostraci%C3%B3n%20sin%20costo%20de%20c%C3%B3mo%20se%20ver%C3%ADa%20la%20web%20de%20*S'concha%20Barriada%20Cevichera*.%20%C2%BFLes%20gustar%C3%ADa%20que%20les%20comparta%20el%20enlace%20de%20prueba%20por%20aqu%C3%AD%3F%20%F0%9F%9A%80"
"Terminal Pesquero Cevichería Barranco",cevicherias,"Barranco",4.4,802,919280353,REDESIGN_WEBSITE,terminal-pesquero-cevicheria-b.cevicherias.todolima.com,"https://wa.me/51919280353?text=Hola%20equipo%20de%20*Terminal%20Pesquero%20Cevicher%C3%ADa%20Barranco*%20%F0%9F%91%8B%2C%20gusto%20en%20saludarlos.%0A%0ALes%20escribimos%20desde%20*Todo%20Lima*.%20Al%20revisar%20a%20los%20referentes%20de%20*Barranco*%20(donde%20ustedes%20destacan%20con%20%E2%AD%90%20*4.4*)%2C%20realizamos%20una%20auditor%C3%ADa%20t%C3%A9cnica%20gratuita%20a%20su%20web%20actual%20(*https%3A%2F%2Fterminalpesquero.com%2F*).%0A%0ADetectamos%20algunos%20puntos%20cr%C3%ADticos%20que%20podr%C3%ADan%20estar%20frenando%20sus%20consultas%3A%0A%E2%80%A2%20URL%20inv%C3%A1lida%20o%20no%20registrada.%0A%0A%F0%9F%91%89%20*Dato%20clave%3A*%20El%2065%25%20de%20usuarios%20en%20Lima%20abandonan%20una%20web%20si%20no%20encuentran%20un%20bot%C3%B3n%20flotante%20de%20WhatsApp%20para%20consultar%20en%20el%20momento.%0A%0A%0APodemos%20modernizar%20su%20web%20para%20que%20cargue%20al%20instante%20y%20multiplique%20sus%20contactos%20por%20WhatsApp.%20%C2%BFLes%20gustar%C3%ADa%20que%20les%20enviemos%20el%20reporte%20t%C3%A9cnico%20completo%3F%20%F0%9F%93%8A"
"Yamakawa Cevicheria Nikkei - Miraflores",cevicherias,"Miraflores",4.4,614,926806606,NEEDS_WEBSITE,yamakawa-cevicheria-nikkei-mir.cevicherias.todolima.com,"https://wa.me/51926806606?text=Hola%20equipo%20de%20*Yamakawa%20Cevicheria%20Nikkei%20-%20Miraflores*%20%F0%9F%91%8B%2C%20los%20saluda%20el%20equipo%20de%20*Todo%20Lima*%20(todolima.com).%0A%0AVimos%20que%20son%20uno%20de%20los%20negocios%20con%20mejor%20reputaci%C3%B3n%20en%20Google%20Maps%20en%20*Miraflores*%20(%E2%AD%90%20*4.4*%20con%20614%20opiniones)%20%C2%A1Felicitaciones%20por%20tan%20buen%20trabajo!%20%F0%9F%91%8F%0A%0ARevisamos%20su%20ficha%20y%20notamos%20que%20*a%C3%BAn%20no%20cuentan%20con%20una%20p%C3%A1gina%20web%20oficial*%20donde%20sus%20clientes%20puedan%20consultar%20sus%20servicios%20y%20agendar%20directamente%20por%20WhatsApp.%0A%0AEn%20*Todo%20Lima*%20creamos%20landing%20pages%20ultrarr%C3%A1pidas%20pensadas%20para%20negocios%20locales%3A%0A%E2%9C%85%20Subdominio%20verificado%3A%20*yamakawa-cevicheria-nikkei-mir.cevicherias.todolima.com*%0A%E2%9C%85%20Bot%C3%B3n%20de%20WhatsApp%20directo%20para%20recibir%20pedidos%20y%20citas%20al%20instante%0A%E2%9C%85%20Mapa%20interactivo%20para%20que%20lleguen%20a%20su%20local%20en%20Miraflores%0A%E2%9C%85%20Carga%20en%20menos%20de%201%20segundo%20en%20celulares%0A%E2%9C%85%20Ficha%20destacada%20en%20el%20directorio%20todolima.com%0A%0APreparamos%20una%20demostraci%C3%B3n%20sin%20costo%20de%20c%C3%B3mo%20se%20ver%C3%ADa%20la%20web%20de%20*Yamakawa%20Cevicheria%20Nikkei%20-%20Miraflores*.%20%C2%BFLes%20gustar%C3%ADa%20que%20les%20comparta%20el%20enlace%20de%20prueba%20por%20aqu%C3%AD%3F%20%F0%9F%9A%80"
"Perú 200 Cevichería Criolla",cevicherias,"Santiago de Surco",4.4,222,954280828,UPGRADE_SOCIAL,peru-200-cevicheria-criolla.cevicherias.todolima.com,"https://wa.me/51954280828?text=Hola%20equipo%20de%20*Per%C3%BA%20200%20Cevicher%C3%ADa%20Criolla*%20%F0%9F%91%8B%2C%20les%20escribe%20el%20equipo%20de%20*Todo%20Lima*.%0A%0ARevisamos%20su%20destacada%20presencia%20en%20Google%20Maps%20en%20*Santiago%20de%20Surco*%20(%E2%AD%90%20*4.4*%20estrellas).%20Notamos%20que%20su%20enlace%20de%20contacto%20actual%20es%20un%20perfil%20de%20*Instagram*.%0A%0AMuchos%20clientes%20que%20buscan%20servicios%20en%20Google%20prefieren%20una%20web%20r%C3%A1pida%20donde%20ver%20cat%C3%A1logo%2C%20fotos%20y%20tarifas%20sin%20tener%20que%20entrar%20a%20una%20red%20social%20o%20ver%20distracciones%20de%20la%20competencia.%0A%0A%C2%BFLes%20interesar%C3%ADa%20complementar%20su%20Instagram%20con%20una%20p%C3%A1gina%20web%20oficial%20(*peru-200-cevicheria-criolla.cevicherias.todolima.com*)%20con%20bot%C3%B3n%20directo%20a%20WhatsApp%20y%20presencia%20prioritaria%20en%20Todo%20Lima%3F%0A%0ATenemos%20una%20maqueta%20lista%20para%20mostrarles%20sin%20compromiso.%20%C2%BFSe%20las%20comparto%20por%20este%20medio%3F%20%F0%9F%93%B2"
"Wa Lok",chifas,"Miraflores",4.4,4119,984123645,NEEDS_WEBSITE,wa-lok.chifas.todolima.com,"https://wa.me/51984123645?text=Hola%20equipo%20de%20*Wa%20Lok*%20%F0%9F%91%8B%2C%20los%20saluda%20el%20equipo%20de%20*Todo%20Lima*%20(todolima.com).%0A%0AVimos%20que%20son%20uno%20de%20los%20negocios%20con%20mejor%20reputaci%C3%B3n%20en%20Google%20Maps%20en%20*Miraflores*%20(%E2%AD%90%20*4.4*%20con%204119%20opiniones)%20%C2%A1Felicitaciones%20por%20tan%20buen%20trabajo!%20%F0%9F%91%8F%0A%0ARevisamos%20su%20ficha%20y%20notamos%20que%20*a%C3%BAn%20no%20cuentan%20con%20una%20p%C3%A1gina%20web%20oficial*%20donde%20sus%20clientes%20puedan%20consultar%20sus%20servicios%20y%20agendar%20directamente%20por%20WhatsApp.%0A%0AEn%20*Todo%20Lima*%20creamos%20landing%20pages%20ultrarr%C3%A1pidas%20pensadas%20para%20negocios%20locales%3A%0A%E2%9C%85%20Subdominio%20verificado%3A%20*wa-lok.chifas.todolima.com*%0A%E2%9C%85%20Bot%C3%B3n%20de%20WhatsApp%20directo%20para%20recibir%20pedidos%20y%20citas%20al%20instante%0A%E2%9C%85%20Mapa%20interactivo%20para%20que%20lleguen%20a%20su%20local%20en%20Miraflores%0A%E2%9C%85%20Carga%20en%20menos%20de%201%20segundo%20en%20celulares%0A%E2%9C%85%20Ficha%20destacada%20en%20el%20directorio%20todolima.com%0A%0APreparamos%20una%20demostraci%C3%B3n%20sin%20costo%20de%20c%C3%B3mo%20se%20ver%C3%ADa%20la%20web%20de%20*Wa%20Lok*.%20%C2%BFLes%20gustar%C3%ADa%20que%20les%20comparta%20el%20enlace%20de%20prueba%20por%20aqu%C3%AD%3F%20%F0%9F%9A%80"
"Shi-Nua",chifas,"San Isidro",4.4,1712,981252156,REDESIGN_WEBSITE,shi-nua.chifas.todolima.com,"https://wa.me/51981252156?text=Hola%20equipo%20de%20*Shi-Nua*%20%F0%9F%91%8B%2C%20gusto%20en%20saludarlos.%0A%0ALes%20escribimos%20desde%20*Todo%20Lima*.%20Al%20revisar%20a%20los%20referentes%20de%20*San%20Isidro*%20(donde%20ustedes%20destacan%20con%20%E2%AD%90%20*4.4*)%2C%20realizamos%20una%20auditor%C3%ADa%20t%C3%A9cnica%20gratuita%20a%20su%20web%20actual%20(*https%3A%2F%2Fwww.shi-nua.com%2F*).%0A%0ADetectamos%20algunos%20puntos%20cr%C3%ADticos%20que%20podr%C3%ADan%20estar%20frenando%20sus%20consultas%3A%0A%E2%80%A2%20URL%20inv%C3%A1lida%20o%20no%20registrada.%0A%0A%F0%9F%91%89%20*Dato%20clave%3A*%20El%2065%25%20de%20usuarios%20en%20Lima%20abandonan%20una%20web%20si%20no%20encuentran%20un%20bot%C3%B3n%20flotante%20de%20WhatsApp%20para%20consultar%20en%20el%20momento.%0A%0A%0APodemos%20modernizar%20su%20web%20para%20que%20cargue%20al%20instante%20y%20multiplique%20sus%20contactos%20por%20WhatsApp.%20%C2%BFLes%20gustar%C3%ADa%20que%20les%20enviemos%20el%20reporte%20t%C3%A9cnico%20completo%3F%20%F0%9F%93%8A"
"Chifa Brillo El Sol",chifas,"Pueblo Libre",4.4,596,913496301,NEEDS_WEBSITE,chifa-brillo-el-sol.chifas.todolima.com,"https://wa.me/51913496301?text=Hola%20equipo%20de%20*Chifa%20Brillo%20El%20Sol*%20%F0%9F%91%8B%2C%20los%20saluda%20el%20equipo%20de%20*Todo%20Lima*%20(todolima.com).%0A%0AVimos%20que%20son%20uno%20de%20los%20negocios%20con%20mejor%20reputaci%C3%B3n%20en%20Google%20Maps%20en%20*Pueblo%20Libre*%20(%E2%AD%90%20*4.4*%20con%20596%20opiniones)%20%C2%A1Felicitaciones%20por%20tan%20buen%20trabajo!%20%F0%9F%91%8F%0A%0ARevisamos%20su%20ficha%20y%20notamos%20que%20*a%C3%BAn%20no%20cuentan%20con%20una%20p%C3%A1gina%20web%20oficial*%20donde%20sus%20clientes%20puedan%20consultar%20sus%20servicios%20y%20agendar%20directamente%20por%20WhatsApp.%0A%0AEn%20*Todo%20Lima*%20creamos%20landing%20pages%20ultrarr%C3%A1pidas%20pensadas%20para%20negocios%20locales%3A%0A%E2%9C%85%20Subdominio%20verificado%3A%20*chifa-brillo-el-sol.chifas.todolima.com*%0A%E2%9C%85%20Bot%C3%B3n%20de%20WhatsApp%20directo%20para%20recibir%20pedidos%20y%20citas%20al%20instante%0A%E2%9C%85%20Mapa%20interactivo%20para%20que%20lleguen%20a%20su%20local%20en%20Pueblo%20Libre%0A%E2%9C%85%20Carga%20en%20menos%20de%201%20segundo%20en%20celulares%0A%E2%9C%85%20Ficha%20destacada%20en%20el%20directorio%20todolima.com%0A%0APreparamos%20una%20demostraci%C3%B3n%20sin%20costo%20de%20c%C3%B3mo%20se%20ver%C3%ADa%20la%20web%20de%20*Chifa%20Brillo%20El%20Sol*.%20%C2%BFLes%20gustar%C3%ADa%20que%20les%20comparta%20el%20enlace%20de%20prueba%20por%20aqu%C3%AD%3F%20%F0%9F%9A%80"
"Chifa Asia",chifas,"Breña",4.4,119,963530478,NEEDS_WEBSITE,chifa-asia.chifas.todolima.com,"https://wa.me/51963530478?text=Hola%20equipo%20de%20*Chifa%20Asia*%20%F0%9F%91%8B%2C%20los%20saluda%20el%20equipo%20de%20*Todo%20Lima*%20(todolima.com).%0A%0AVimos%20que%20son%20uno%20de%20los%20negocios%20con%20mejor%20reputaci%C3%B3n%20en%20Google%20Maps%20en%20*Bre%C3%B1a*%20(%E2%AD%90%20*4.4*%20con%20119%20opiniones)%20%C2%A1Felicitaciones%20por%20tan%20buen%20trabajo!%20%F0%9F%91%8F%0A%0ARevisamos%20su%20ficha%20y%20notamos%20que%20*a%C3%BAn%20no%20cuentan%20con%20una%20p%C3%A1gina%20web%20oficial*%20donde%20sus%20clientes%20puedan%20consultar%20sus%20servicios%20y%20agendar%20directamente%20por%20WhatsApp.%0A%0AEn%20*Todo%20Lima*%20creamos%20landing%20pages%20ultrarr%C3%A1pidas%20pensadas%20para%20negocios%20locales%3A%0A%E2%9C%85%20Subdominio%20verificado%3A%20*chifa-asia.chifas.todolima.com*%0A%E2%9C%85%20Bot%C3%B3n%20de%20WhatsApp%20directo%20para%20recibir%20pedidos%20y%20citas%20al%20instante%0A%E2%9C%85%20Mapa%20interactivo%20para%20que%20lleguen%20a%20su%20local%20en%20Bre%C3%B1a%0A%E2%9C%85%20Carga%20en%20menos%20de%201%20segundo%20en%20celulares%0A%E2%9C%85%20Ficha%20destacada%20en%20el%20directorio%20todolima.com%0A%0APreparamos%20una%20demostraci%C3%B3n%20sin%20costo%20de%20c%C3%B3mo%20se%20ver%C3%ADa%20la%20web%20de%20*Chifa%20Asia*.%20%C2%BFLes%20gustar%C3%ADa%20que%20les%20comparta%20el%20enlace%20de%20prueba%20por%20aqu%C3%AD%3F%20%F0%9F%9A%80"
"Chifa Mey Jou",chifas,"Lima",4.4,81,943620419,NEEDS_WEBSITE,chifa-mey-jou.chifas.todolima.com,"https://wa.me/51943620419?text=Hola%20equipo%20de%20*Chifa%20Mey%20Jou*%20%F0%9F%91%8B%2C%20los%20saluda%20el%20equipo%20de%20*Todo%20Lima*%20(todolima.com).%0A%0AVimos%20que%20son%20uno%20de%20los%20negocios%20con%20mejor%20reputaci%C3%B3n%20en%20Google%20Maps%20en%20*Lima*%20(%E2%AD%90%20*4.4*%20con%2081%20opiniones)%20%C2%A1Felicitaciones%20por%20tan%20buen%20trabajo!%20%F0%9F%91%8F%0A%0ARevisamos%20su%20ficha%20y%20notamos%20que%20*a%C3%BAn%20no%20cuentan%20con%20una%20p%C3%A1gina%20web%20oficial*%20donde%20sus%20clientes%20puedan%20consultar%20sus%20servicios%20y%20agendar%20directamente%20por%20WhatsApp.%0A%0AEn%20*Todo%20Lima*%20creamos%20landing%20pages%20ultrarr%C3%A1pidas%20pensadas%20para%20negocios%20locales%3A%0A%E2%9C%85%20Subdominio%20verificado%3A%20*chifa-mey-jou.chifas.todolima.com*%0A%E2%9C%85%20Bot%C3%B3n%20de%20WhatsApp%20directo%20para%20recibir%20pedidos%20y%20citas%20al%20instante%0A%E2%9C%85%20Mapa%20interactivo%20para%20que%20lleguen%20a%20su%20local%20en%20Lima%0A%E2%9C%85%20Carga%20en%20menos%20de%201%20segundo%20en%20celulares%0A%E2%9C%85%20Ficha%20destacada%20en%20el%20directorio%20todolima.com%0A%0APreparamos%20una%20demostraci%C3%B3n%20sin%20costo%20de%20c%C3%B3mo%20se%20ver%C3%ADa%20la%20web%20de%20*Chifa%20Mey%20Jou*.%20%C2%BFLes%20gustar%C3%ADa%20que%20les%20comparta%20el%20enlace%20de%20prueba%20por%20aqu%C3%AD%3F%20%F0%9F%9A%80"
"Chifa Odeken Breña Mercado 3",chifas,"Breña",4.4,5,997253693,NEEDS_WEBSITE,chifa-odeken-brena-mercado-3.chifas.todolima.com,"https://wa.me/51997253693?text=Hola%20equipo%20de%20*Chifa%20Odeken%20Bre%C3%B1a%20Mercado%203*%20%F0%9F%91%8B%2C%20los%20saluda%20el%20equipo%20de%20*Todo%20Lima*%20(todolima.com).%0A%0AVimos%20que%20son%20uno%20de%20los%20negocios%20con%20mejor%20reputaci%C3%B3n%20en%20Google%20Maps%20en%20*Bre%C3%B1a*%20(%E2%AD%90%20*4.4*%20con%205%20opiniones)%20%C2%A1Felicitaciones%20por%20tan%20buen%20trabajo!%20%F0%9F%91%8F%0A%0ARevisamos%20su%20ficha%20y%20notamos%20que%20*a%C3%BAn%20no%20cuentan%20con%20una%20p%C3%A1gina%20web%20oficial*%20donde%20sus%20clientes%20puedan%20consultar%20sus%20servicios%20y%20agendar%20directamente%20por%20WhatsApp.%0A%0AEn%20*Todo%20Lima*%20creamos%20landing%20pages%20ultrarr%C3%A1pidas%20pensadas%20para%20negocios%20locales%3A%0A%E2%9C%85%20Subdominio%20verificado%3A%20*chifa-odeken-brena-mercado-3.chifas.todolima.com*%0A%E2%9C%85%20Bot%C3%B3n%20de%20WhatsApp%20directo%20para%20recibir%20pedidos%20y%20citas%20al%20instante%0A%E2%9C%85%20Mapa%20interactivo%20para%20que%20lleguen%20a%20su%20local%20en%20Bre%C3%B1a%0A%E2%9C%85%20Carga%20en%20menos%20de%201%20segundo%20en%20celulares%0A%E2%9C%85%20Ficha%20destacada%20en%20el%20directorio%20todolima.com%0A%0APreparamos%20una%20demostraci%C3%B3n%20sin%20costo%20de%20c%C3%B3mo%20se%20ver%C3%ADa%20la%20web%20de%20*Chifa%20Odeken%20Bre%C3%B1a%20Mercado%203*.%20%C2%BFLes%20gustar%C3%ADa%20que%20les%20comparta%20el%20enlace%20de%20prueba%20por%20aqu%C3%AD%3F%20%F0%9F%9A%80"
"Maxilofacial Peru",doctores,"Lima",4.4,73,952477808,REDESIGN_WEBSITE,maxilofacial-peru.doctores.todolima.com,"https://wa.me/51952477808?text=Hola%20equipo%20de%20*Maxilofacial%20Peru*%20%F0%9F%91%8B%2C%20gusto%20en%20saludarlos.%0A%0ALes%20escribimos%20desde%20*Todo%20Lima*.%20Al%20revisar%20a%20los%20referentes%20de%20*Lima*%20(donde%20ustedes%20destacan%20con%20%E2%AD%90%20*4.4*)%2C%20realizamos%20una%20auditor%C3%ADa%20t%C3%A9cnica%20gratuita%20a%20su%20web%20actual%20(*http%3A%2F%2Fwww.maxilofacialperu.com%2F*).%0A%0ADetectamos%20algunos%20puntos%20cr%C3%ADticos%20que%20podr%C3%ADan%20estar%20frenando%20sus%20consultas%3A%0A%E2%80%A2%20Sitio%20sin%20candado%20de%20seguridad%20SSL%20(HTTP%20no%20seguro).%0A%E2%80%A2%20No%20tiene%20etiqueta%20viewport%3A%20se%20ve%20diminuto%20y%20roto%20en%20tel%C3%A9fonos%20celulares.%0A%E2%80%A2%20Sin%20etiqueta%20de%20t%C3%ADtulo%20principal%20H1%20para%20posicionamiento%20org%C3%A1nico.%0A%0A%F0%9F%91%89%20*Dato%20clave%3A*%20El%2065%25%20de%20usuarios%20en%20Lima%20abandonan%20una%20web%20si%20no%20encuentran%20un%20bot%C3%B3n%20flotante%20de%20WhatsApp%20para%20consultar%20en%20el%20momento.%0A%0A%0APodemos%20modernizar%20su%20web%20para%20que%20cargue%20al%20instante%20y%20multiplique%20sus%20contactos%20por%20WhatsApp.%20%C2%BFLes%20gustar%C3%ADa%20que%20les%20enviemos%20el%20reporte%20t%C3%A9cnico%20completo%3F%20%F0%9F%93%8A"
"EsFisio Fisioterapia & Rehabilitación",fisioterapia,"Jesús María",4.4,25,985687071,NEEDS_WEBSITE,esfisio-fisioterapia-rehabilit.fisioterapia.todolima.com,"https://wa.me/51985687071?text=Hola%20equipo%20de%20*EsFisio%20Fisioterapia%20%26%20Rehabilitaci%C3%B3n*%20%F0%9F%91%8B%2C%20los%20saluda%20el%20equipo%20de%20*Todo%20Lima*%20(todolima.com).%0A%0AVimos%20que%20son%20uno%20de%20los%20negocios%20con%20mejor%20reputaci%C3%B3n%20en%20Google%20Maps%20en%20*Jes%C3%BAs%20Mar%C3%ADa*%20(%E2%AD%90%20*4.4*%20con%2025%20opiniones)%20%C2%A1Felicitaciones%20por%20tan%20buen%20trabajo!%20%F0%9F%91%8F%0A%0ARevisamos%20su%20ficha%20y%20notamos%20que%20*a%C3%BAn%20no%20cuentan%20con%20una%20p%C3%A1gina%20web%20oficial*%20donde%20sus%20clientes%20puedan%20consultar%20sus%20servicios%20y%20agendar%20directamente%20por%20WhatsApp.%0A%0AEn%20*Todo%20Lima*%20creamos%20landing%20pages%20ultrarr%C3%A1pidas%20pensadas%20para%20negocios%20locales%3A%0A%E2%9C%85%20Subdominio%20verificado%3A%20*esfisio-fisioterapia-rehabilit.fisioterapia.todolima.com*%0A%E2%9C%85%20Bot%C3%B3n%20de%20WhatsApp%20directo%20para%20recibir%20pedidos%20y%20citas%20al%20instante%0A%E2%9C%85%20Mapa%20interactivo%20para%20que%20lleguen%20a%20su%20local%20en%20Jes%C3%BAs%20Mar%C3%ADa%0A%E2%9C%85%20Carga%20en%20menos%20de%201%20segundo%20en%20celulares%0A%E2%9C%85%20Ficha%20destacada%20en%20el%20directorio%20todolima.com%0A%0APreparamos%20una%20demostraci%C3%B3n%20sin%20costo%20de%20c%C3%B3mo%20se%20ver%C3%ADa%20la%20web%20de%20*EsFisio%20Fisioterapia%20%26%20Rehabilitaci%C3%B3n*.%20%C2%BFLes%20gustar%C3%ADa%20que%20les%20comparta%20el%20enlace%20de%20prueba%20por%20aqu%C3%AD%3F%20%F0%9F%9A%80"
"Taller Automotriz de Planchado y Pintura",pintores,"Lima",4.4,10,995668240,NEEDS_WEBSITE,taller-automotriz-de-planchado.pintores.todolima.com,"https://wa.me/51995668240?text=Hola%20equipo%20de%20*Taller%20Automotriz%20de%20Planchado%20y%20Pintura*%20%F0%9F%91%8B%2C%20los%20saluda%20el%20equipo%20de%20*Todo%20Lima*%20(todolima.com).%0A%0AVimos%20que%20son%20uno%20de%20los%20negocios%20con%20mejor%20reputaci%C3%B3n%20en%20Google%20Maps%20en%20*Lima*%20(%E2%AD%90%20*4.4*%20con%2010%20opiniones)%20%C2%A1Felicitaciones%20por%20tan%20buen%20trabajo!%20%F0%9F%91%8F%0A%0ARevisamos%20su%20ficha%20y%20notamos%20que%20*a%C3%BAn%20no%20cuentan%20con%20una%20p%C3%A1gina%20web%20oficial*%20donde%20sus%20clientes%20puedan%20consultar%20sus%20servicios%20y%20agendar%20directamente%20por%20WhatsApp.%0A%0AEn%20*Todo%20Lima*%20creamos%20landing%20pages%20ultrarr%C3%A1pidas%20pensadas%20para%20negocios%20locales%3A%0A%E2%9C%85%20Subdominio%20verificado%3A%20*taller-automotriz-de-planchado.pintores.todolima.com*%0A%E2%9C%85%20Bot%C3%B3n%20de%20WhatsApp%20directo%20para%20recibir%20pedidos%20y%20citas%20al%20instante%0A%E2%9C%85%20Mapa%20interactivo%20para%20que%20lleguen%20a%20su%20local%20en%20Lima%0A%E2%9C%85%20Carga%20en%20menos%20de%201%20segundo%20en%20celulares%0A%E2%9C%85%20Ficha%20destacada%20en%20el%20directorio%20todolima.com%0A%0APreparamos%20una%20demostraci%C3%B3n%20sin%20costo%20de%20c%C3%B3mo%20se%20ver%C3%ADa%20la%20web%20de%20*Taller%20Automotriz%20de%20Planchado%20y%20Pintura*.%20%C2%BFLes%20gustar%C3%ADa%20que%20les%20comparta%20el%20enlace%20de%20prueba%20por%20aqu%C3%AD%3F%20%F0%9F%9A%80"
"Mathiso",pintores,"Lima",4.4,7,988007434,NEEDS_WEBSITE,mathiso.pintores.todolima.com,"https://wa.me/51988007434?text=Hola%20equipo%20de%20*Mathiso*%20%F0%9F%91%8B%2C%20los%20saluda%20el%20equipo%20de%20*Todo%20Lima*%20(todolima.com).%0A%0AVimos%20que%20son%20uno%20de%20los%20negocios%20con%20mejor%20reputaci%C3%B3n%20en%20Google%20Maps%20en%20*Lima*%20(%E2%AD%90%20*4.4*%20con%207%20opiniones)%20%C2%A1Felicitaciones%20por%20tan%20buen%20trabajo!%20%F0%9F%91%8F%0A%0ARevisamos%20su%20ficha%20y%20notamos%20que%20*a%C3%BAn%20no%20cuentan%20con%20una%20p%C3%A1gina%20web%20oficial*%20donde%20sus%20clientes%20puedan%20consultar%20sus%20servicios%20y%20agendar%20directamente%20por%20WhatsApp.%0A%0AEn%20*Todo%20Lima*%20creamos%20landing%20pages%20ultrarr%C3%A1pidas%20pensadas%20para%20negocios%20locales%3A%0A%E2%9C%85%20Subdominio%20verificado%3A%20*mathiso.pintores.todolima.com*%0A%E2%9C%85%20Bot%C3%B3n%20de%20WhatsApp%20directo%20para%20recibir%20pedidos%20y%20citas%20al%20instante%0A%E2%9C%85%20Mapa%20interactivo%20para%20que%20lleguen%20a%20su%20local%20en%20Lima%0A%E2%9C%85%20Carga%20en%20menos%20de%201%20segundo%20en%20celulares%0A%E2%9C%85%20Ficha%20destacada%20en%20el%20directorio%20todolima.com%0A%0APreparamos%20una%20demostraci%C3%B3n%20sin%20costo%20de%20c%C3%B3mo%20se%20ver%C3%ADa%20la%20web%20de%20*Mathiso*.%20%C2%BFLes%20gustar%C3%ADa%20que%20les%20comparta%20el%20enlace%20de%20prueba%20por%20aqu%C3%AD%3F%20%F0%9F%9A%80"
"Antica Pizzería",pizzerias,"San Isidro",4.4,2981,994272181,REDESIGN_WEBSITE,antica-pizzeria.pizzerias.todolima.com,"https://wa.me/51994272181?text=Hola%20equipo%20de%20*Antica%20Pizzer%C3%ADa*%20%F0%9F%91%8B%2C%20gusto%20en%20saludarlos.%0A%0ALes%20escribimos%20desde%20*Todo%20Lima*.%20Al%20revisar%20a%20los%20referentes%20de%20*San%20Isidro*%20(donde%20ustedes%20destacan%20con%20%E2%AD%90%20*4.4*)%2C%20realizamos%20una%20auditor%C3%ADa%20t%C3%A9cnica%20gratuita%20a%20su%20web%20actual%20(*http%3A%2F%2Fwww.anticapizzeria.com.pe%2F*).%0A%0ADetectamos%20algunos%20puntos%20cr%C3%ADticos%20que%20podr%C3%ADan%20estar%20frenando%20sus%20consultas%3A%0A%E2%80%A2%20URL%20inv%C3%A1lida%20o%20no%20registrada.%0A%0A%F0%9F%91%89%20*Dato%20clave%3A*%20El%2065%25%20de%20usuarios%20en%20Lima%20abandonan%20una%20web%20si%20no%20encuentran%20un%20bot%C3%B3n%20flotante%20de%20WhatsApp%20para%20consultar%20en%20el%20momento.%0A%0A%0APodemos%20modernizar%20su%20web%20para%20que%20cargue%20al%20instante%20y%20multiplique%20sus%20contactos%20por%20WhatsApp.%20%C2%BFLes%20gustar%C3%ADa%20que%20les%20enviemos%20el%20reporte%20t%C3%A9cnico%20completo%3F%20%F0%9F%93%8A"
"500 GRADOS by Jaime Pesaque",pizzerias,"San Isidro",4.4,2232,954604536,REDESIGN_WEBSITE,500-grados-by-jaime-pesaque.pizzerias.todolima.com,"https://wa.me/51954604536?text=Hola%20equipo%20de%20*500%20GRADOS%20by%20Jaime%20Pesaque*%20%F0%9F%91%8B%2C%20gusto%20en%20saludarlos.%0A%0ALes%20escribimos%20desde%20*Todo%20Lima*.%20Al%20revisar%20a%20los%20referentes%20de%20*San%20Isidro*%20(donde%20ustedes%20destacan%20con%20%E2%AD%90%20*4.4*)%2C%20realizamos%20una%20auditor%C3%ADa%20t%C3%A9cnica%20gratuita%20a%20su%20web%20actual%20(*https%3A%2F%2F500grados.com%2F*).%0A%0ADetectamos%20algunos%20puntos%20cr%C3%ADticos%20que%20podr%C3%ADan%20estar%20frenando%20sus%20consultas%3A%0A%E2%80%A2%20URL%20inv%C3%A1lida%20o%20no%20registrada.%0A%0A%F0%9F%91%89%20*Dato%20clave%3A*%20El%2065%25%20de%20usuarios%20en%20Lima%20abandonan%20una%20web%20si%20no%20encuentran%20un%20bot%C3%B3n%20flotante%20de%20WhatsApp%20para%20consultar%20en%20el%20momento.%0A%0A%0APodemos%20modernizar%20su%20web%20para%20que%20cargue%20al%20instante%20y%20multiplique%20sus%20contactos%20por%20WhatsApp.%20%C2%BFLes%20gustar%C3%ADa%20que%20les%20enviemos%20el%20reporte%20t%C3%A9cnico%20completo%3F%20%F0%9F%93%8A"
"Morelia Pizza a la Parrilla",pizzerias,"Miraflores",4.4,1406,987940033,REDESIGN_WEBSITE,morelia-pizza-a-la-parrilla.pizzerias.todolima.com,"https://wa.me/51987940033?text=Hola%20equipo%20de%20*Morelia%20Pizza%20a%20la%20Parrilla*%20%F0%9F%91%8B%2C%20gusto%20en%20saludarlos.%0A%0ALes%20escribimos%20desde%20*Todo%20Lima*.%20Al%20revisar%20a%20los%20referentes%20de%20*Miraflores*%20(donde%20ustedes%20destacan%20con%20%E2%AD%90%20*4.4*)%2C%20realizamos%20una%20auditor%C3%ADa%20t%C3%A9cnica%20gratuita%20a%20su%20web%20actual%20(*http%3A%2F%2Fmorelia.pe%2F*).%0A%0ADetectamos%20algunos%20puntos%20cr%C3%ADticos%20que%20podr%C3%ADan%20estar%20frenando%20sus%20consultas%3A%0A%E2%80%A2%20URL%20inv%C3%A1lida%20o%20no%20registrada.%0A%0A%F0%9F%91%89%20*Dato%20clave%3A*%20El%2065%25%20de%20usuarios%20en%20Lima%20abandonan%20una%20web%20si%20no%20encuentran%20un%20bot%C3%B3n%20flotante%20de%20WhatsApp%20para%20consultar%20en%20el%20momento.%0A%0A%0APodemos%20modernizar%20su%20web%20para%20que%20cargue%20al%20instante%20y%20multiplique%20sus%20contactos%20por%20WhatsApp.%20%C2%BFLes%20gustar%C3%ADa%20que%20les%20enviemos%20el%20reporte%20t%C3%A9cnico%20completo%3F%20%F0%9F%93%8A"
"La Linterna",pizzerias,"Lima",4.4,1127,999922744,REDESIGN_WEBSITE,la-linterna.pizzerias.todolima.com,"https://wa.me/51999922744?text=Hola%20equipo%20de%20*La%20Linterna*%20%F0%9F%91%8B%2C%20gusto%20en%20saludarlos.%0A%0ALes%20escribimos%20desde%20*Todo%20Lima*.%20Al%20revisar%20a%20los%20referentes%20de%20*Lima*%20(donde%20ustedes%20destacan%20con%20%E2%AD%90%20*4.4*)%2C%20realizamos%20una%20auditor%C3%ADa%20t%C3%A9cnica%20gratuita%20a%20su%20web%20actual%20(*http%3A%2F%2Fwww.pizzerialalinterna.com%2F*).%0A%0ADetectamos%20algunos%20puntos%20cr%C3%ADticos%20que%20podr%C3%ADan%20estar%20frenando%20sus%20consultas%3A%0A%E2%80%A2%20URL%20inv%C3%A1lida%20o%20no%20registrada.%0A%0A%F0%9F%91%89%20*Dato%20clave%3A*%20El%2065%25%20de%20usuarios%20en%20Lima%20abandonan%20una%20web%20si%20no%20encuentran%20un%20bot%C3%B3n%20flotante%20de%20WhatsApp%20para%20consultar%20en%20el%20momento.%0A%0A%0APodemos%20modernizar%20su%20web%20para%20que%20cargue%20al%20instante%20y%20multiplique%20sus%20contactos%20por%20WhatsApp.%20%C2%BFLes%20gustar%C3%ADa%20que%20les%20enviemos%20el%20reporte%20t%C3%A9cnico%20completo%3F%20%F0%9F%93%8A"
"Troppo Restaurante",pizzerias,"San Isidro",4.4,982,941496527,REDESIGN_WEBSITE,troppo-restaurante.pizzerias.todolima.com,"https://wa.me/51941496527?text=Hola%20equipo%20de%20*Troppo%20Restaurante*%20%F0%9F%91%8B%2C%20gusto%20en%20saludarlos.%0A%0ALes%20escribimos%20desde%20*Todo%20Lima*.%20Al%20revisar%20a%20los%20referentes%20de%20*San%20Isidro*%20(donde%20ustedes%20destacan%20con%20%E2%AD%90%20*4.4*)%2C%20realizamos%20una%20auditor%C3%ADa%20t%C3%A9cnica%20gratuita%20a%20su%20web%20actual%20(*http%3A%2F%2Fwww.troppo-lima.com%2F*).%0A%0ADetectamos%20algunos%20puntos%20cr%C3%ADticos%20que%20podr%C3%ADan%20estar%20frenando%20sus%20consultas%3A%0A%E2%80%A2%20URL%20inv%C3%A1lida%20o%20no%20registrada.%0A%0A%F0%9F%91%89%20*Dato%20clave%3A*%20El%2065%25%20de%20usuarios%20en%20Lima%20abandonan%20una%20web%20si%20no%20encuentran%20un%20bot%C3%B3n%20flotante%20de%20WhatsApp%20para%20consultar%20en%20el%20momento.%0A%0A%0APodemos%20modernizar%20su%20web%20para%20que%20cargue%20al%20instante%20y%20multiplique%20sus%20contactos%20por%20WhatsApp.%20%C2%BFLes%20gustar%C3%ADa%20que%20les%20enviemos%20el%20reporte%20t%C3%A9cnico%20completo%3F%20%F0%9F%93%8A"
"Papagiani",pizzerias,"Miraflores",4.4,954,992501700,UPGRADE_SOCIAL,papagiani.pizzerias.todolima.com,"https://wa.me/51992501700?text=Hola%20equipo%20de%20*Papagiani*%20%F0%9F%91%8B%2C%20les%20escribe%20el%20equipo%20de%20*Todo%20Lima*.%0A%0ARevisamos%20su%20destacada%20presencia%20en%20Google%20Maps%20en%20*Miraflores*%20(%E2%AD%90%20*4.4*%20estrellas).%20Notamos%20que%20su%20enlace%20de%20contacto%20actual%20es%20un%20perfil%20de%20*Instagram*.%0A%0AMuchos%20clientes%20que%20buscan%20servicios%20en%20Google%20prefieren%20una%20web%20r%C3%A1pida%20donde%20ver%20cat%C3%A1logo%2C%20fotos%20y%20tarifas%20sin%20tener%20que%20entrar%20a%20una%20red%20social%20o%20ver%20distracciones%20de%20la%20competencia.%0A%0A%C2%BFLes%20interesar%C3%ADa%20complementar%20su%20Instagram%20con%20una%20p%C3%A1gina%20web%20oficial%20(*papagiani.pizzerias.todolima.com*)%20con%20bot%C3%B3n%20directo%20a%20WhatsApp%20y%20presencia%20prioritaria%20en%20Todo%20Lima%3F%0A%0ATenemos%20una%20maqueta%20lista%20para%20mostrarles%20sin%20compromiso.%20%C2%BFSe%20las%20comparto%20por%20este%20medio%3F%20%F0%9F%93%B2"
"Il Piccolo Pomodoro",pizzerias,"Lima",4.4,856,920741600,NEEDS_WEBSITE,il-piccolo-pomodoro.pizzerias.todolima.com,"https://wa.me/51920741600?text=Hola%20equipo%20de%20*Il%20Piccolo%20Pomodoro*%20%F0%9F%91%8B%2C%20los%20saluda%20el%20equipo%20de%20*Todo%20Lima*%20(todolima.com).%0A%0AVimos%20que%20son%20uno%20de%20los%20negocios%20con%20mejor%20reputaci%C3%B3n%20en%20Google%20Maps%20en%20*Lima*%20(%E2%AD%90%20*4.4*%20con%20856%20opiniones)%20%C2%A1Felicitaciones%20por%20tan%20buen%20trabajo!%20%F0%9F%91%8F%0A%0ARevisamos%20su%20ficha%20y%20notamos%20que%20*a%C3%BAn%20no%20cuentan%20con%20una%20p%C3%A1gina%20web%20oficial*%20donde%20sus%20clientes%20puedan%20consultar%20sus%20servicios%20y%20agendar%20directamente%20por%20WhatsApp.%0A%0AEn%20*Todo%20Lima*%20creamos%20landing%20pages%20ultrarr%C3%A1pidas%20pensadas%20para%20negocios%20locales%3A%0A%E2%9C%85%20Subdominio%20verificado%3A%20*il-piccolo-pomodoro.pizzerias.todolima.com*%0A%E2%9C%85%20Bot%C3%B3n%20de%20WhatsApp%20directo%20para%20recibir%20pedidos%20y%20citas%20al%20instante%0A%E2%9C%85%20Mapa%20interactivo%20para%20que%20lleguen%20a%20su%20local%20en%20Lima%0A%E2%9C%85%20Carga%20en%20menos%20de%201%20segundo%20en%20celulares%0A%E2%9C%85%20Ficha%20destacada%20en%20el%20directorio%20todolima.com%0A%0APreparamos%20una%20demostraci%C3%B3n%20sin%20costo%20de%20c%C3%B3mo%20se%20ver%C3%ADa%20la%20web%20de%20*Il%20Piccolo%20Pomodoro*.%20%C2%BFLes%20gustar%C3%ADa%20que%20les%20comparta%20el%20enlace%20de%20prueba%20por%20aqu%C3%AD%3F%20%F0%9F%9A%80"
"Trattoria y pizzeria Napoli",pizzerias,"Lima",4.4,725,970611504,NEEDS_WEBSITE,trattoria-y-pizzeria-napoli.pizzerias.todolima.com,"https://wa.me/51970611504?text=Hola%20equipo%20de%20*Trattoria%20y%20pizzeria%20Napoli*%20%F0%9F%91%8B%2C%20los%20saluda%20el%20equipo%20de%20*Todo%20Lima*%20(todolima.com).%0A%0AVimos%20que%20son%20uno%20de%20los%20negocios%20con%20mejor%20reputaci%C3%B3n%20en%20Google%20Maps%20en%20*Lima*%20(%E2%AD%90%20*4.4*%20con%20725%20opiniones)%20%C2%A1Felicitaciones%20por%20tan%20buen%20trabajo!%20%F0%9F%91%8F%0A%0ARevisamos%20su%20ficha%20y%20notamos%20que%20*a%C3%BAn%20no%20cuentan%20con%20una%20p%C3%A1gina%20web%20oficial*%20donde%20sus%20clientes%20puedan%20consultar%20sus%20servicios%20y%20agendar%20directamente%20por%20WhatsApp.%0A%0AEn%20*Todo%20Lima*%20creamos%20landing%20pages%20ultrarr%C3%A1pidas%20pensadas%20para%20negocios%20locales%3A%0A%E2%9C%85%20Subdominio%20verificado%3A%20*trattoria-y-pizzeria-napoli.pizzerias.todolima.com*%0A%E2%9C%85%20Bot%C3%B3n%20de%20WhatsApp%20directo%20para%20recibir%20pedidos%20y%20citas%20al%20instante%0A%E2%9C%85%20Mapa%20interactivo%20para%20que%20lleguen%20a%20su%20local%20en%20Lima%0A%E2%9C%85%20Carga%20en%20menos%20de%201%20segundo%20en%20celulares%0A%E2%9C%85%20Ficha%20destacada%20en%20el%20directorio%20todolima.com%0A%0APreparamos%20una%20demostraci%C3%B3n%20sin%20costo%20de%20c%C3%B3mo%20se%20ver%C3%ADa%20la%20web%20de%20*Trattoria%20y%20pizzeria%20Napoli*.%20%C2%BFLes%20gustar%C3%ADa%20que%20les%20comparta%20el%20enlace%20de%20prueba%20por%20aqu%C3%AD%3F%20%F0%9F%9A%80"
"La Tostadora Café",pizzerias,"Barranco",4.4,639,938321549,REDESIGN_WEBSITE,la-tostadora-cafe.pizzerias.todolima.com,"https://wa.me/51938321549?text=Hola%20equipo%20de%20*La%20Tostadora%20Caf%C3%A9*%20%F0%9F%91%8B%2C%20gusto%20en%20saludarlos.%0A%0ALes%20escribimos%20desde%20*Todo%20Lima*.%20Al%20revisar%20a%20los%20referentes%20de%20*Barranco*%20(donde%20ustedes%20destacan%20con%20%E2%AD%90%20*4.4*)%2C%20realizamos%20una%20auditor%C3%ADa%20t%C3%A9cnica%20gratuita%20a%20su%20web%20actual%20(*http%3A%2F%2Fwww.latostadoracafe.com%2F*).%0A%0ADetectamos%20algunos%20puntos%20cr%C3%ADticos%20que%20podr%C3%ADan%20estar%20frenando%20sus%20consultas%3A%0A%E2%80%A2%20URL%20inv%C3%A1lida%20o%20no%20registrada.%0A%0A%F0%9F%91%89%20*Dato%20clave%3A*%20El%2065%25%20de%20usuarios%20en%20Lima%20abandonan%20una%20web%20si%20no%20encuentran%20un%20bot%C3%B3n%20flotante%20de%20WhatsApp%20para%20consultar%20en%20el%20momento.%0A%0A%0APodemos%20modernizar%20su%20web%20para%20que%20cargue%20al%20instante%20y%20multiplique%20sus%20contactos%20por%20WhatsApp.%20%C2%BFLes%20gustar%C3%ADa%20que%20les%20enviemos%20el%20reporte%20t%C3%A9cnico%20completo%3F%20%F0%9F%93%8A"
"Zarelle - Pizzería & Trattoría",pizzerias,"Jesús María",4.4,554,908904956,UPGRADE_SOCIAL,zarelle-pizzeria-trattoria.pizzerias.todolima.com,"https://wa.me/51908904956?text=Hola%20equipo%20de%20*Zarelle%20-%20Pizzer%C3%ADa%20%26%20Trattor%C3%ADa*%20%F0%9F%91%8B%2C%20les%20escribe%20el%20equipo%20de%20*Todo%20Lima*.%0A%0ARevisamos%20su%20destacada%20presencia%20en%20Google%20Maps%20en%20*Jes%C3%BAs%20Mar%C3%ADa*%20(%E2%AD%90%20*4.4*%20estrellas).%20Notamos%20que%20su%20enlace%20de%20contacto%20actual%20es%20un%20perfil%20de%20*Facebook*.%0A%0AMuchos%20clientes%20que%20buscan%20servicios%20en%20Google%20prefieren%20una%20web%20r%C3%A1pida%20donde%20ver%20cat%C3%A1logo%2C%20fotos%20y%20tarifas%20sin%20tener%20que%20entrar%20a%20una%20red%20social%20o%20ver%20distracciones%20de%20la%20competencia.%0A%0A%C2%BFLes%20interesar%C3%ADa%20complementar%20su%20Facebook%20con%20una%20p%C3%A1gina%20web%20oficial%20(*zarelle-pizzeria-trattoria.pizzerias.todolima.com*)%20con%20bot%C3%B3n%20directo%20a%20WhatsApp%20y%20presencia%20prioritaria%20en%20Todo%20Lima%3F%0A%0ATenemos%20una%20maqueta%20lista%20para%20mostrarles%20sin%20compromiso.%20%C2%BFSe%20las%20comparto%20por%20este%20medio%3F%20%F0%9F%93%B2"
"Passione Italiana",pizzerias,"Lima",4.4,423,964148410,NEEDS_WEBSITE,passione-italiana.pizzerias.todolima.com,"https://wa.me/51964148410?text=Hola%20equipo%20de%20*Passione%20Italiana*%20%F0%9F%91%8B%2C%20los%20saluda%20el%20equipo%20de%20*Todo%20Lima*%20(todolima.com).%0A%0AVimos%20que%20son%20uno%20de%20los%20negocios%20con%20mejor%20reputaci%C3%B3n%20en%20Google%20Maps%20en%20*Lima*%20(%E2%AD%90%20*4.4*%20con%20423%20opiniones)%20%C2%A1Felicitaciones%20por%20tan%20buen%20trabajo!%20%F0%9F%91%8F%0A%0ARevisamos%20su%20ficha%20y%20notamos%20que%20*a%C3%BAn%20no%20cuentan%20con%20una%20p%C3%A1gina%20web%20oficial*%20donde%20sus%20clientes%20puedan%20consultar%20sus%20servicios%20y%20agendar%20directamente%20por%20WhatsApp.%0A%0AEn%20*Todo%20Lima*%20creamos%20landing%20pages%20ultrarr%C3%A1pidas%20pensadas%20para%20negocios%20locales%3A%0A%E2%9C%85%20Subdominio%20verificado%3A%20*passione-italiana.pizzerias.todolima.com*%0A%E2%9C%85%20Bot%C3%B3n%20de%20WhatsApp%20directo%20para%20recibir%20pedidos%20y%20citas%20al%20instante%0A%E2%9C%85%20Mapa%20interactivo%20para%20que%20lleguen%20a%20su%20local%20en%20Lima%0A%E2%9C%85%20Carga%20en%20menos%20de%201%20segundo%20en%20celulares%0A%E2%9C%85%20Ficha%20destacada%20en%20el%20directorio%20todolima.com%0A%0APreparamos%20una%20demostraci%C3%B3n%20sin%20costo%20de%20c%C3%B3mo%20se%20ver%C3%ADa%20la%20web%20de%20*Passione%20Italiana*.%20%C2%BFLes%20gustar%C3%ADa%20que%20les%20comparta%20el%20enlace%20de%20prueba%20por%20aqu%C3%AD%3F%20%F0%9F%9A%80"
"Pizzería Zarelle - Surco",pizzerias,"Santiago de Surco",4.4,378,934233943,NEEDS_WEBSITE,pizzeria-zarelle-surco.pizzerias.todolima.com,"https://wa.me/51934233943?text=Hola%20equipo%20de%20*Pizzer%C3%ADa%20Zarelle%20-%20Surco*%20%F0%9F%91%8B%2C%20los%20saluda%20el%20equipo%20de%20*Todo%20Lima*%20(todolima.com).%0A%0AVimos%20que%20son%20uno%20de%20los%20negocios%20con%20mejor%20reputaci%C3%B3n%20en%20Google%20Maps%20en%20*Santiago%20de%20Surco*%20(%E2%AD%90%20*4.4*%20con%20378%20opiniones)%20%C2%A1Felicitaciones%20por%20tan%20buen%20trabajo!%20%F0%9F%91%8F%0A%0ARevisamos%20su%20ficha%20y%20notamos%20que%20*a%C3%BAn%20no%20cuentan%20con%20una%20p%C3%A1gina%20web%20oficial*%20donde%20sus%20clientes%20puedan%20consultar%20sus%20servicios%20y%20agendar%20directamente%20por%20WhatsApp.%0A%0AEn%20*Todo%20Lima*%20creamos%20landing%20pages%20ultrarr%C3%A1pidas%20pensadas%20para%20negocios%20locales%3A%0A%E2%9C%85%20Subdominio%20verificado%3A%20*pizzeria-zarelle-surco.pizzerias.todolima.com*%0A%E2%9C%85%20Bot%C3%B3n%20de%20WhatsApp%20directo%20para%20recibir%20pedidos%20y%20citas%20al%20instante%0A%E2%9C%85%20Mapa%20interactivo%20para%20que%20lleguen%20a%20su%20local%20en%20Santiago%20de%20Surco%0A%E2%9C%85%20Carga%20en%20menos%20de%201%20segundo%20en%20celulares%0A%E2%9C%85%20Ficha%20destacada%20en%20el%20directorio%20todolima.com%0A%0APreparamos%20una%20demostraci%C3%B3n%20sin%20costo%20de%20c%C3%B3mo%20se%20ver%C3%ADa%20la%20web%20de%20*Pizzer%C3%ADa%20Zarelle%20-%20Surco*.%20%C2%BFLes%20gustar%C3%ADa%20que%20les%20comparta%20el%20enlace%20de%20prueba%20por%20aqu%C3%AD%3F%20%F0%9F%9A%80"
"La Caleta Pizzas & Pastas",pizzerias,"Miraflores",4.4,376,981033436,REDESIGN_WEBSITE,la-caleta-pizzas-pastas.pizzerias.todolima.com,"https://wa.me/51981033436?text=Hola%20equipo%20de%20*La%20Caleta%20Pizzas%20%26%20Pastas*%20%F0%9F%91%8B%2C%20gusto%20en%20saludarlos.%0A%0ALes%20escribimos%20desde%20*Todo%20Lima*.%20Al%20revisar%20a%20los%20referentes%20de%20*Miraflores*%20(donde%20ustedes%20destacan%20con%20%E2%AD%90%20*4.4*)%2C%20realizamos%20una%20auditor%C3%ADa%20t%C3%A9cnica%20gratuita%20a%20su%20web%20actual%20(*http%3A%2F%2Fwww.lacaletapizzeria.com%2F*).%0A%0ADetectamos%20algunos%20puntos%20cr%C3%ADticos%20que%20podr%C3%ADan%20estar%20frenando%20sus%20consultas%3A%0A%E2%80%A2%20URL%20inv%C3%A1lida%20o%20no%20registrada.%0A%0A%F0%9F%91%89%20*Dato%20clave%3A*%20El%2065%25%20de%20usuarios%20en%20Lima%20abandonan%20una%20web%20si%20no%20encuentran%20un%20bot%C3%B3n%20flotante%20de%20WhatsApp%20para%20consultar%20en%20el%20momento.%0A%0A%0APodemos%20modernizar%20su%20web%20para%20que%20cargue%20al%20instante%20y%20multiplique%20sus%20contactos%20por%20WhatsApp.%20%C2%BFLes%20gustar%C3%ADa%20que%20les%20enviemos%20el%20reporte%20t%C3%A9cnico%20completo%3F%20%F0%9F%93%8A"
"Me Gusta Italiano",pizzerias,"Lince",4.4,294,923853445,NEEDS_WEBSITE,me-gusta-italiano.pizzerias.todolima.com,"https://wa.me/51923853445?text=Hola%20equipo%20de%20*Me%20Gusta%20Italiano*%20%F0%9F%91%8B%2C%20los%20saluda%20el%20equipo%20de%20*Todo%20Lima*%20(todolima.com).%0A%0AVimos%20que%20son%20uno%20de%20los%20negocios%20con%20mejor%20reputaci%C3%B3n%20en%20Google%20Maps%20en%20*Lince*%20(%E2%AD%90%20*4.4*%20con%20294%20opiniones)%20%C2%A1Felicitaciones%20por%20tan%20buen%20trabajo!%20%F0%9F%91%8F%0A%0ARevisamos%20su%20ficha%20y%20notamos%20que%20*a%C3%BAn%20no%20cuentan%20con%20una%20p%C3%A1gina%20web%20oficial*%20donde%20sus%20clientes%20puedan%20consultar%20sus%20servicios%20y%20agendar%20directamente%20por%20WhatsApp.%0A%0AEn%20*Todo%20Lima*%20creamos%20landing%20pages%20ultrarr%C3%A1pidas%20pensadas%20para%20negocios%20locales%3A%0A%E2%9C%85%20Subdominio%20verificado%3A%20*me-gusta-italiano.pizzerias.todolima.com*%0A%E2%9C%85%20Bot%C3%B3n%20de%20WhatsApp%20directo%20para%20recibir%20pedidos%20y%20citas%20al%20instante%0A%E2%9C%85%20Mapa%20interactivo%20para%20que%20lleguen%20a%20su%20local%20en%20Lince%0A%E2%9C%85%20Carga%20en%20menos%20de%201%20segundo%20en%20celulares%0A%E2%9C%85%20Ficha%20destacada%20en%20el%20directorio%20todolima.com%0A%0APreparamos%20una%20demostraci%C3%B3n%20sin%20costo%20de%20c%C3%B3mo%20se%20ver%C3%ADa%20la%20web%20de%20*Me%20Gusta%20Italiano*.%20%C2%BFLes%20gustar%C3%ADa%20que%20les%20comparta%20el%20enlace%20de%20prueba%20por%20aqu%C3%AD%3F%20%F0%9F%9A%80"
"La Molinera Pizzería & Bar",pizzerias,"Lima",4.4,275,922605777,UPGRADE_SOCIAL,la-molinera-pizzeria-bar.pizzerias.todolima.com,"https://wa.me/51922605777?text=Hola%20equipo%20de%20*La%20Molinera%20Pizzer%C3%ADa%20%26%20Bar*%20%F0%9F%91%8B%2C%20les%20escribe%20el%20equipo%20de%20*Todo%20Lima*.%0A%0ARevisamos%20su%20destacada%20presencia%20en%20Google%20Maps%20en%20*Lima*%20(%E2%AD%90%20*4.4*%20estrellas).%20Notamos%20que%20su%20enlace%20de%20contacto%20actual%20es%20un%20perfil%20de%20*Instagram*.%0A%0AMuchos%20clientes%20que%20buscan%20servicios%20en%20Google%20prefieren%20una%20web%20r%C3%A1pida%20donde%20ver%20cat%C3%A1logo%2C%20fotos%20y%20tarifas%20sin%20tener%20que%20entrar%20a%20una%20red%20social%20o%20ver%20distracciones%20de%20la%20competencia.%0A%0A%C2%BFLes%20interesar%C3%ADa%20complementar%20su%20Instagram%20con%20una%20p%C3%A1gina%20web%20oficial%20(*la-molinera-pizzeria-bar.pizzerias.todolima.com*)%20con%20bot%C3%B3n%20directo%20a%20WhatsApp%20y%20presencia%20prioritaria%20en%20Todo%20Lima%3F%0A%0ATenemos%20una%20maqueta%20lista%20para%20mostrarles%20sin%20compromiso.%20%C2%BFSe%20las%20comparto%20por%20este%20medio%3F%20%F0%9F%93%B2"
"Almacén de Pizzas",pizzerias,"San Isidro",4.4,214,968919607,REDESIGN_WEBSITE,almacen-de-pizzas.pizzerias.todolima.com,"https://wa.me/51968919607?text=Hola%20equipo%20de%20*Almac%C3%A9n%20de%20Pizzas*%20%F0%9F%91%8B%2C%20gusto%20en%20saludarlos.%0A%0ALes%20escribimos%20desde%20*Todo%20Lima*.%20Al%20revisar%20a%20los%20referentes%20de%20*San%20Isidro*%20(donde%20ustedes%20destacan%20con%20%E2%AD%90%20*4.4*)%2C%20realizamos%20una%20auditor%C3%ADa%20t%C3%A9cnica%20gratuita%20a%20su%20web%20actual%20(*http%3A%2F%2Fwww.almacendepizzas.pe%2F*).%0A%0ADetectamos%20algunos%20puntos%20cr%C3%ADticos%20que%20podr%C3%ADan%20estar%20frenando%20sus%20consultas%3A%0A%E2%80%A2%20URL%20inv%C3%A1lida%20o%20no%20registrada.%0A%0A%F0%9F%91%89%20*Dato%20clave%3A*%20El%2065%25%20de%20usuarios%20en%20Lima%20abandonan%20una%20web%20si%20no%20encuentran%20un%20bot%C3%B3n%20flotante%20de%20WhatsApp%20para%20consultar%20en%20el%20momento.%0A%0A%0APodemos%20modernizar%20su%20web%20para%20que%20cargue%20al%20instante%20y%20multiplique%20sus%20contactos%20por%20WhatsApp.%20%C2%BFLes%20gustar%C3%ADa%20que%20les%20enviemos%20el%20reporte%20t%C3%A9cnico%20completo%3F%20%F0%9F%93%8A"
"DE LA SIERRA - Pizzas&Chaplas",pizzerias,"Miraflores",4.4,105,914993186,NEEDS_WEBSITE,de-la-sierra-pizzas-chaplas.pizzerias.todolima.com,"https://wa.me/51914993186?text=Hola%20equipo%20de%20*DE%20LA%20SIERRA%20-%20Pizzas%26Chaplas*%20%F0%9F%91%8B%2C%20los%20saluda%20el%20equipo%20de%20*Todo%20Lima*%20(todolima.com).%0A%0AVimos%20que%20son%20uno%20de%20los%20negocios%20con%20mejor%20reputaci%C3%B3n%20en%20Google%20Maps%20en%20*Miraflores*%20(%E2%AD%90%20*4.4*%20con%20105%20opiniones)%20%C2%A1Felicitaciones%20por%20tan%20buen%20trabajo!%20%F0%9F%91%8F%0A%0ARevisamos%20su%20ficha%20y%20notamos%20que%20*a%C3%BAn%20no%20cuentan%20con%20una%20p%C3%A1gina%20web%20oficial*%20donde%20sus%20clientes%20puedan%20consultar%20sus%20servicios%20y%20agendar%20directamente%20por%20WhatsApp.%0A%0AEn%20*Todo%20Lima*%20creamos%20landing%20pages%20ultrarr%C3%A1pidas%20pensadas%20para%20negocios%20locales%3A%0A%E2%9C%85%20Subdominio%20verificado%3A%20*de-la-sierra-pizzas-chaplas.pizzerias.todolima.com*%0A%E2%9C%85%20Bot%C3%B3n%20de%20WhatsApp%20directo%20para%20recibir%20pedidos%20y%20citas%20al%20instante%0A%E2%9C%85%20Mapa%20interactivo%20para%20que%20lleguen%20a%20su%20local%20en%20Miraflores%0A%E2%9C%85%20Carga%20en%20menos%20de%201%20segundo%20en%20celulares%0A%E2%9C%85%20Ficha%20destacada%20en%20el%20directorio%20todolima.com%0A%0APreparamos%20una%20demostraci%C3%B3n%20sin%20costo%20de%20c%C3%B3mo%20se%20ver%C3%ADa%20la%20web%20de%20*DE%20LA%20SIERRA%20-%20Pizzas%26Chaplas*.%20%C2%BFLes%20gustar%C3%ADa%20que%20les%20comparta%20el%20enlace%20de%20prueba%20por%20aqu%C3%AD%3F%20%F0%9F%9A%80"
"El Tomate Loco Pizza Fusión",pizzerias,"Miraflores",4.4,52,933239314,UPGRADE_SOCIAL,el-tomate-loco-pizza-fusion.pizzerias.todolima.com,"https://wa.me/51933239314?text=Hola%20equipo%20de%20*El%20Tomate%20Loco%20Pizza%20Fusi%C3%B3n*%20%F0%9F%91%8B%2C%20les%20escribe%20el%20equipo%20de%20*Todo%20Lima*.%0A%0ARevisamos%20su%20destacada%20presencia%20en%20Google%20Maps%20en%20*Miraflores*%20(%E2%AD%90%20*4.4*%20estrellas).%20Notamos%20que%20su%20enlace%20de%20contacto%20actual%20es%20un%20perfil%20de%20*Facebook*.%0A%0AMuchos%20clientes%20que%20buscan%20servicios%20en%20Google%20prefieren%20una%20web%20r%C3%A1pida%20donde%20ver%20cat%C3%A1logo%2C%20fotos%20y%20tarifas%20sin%20tener%20que%20entrar%20a%20una%20red%20social%20o%20ver%20distracciones%20de%20la%20competencia.%0A%0A%C2%BFLes%20interesar%C3%ADa%20complementar%20su%20Facebook%20con%20una%20p%C3%A1gina%20web%20oficial%20(*el-tomate-loco-pizza-fusion.pizzerias.todolima.com*)%20con%20bot%C3%B3n%20directo%20a%20WhatsApp%20y%20presencia%20prioritaria%20en%20Todo%20Lima%3F%0A%0ATenemos%20una%20maqueta%20lista%20para%20mostrarles%20sin%20compromiso.%20%C2%BFSe%20las%20comparto%20por%20este%20medio%3F%20%F0%9F%93%B2"
"Pollos a la Brasa Okey",pollerias,"Lima",4.4,909,999932663,NEEDS_WEBSITE,pollos-a-la-brasa-okey.pollerias.todolima.com,"https://wa.me/51999932663?text=Hola%20equipo%20de%20*Pollos%20a%20la%20Brasa%20Okey*%20%F0%9F%91%8B%2C%20los%20saluda%20el%20equipo%20de%20*Todo%20Lima*%20(todolima.com).%0A%0AVimos%20que%20son%20uno%20de%20los%20negocios%20con%20mejor%20reputaci%C3%B3n%20en%20Google%20Maps%20en%20*Lima*%20(%E2%AD%90%20*4.4*%20con%20909%20opiniones)%20%C2%A1Felicitaciones%20por%20tan%20buen%20trabajo!%20%F0%9F%91%8F%0A%0ARevisamos%20su%20ficha%20y%20notamos%20que%20*a%C3%BAn%20no%20cuentan%20con%20una%20p%C3%A1gina%20web%20oficial*%20donde%20sus%20clientes%20puedan%20consultar%20sus%20servicios%20y%20agendar%20directamente%20por%20WhatsApp.%0A%0AEn%20*Todo%20Lima*%20creamos%20landing%20pages%20ultrarr%C3%A1pidas%20pensadas%20para%20negocios%20locales%3A%0A%E2%9C%85%20Subdominio%20verificado%3A%20*pollos-a-la-brasa-okey.pollerias.todolima.com*%0A%E2%9C%85%20Bot%C3%B3n%20de%20WhatsApp%20directo%20para%20recibir%20pedidos%20y%20citas%20al%20instante%0A%E2%9C%85%20Mapa%20interactivo%20para%20que%20lleguen%20a%20su%20local%20en%20Lima%0A%E2%9C%85%20Carga%20en%20menos%20de%201%20segundo%20en%20celulares%0A%E2%9C%85%20Ficha%20destacada%20en%20el%20directorio%20todolima.com%0A%0APreparamos%20una%20demostraci%C3%B3n%20sin%20costo%20de%20c%C3%B3mo%20se%20ver%C3%ADa%20la%20web%20de%20*Pollos%20a%20la%20Brasa%20Okey*.%20%C2%BFLes%20gustar%C3%ADa%20que%20les%20comparta%20el%20enlace%20de%20prueba%20por%20aqu%C3%AD%3F%20%F0%9F%9A%80"
"Pollos a la brasa Tomi",pollerias,"Lima",4.4,732,910432878,NEEDS_WEBSITE,pollos-a-la-brasa-tomi.pollerias.todolima.com,"https://wa.me/51910432878?text=Hola%20equipo%20de%20*Pollos%20a%20la%20brasa%20Tomi*%20%F0%9F%91%8B%2C%20los%20saluda%20el%20equipo%20de%20*Todo%20Lima*%20(todolima.com).%0A%0AVimos%20que%20son%20uno%20de%20los%20negocios%20con%20mejor%20reputaci%C3%B3n%20en%20Google%20Maps%20en%20*Lima*%20(%E2%AD%90%20*4.4*%20con%20732%20opiniones)%20%C2%A1Felicitaciones%20por%20tan%20buen%20trabajo!%20%F0%9F%91%8F%0A%0ARevisamos%20su%20ficha%20y%20notamos%20que%20*a%C3%BAn%20no%20cuentan%20con%20una%20p%C3%A1gina%20web%20oficial*%20donde%20sus%20clientes%20puedan%20consultar%20sus%20servicios%20y%20agendar%20directamente%20por%20WhatsApp.%0A%0AEn%20*Todo%20Lima*%20creamos%20landing%20pages%20ultrarr%C3%A1pidas%20pensadas%20para%20negocios%20locales%3A%0A%E2%9C%85%20Subdominio%20verificado%3A%20*pollos-a-la-brasa-tomi.pollerias.todolima.com*%0A%E2%9C%85%20Bot%C3%B3n%20de%20WhatsApp%20directo%20para%20recibir%20pedidos%20y%20citas%20al%20instante%0A%E2%9C%85%20Mapa%20interactivo%20para%20que%20lleguen%20a%20su%20local%20en%20Lima%0A%E2%9C%85%20Carga%20en%20menos%20de%201%20segundo%20en%20celulares%0A%E2%9C%85%20Ficha%20destacada%20en%20el%20directorio%20todolima.com%0A%0APreparamos%20una%20demostraci%C3%B3n%20sin%20costo%20de%20c%C3%B3mo%20se%20ver%C3%ADa%20la%20web%20de%20*Pollos%20a%20la%20brasa%20Tomi*.%20%C2%BFLes%20gustar%C3%ADa%20que%20les%20comparta%20el%20enlace%20de%20prueba%20por%20aqu%C3%AD%3F%20%F0%9F%9A%80"
"Pollería El Leñador",pollerias,"Lima",4.4,405,998234300,NEEDS_WEBSITE,polleria-el-lenador.pollerias.todolima.com,"https://wa.me/51998234300?text=Hola%20equipo%20de%20*Poller%C3%ADa%20El%20Le%C3%B1ador*%20%F0%9F%91%8B%2C%20los%20saluda%20el%20equipo%20de%20*Todo%20Lima*%20(todolima.com).%0A%0AVimos%20que%20son%20uno%20de%20los%20negocios%20con%20mejor%20reputaci%C3%B3n%20en%20Google%20Maps%20en%20*Lima*%20(%E2%AD%90%20*4.4*%20con%20405%20opiniones)%20%C2%A1Felicitaciones%20por%20tan%20buen%20trabajo!%20%F0%9F%91%8F%0A%0ARevisamos%20su%20ficha%20y%20notamos%20que%20*a%C3%BAn%20no%20cuentan%20con%20una%20p%C3%A1gina%20web%20oficial*%20donde%20sus%20clientes%20puedan%20consultar%20sus%20servicios%20y%20agendar%20directamente%20por%20WhatsApp.%0A%0AEn%20*Todo%20Lima*%20creamos%20landing%20pages%20ultrarr%C3%A1pidas%20pensadas%20para%20negocios%20locales%3A%0A%E2%9C%85%20Subdominio%20verificado%3A%20*polleria-el-lenador.pollerias.todolima.com*%0A%E2%9C%85%20Bot%C3%B3n%20de%20WhatsApp%20directo%20para%20recibir%20pedidos%20y%20citas%20al%20instante%0A%E2%9C%85%20Mapa%20interactivo%20para%20que%20lleguen%20a%20su%20local%20en%20Lima%0A%E2%9C%85%20Carga%20en%20menos%20de%201%20segundo%20en%20celulares%0A%E2%9C%85%20Ficha%20destacada%20en%20el%20directorio%20todolima.com%0A%0APreparamos%20una%20demostraci%C3%B3n%20sin%20costo%20de%20c%C3%B3mo%20se%20ver%C3%ADa%20la%20web%20de%20*Poller%C3%ADa%20El%20Le%C3%B1ador*.%20%C2%BFLes%20gustar%C3%ADa%20que%20les%20comparta%20el%20enlace%20de%20prueba%20por%20aqu%C3%AD%3F%20%F0%9F%9A%80"
"Restaurant & Polleria ""KANAWA""",pollerias,"Lima",4.4,9,959670629,NEEDS_WEBSITE,restaurant-polleria-kanawa.pollerias.todolima.com,"https://wa.me/51959670629?text=Hola%20equipo%20de%20*Restaurant%20%26%20Polleria%20%22KANAWA%22*%20%F0%9F%91%8B%2C%20los%20saluda%20el%20equipo%20de%20*Todo%20Lima*%20(todolima.com).%0A%0AVimos%20que%20son%20uno%20de%20los%20negocios%20con%20mejor%20reputaci%C3%B3n%20en%20Google%20Maps%20en%20*Lima*%20(%E2%AD%90%20*4.4*%20con%209%20opiniones)%20%C2%A1Felicitaciones%20por%20tan%20buen%20trabajo!%20%F0%9F%91%8F%0A%0ARevisamos%20su%20ficha%20y%20notamos%20que%20*a%C3%BAn%20no%20cuentan%20con%20una%20p%C3%A1gina%20web%20oficial*%20donde%20sus%20clientes%20puedan%20consultar%20sus%20servicios%20y%20agendar%20directamente%20por%20WhatsApp.%0A%0AEn%20*Todo%20Lima*%20creamos%20landing%20pages%20ultrarr%C3%A1pidas%20pensadas%20para%20negocios%20locales%3A%0A%E2%9C%85%20Subdominio%20verificado%3A%20*restaurant-polleria-kanawa.pollerias.todolima.com*%0A%E2%9C%85%20Bot%C3%B3n%20de%20WhatsApp%20directo%20para%20recibir%20pedidos%20y%20citas%20al%20instante%0A%E2%9C%85%20Mapa%20interactivo%20para%20que%20lleguen%20a%20su%20local%20en%20Lima%0A%E2%9C%85%20Carga%20en%20menos%20de%201%20segundo%20en%20celulares%0A%E2%9C%85%20Ficha%20destacada%20en%20el%20directorio%20todolima.com%0A%0APreparamos%20una%20demostraci%C3%B3n%20sin%20costo%20de%20c%C3%B3mo%20se%20ver%C3%ADa%20la%20web%20de%20*Restaurant%20%26%20Polleria%20%22KANAWA%22*.%20%C2%BFLes%20gustar%C3%ADa%20que%20les%20comparta%20el%20enlace%20de%20prueba%20por%20aqu%C3%AD%3F%20%F0%9F%9A%80"
"Servitec Home",reparacion-refrigeradoras,"Lima",4.4,15,993969905,NEEDS_WEBSITE,servitec-home.reparacion-refrigeradoras.todolima.com,"https://wa.me/51993969905?text=Hola%20equipo%20de%20*Servitec%20Home*%20%F0%9F%91%8B%2C%20los%20saluda%20el%20equipo%20de%20*Todo%20Lima*%20(todolima.com).%0A%0AVimos%20que%20son%20uno%20de%20los%20negocios%20con%20mejor%20reputaci%C3%B3n%20en%20Google%20Maps%20en%20*Lima*%20(%E2%AD%90%20*4.4*%20con%2015%20opiniones)%20%C2%A1Felicitaciones%20por%20tan%20buen%20trabajo!%20%F0%9F%91%8F%0A%0ARevisamos%20su%20ficha%20y%20notamos%20que%20*a%C3%BAn%20no%20cuentan%20con%20una%20p%C3%A1gina%20web%20oficial*%20donde%20sus%20clientes%20puedan%20consultar%20sus%20servicios%20y%20agendar%20directamente%20por%20WhatsApp.%0A%0AEn%20*Todo%20Lima*%20creamos%20landing%20pages%20ultrarr%C3%A1pidas%20pensadas%20para%20negocios%20locales%3A%0A%E2%9C%85%20Subdominio%20verificado%3A%20*servitec-home.reparacion-refrigeradoras.todolima.com*%0A%E2%9C%85%20Bot%C3%B3n%20de%20WhatsApp%20directo%20para%20recibir%20pedidos%20y%20citas%20al%20instante%0A%E2%9C%85%20Mapa%20interactivo%20para%20que%20lleguen%20a%20su%20local%20en%20Lima%0A%E2%9C%85%20Carga%20en%20menos%20de%201%20segundo%20en%20celulares%0A%E2%9C%85%20Ficha%20destacada%20en%20el%20directorio%20todolima.com%0A%0APreparamos%20una%20demostraci%C3%B3n%20sin%20costo%20de%20c%C3%B3mo%20se%20ver%C3%ADa%20la%20web%20de%20*Servitec%20Home*.%20%C2%BFLes%20gustar%C3%ADa%20que%20les%20comparta%20el%20enlace%20de%20prueba%20por%20aqu%C3%AD%3F%20%F0%9F%9A%80"
"Electrónica Automotriz MARQUEZ",talleres-mecanicos,"Lima",4.4,16,993774471,NEEDS_WEBSITE,electronica-automotriz-marquez.talleres-mecanicos.todolima.com,"https://wa.me/51993774471?text=Hola%20equipo%20de%20*Electr%C3%B3nica%20Automotriz%20MARQUEZ*%20%F0%9F%91%8B%2C%20los%20saluda%20el%20equipo%20de%20*Todo%20Lima*%20(todolima.com).%0A%0AVimos%20que%20son%20uno%20de%20los%20negocios%20con%20mejor%20reputaci%C3%B3n%20en%20Google%20Maps%20en%20*Lima*%20(%E2%AD%90%20*4.4*%20con%2016%20opiniones)%20%C2%A1Felicitaciones%20por%20tan%20buen%20trabajo!%20%F0%9F%91%8F%0A%0ARevisamos%20su%20ficha%20y%20notamos%20que%20*a%C3%BAn%20no%20cuentan%20con%20una%20p%C3%A1gina%20web%20oficial*%20donde%20sus%20clientes%20puedan%20consultar%20sus%20servicios%20y%20agendar%20directamente%20por%20WhatsApp.%0A%0AEn%20*Todo%20Lima*%20creamos%20landing%20pages%20ultrarr%C3%A1pidas%20pensadas%20para%20negocios%20locales%3A%0A%E2%9C%85%20Subdominio%20verificado%3A%20*electronica-automotriz-marquez.talleres-mecanicos.todolima.com*%0A%E2%9C%85%20Bot%C3%B3n%20de%20WhatsApp%20directo%20para%20recibir%20pedidos%20y%20citas%20al%20instante%0A%E2%9C%85%20Mapa%20interactivo%20para%20que%20lleguen%20a%20su%20local%20en%20Lima%0A%E2%9C%85%20Carga%20en%20menos%20de%201%20segundo%20en%20celulares%0A%E2%9C%85%20Ficha%20destacada%20en%20el%20directorio%20todolima.com%0A%0APreparamos%20una%20demostraci%C3%B3n%20sin%20costo%20de%20c%C3%B3mo%20se%20ver%C3%ADa%20la%20web%20de%20*Electr%C3%B3nica%20Automotriz%20MARQUEZ*.%20%C2%BFLes%20gustar%C3%ADa%20que%20les%20comparta%20el%20enlace%20de%20prueba%20por%20aqu%C3%AD%3F%20%F0%9F%9A%80"
"Automotriz Ricardo Multimarca Y Escaneo General",talleres-mecanicos,"Miraflores",4.4,11,944996741,NEEDS_WEBSITE,automotriz-ricardo-multimarca-.talleres-mecanicos.todolima.com,"https://wa.me/51944996741?text=Hola%20equipo%20de%20*Automotriz%20Ricardo%20Multimarca%20Y%20Escaneo%20General*%20%F0%9F%91%8B%2C%20los%20saluda%20el%20equipo%20de%20*Todo%20Lima*%20(todolima.com).%0A%0AVimos%20que%20son%20uno%20de%20los%20negocios%20con%20mejor%20reputaci%C3%B3n%20en%20Google%20Maps%20en%20*Miraflores*%20(%E2%AD%90%20*4.4*%20con%2011%20opiniones)%20%C2%A1Felicitaciones%20por%20tan%20buen%20trabajo!%20%F0%9F%91%8F%0A%0ARevisamos%20su%20ficha%20y%20notamos%20que%20*a%C3%BAn%20no%20cuentan%20con%20una%20p%C3%A1gina%20web%20oficial*%20donde%20sus%20clientes%20puedan%20consultar%20sus%20servicios%20y%20agendar%20directamente%20por%20WhatsApp.%0A%0AEn%20*Todo%20Lima*%20creamos%20landing%20pages%20ultrarr%C3%A1pidas%20pensadas%20para%20negocios%20locales%3A%0A%E2%9C%85%20Subdominio%20verificado%3A%20*automotriz-ricardo-multimarca-.talleres-mecanicos.todolima.com*%0A%E2%9C%85%20Bot%C3%B3n%20de%20WhatsApp%20directo%20para%20recibir%20pedidos%20y%20citas%20al%20instante%0A%E2%9C%85%20Mapa%20interactivo%20para%20que%20lleguen%20a%20su%20local%20en%20Miraflores%0A%E2%9C%85%20Carga%20en%20menos%20de%201%20segundo%20en%20celulares%0A%E2%9C%85%20Ficha%20destacada%20en%20el%20directorio%20todolima.com%0A%0APreparamos%20una%20demostraci%C3%B3n%20sin%20costo%20de%20c%C3%B3mo%20se%20ver%C3%ADa%20la%20web%20de%20*Automotriz%20Ricardo%20Multimarca%20Y%20Escaneo%20General*.%20%C2%BFLes%20gustar%C3%ADa%20que%20les%20comparta%20el%20enlace%20de%20prueba%20por%20aqu%C3%AD%3F%20%F0%9F%9A%80"
"Helarte",cafeterias,"Miraflores",4.3,1646,908900896,REDESIGN_WEBSITE,helarte.cafeterias.todolima.com,"https://wa.me/51908900896?text=Hola%20equipo%20de%20*Helarte*%20%F0%9F%91%8B%2C%20gusto%20en%20saludarlos.%0A%0ALes%20escribimos%20desde%20*Todo%20Lima*.%20Al%20revisar%20a%20los%20referentes%20de%20*Miraflores*%20(donde%20ustedes%20destacan%20con%20%E2%AD%90%20*4.3*)%2C%20realizamos%20una%20auditor%C3%ADa%20t%C3%A9cnica%20gratuita%20a%20su%20web%20actual%20(*https%3A%2F%2Fwww.helarte.com.pe%2F*).%0A%0ADetectamos%20algunos%20puntos%20cr%C3%ADticos%20que%20podr%C3%ADan%20estar%20frenando%20sus%20consultas%3A%0A%E2%80%A2%20URL%20inv%C3%A1lida%20o%20no%20registrada.%0A%0A%F0%9F%91%89%20*Dato%20clave%3A*%20El%2065%25%20de%20usuarios%20en%20Lima%20abandonan%20una%20web%20si%20no%20encuentran%20un%20bot%C3%B3n%20flotante%20de%20WhatsApp%20para%20consultar%20en%20el%20momento.%0A%0A%0APodemos%20modernizar%20su%20web%20para%20que%20cargue%20al%20instante%20y%20multiplique%20sus%20contactos%20por%20WhatsApp.%20%C2%BFLes%20gustar%C3%ADa%20que%20les%20enviemos%20el%20reporte%20t%C3%A9cnico%20completo%3F%20%F0%9F%93%8A"
"La Bodega Verde",cafeterias,"Barranco",4.3,476,963349562,NEEDS_WEBSITE,la-bodega-verde.cafeterias.todolima.com,"https://wa.me/51963349562?text=Hola%20equipo%20de%20*La%20Bodega%20Verde*%20%F0%9F%91%8B%2C%20los%20saluda%20el%20equipo%20de%20*Todo%20Lima*%20(todolima.com).%0A%0AVimos%20que%20son%20uno%20de%20los%20negocios%20con%20mejor%20reputaci%C3%B3n%20en%20Google%20Maps%20en%20*Barranco*%20(%E2%AD%90%20*4.3*%20con%20476%20opiniones)%20%C2%A1Felicitaciones%20por%20tan%20buen%20trabajo!%20%F0%9F%91%8F%0A%0ARevisamos%20su%20ficha%20y%20notamos%20que%20*a%C3%BAn%20no%20cuentan%20con%20una%20p%C3%A1gina%20web%20oficial*%20donde%20sus%20clientes%20puedan%20consultar%20sus%20servicios%20y%20agendar%20directamente%20por%20WhatsApp.%0A%0AEn%20*Todo%20Lima*%20creamos%20landing%20pages%20ultrarr%C3%A1pidas%20pensadas%20para%20negocios%20locales%3A%0A%E2%9C%85%20Subdominio%20verificado%3A%20*la-bodega-verde.cafeterias.todolima.com*%0A%E2%9C%85%20Bot%C3%B3n%20de%20WhatsApp%20directo%20para%20recibir%20pedidos%20y%20citas%20al%20instante%0A%E2%9C%85%20Mapa%20interactivo%20para%20que%20lleguen%20a%20su%20local%20en%20Barranco%0A%E2%9C%85%20Carga%20en%20menos%20de%201%20segundo%20en%20celulares%0A%E2%9C%85%20Ficha%20destacada%20en%20el%20directorio%20todolima.com%0A%0APreparamos%20una%20demostraci%C3%B3n%20sin%20costo%20de%20c%C3%B3mo%20se%20ver%C3%ADa%20la%20web%20de%20*La%20Bodega%20Verde*.%20%C2%BFLes%20gustar%C3%ADa%20que%20les%20comparta%20el%20enlace%20de%20prueba%20por%20aqu%C3%AD%3F%20%F0%9F%9A%80"
"Casona Ofelia",cafeterias,"Lima",4.3,389,957019535,UPGRADE_SOCIAL,casona-ofelia.cafeterias.todolima.com,"https://wa.me/51957019535?text=Hola%20equipo%20de%20*Casona%20Ofelia*%20%F0%9F%91%8B%2C%20les%20escribe%20el%20equipo%20de%20*Todo%20Lima*.%0A%0ARevisamos%20su%20destacada%20presencia%20en%20Google%20Maps%20en%20*Lima*%20(%E2%AD%90%20*4.3*%20estrellas).%20Notamos%20que%20su%20enlace%20de%20contacto%20actual%20es%20un%20perfil%20de%20*Instagram*.%0A%0AMuchos%20clientes%20que%20buscan%20servicios%20en%20Google%20prefieren%20una%20web%20r%C3%A1pida%20donde%20ver%20cat%C3%A1logo%2C%20fotos%20y%20tarifas%20sin%20tener%20que%20entrar%20a%20una%20red%20social%20o%20ver%20distracciones%20de%20la%20competencia.%0A%0A%C2%BFLes%20interesar%C3%ADa%20complementar%20su%20Instagram%20con%20una%20p%C3%A1gina%20web%20oficial%20(*casona-ofelia.cafeterias.todolima.com*)%20con%20bot%C3%B3n%20directo%20a%20WhatsApp%20y%20presencia%20prioritaria%20en%20Todo%20Lima%3F%0A%0ATenemos%20una%20maqueta%20lista%20para%20mostrarles%20sin%20compromiso.%20%C2%BFSe%20las%20comparto%20por%20este%20medio%3F%20%F0%9F%93%B2"
"CURSO DE AGENTE INMOBILIARIO",agentes-inmobiliarios,"Pueblo Libre",4.3,7,972520253,NEEDS_WEBSITE,curso-de-agente-inmobiliario.agentes-inmobiliarios.todolima.com,"https://wa.me/51972520253?text=Hola%20equipo%20de%20*CURSO%20DE%20AGENTE%20INMOBILIARIO*%20%F0%9F%91%8B%2C%20los%20saluda%20el%20equipo%20de%20*Todo%20Lima*%20(todolima.com).%0A%0AVimos%20que%20son%20uno%20de%20los%20negocios%20con%20mejor%20reputaci%C3%B3n%20en%20Google%20Maps%20en%20*Pueblo%20Libre*%20(%E2%AD%90%20*4.3*%20con%207%20opiniones)%20%C2%A1Felicitaciones%20por%20tan%20buen%20trabajo!%20%F0%9F%91%8F%0A%0ARevisamos%20su%20ficha%20y%20notamos%20que%20*a%C3%BAn%20no%20cuentan%20con%20una%20p%C3%A1gina%20web%20oficial*%20donde%20sus%20clientes%20puedan%20consultar%20sus%20servicios%20y%20agendar%20directamente%20por%20WhatsApp.%0A%0AEn%20*Todo%20Lima*%20creamos%20landing%20pages%20ultrarr%C3%A1pidas%20pensadas%20para%20negocios%20locales%3A%0A%E2%9C%85%20Subdominio%20verificado%3A%20*curso-de-agente-inmobiliario.agentes-inmobiliarios.todolima.com*%0A%E2%9C%85%20Bot%C3%B3n%20de%20WhatsApp%20directo%20para%20recibir%20pedidos%20y%20citas%20al%20instante%0A%E2%9C%85%20Mapa%20interactivo%20para%20que%20lleguen%20a%20su%20local%20en%20Pueblo%20Libre%0A%E2%9C%85%20Carga%20en%20menos%20de%201%20segundo%20en%20celulares%0A%E2%9C%85%20Ficha%20destacada%20en%20el%20directorio%20todolima.com%0A%0APreparamos%20una%20demostraci%C3%B3n%20sin%20costo%20de%20c%C3%B3mo%20se%20ver%C3%ADa%20la%20web%20de%20*CURSO%20DE%20AGENTE%20INMOBILIARIO*.%20%C2%BFLes%20gustar%C3%ADa%20que%20les%20comparta%20el%20enlace%20de%20prueba%20por%20aqu%C3%AD%3F%20%F0%9F%9A%80"
"EJM Cardenas SAC",carpinteros,"Ate",4.3,21,969333288,REDESIGN_WEBSITE,ejm-cardenas-sac.carpinteros.todolima.com,"https://wa.me/51969333288?text=Hola%20equipo%20de%20*EJM%20Cardenas%20SAC*%20%F0%9F%91%8B%2C%20gusto%20en%20saludarlos.%0A%0ALes%20escribimos%20desde%20*Todo%20Lima*.%20Al%20revisar%20a%20los%20referentes%20de%20*Ate*%20(donde%20ustedes%20destacan%20con%20%E2%AD%90%20*4.3*)%2C%20realizamos%20una%20auditor%C3%ADa%20t%C3%A9cnica%20gratuita%20a%20su%20web%20actual%20(*http%3A%2F%2Fwww.ejm.pe%2F*).%0A%0ADetectamos%20algunos%20puntos%20cr%C3%ADticos%20que%20podr%C3%ADan%20estar%20frenando%20sus%20consultas%3A%0A%E2%80%A2%20El%20servidor%20tard%C3%B3%20m%C3%A1s%20de%204s%20en%20responder%20(Timeout).%20El%20sitio%20est%C3%A1%20pr%C3%A1cticamente%20inoperativo%20para%20usuarios%20m%C3%B3viles.%0A%0A%F0%9F%91%89%20*Dato%20clave%3A*%20El%2065%25%20de%20usuarios%20en%20Lima%20abandonan%20una%20web%20si%20no%20encuentran%20un%20bot%C3%B3n%20flotante%20de%20WhatsApp%20para%20consultar%20en%20el%20momento.%0A%F0%9F%91%89%20*Velocidad%3A*%20Su%20web%20tarda%204.0s%20en%20responder%2C%20cuando%20el%20est%C3%A1ndar%20recomendado%20para%20m%C3%B3viles%20es%20menor%20a%201.5s.%0A%0APodemos%20modernizar%20su%20web%20para%20que%20cargue%20al%20instante%20y%20multiplique%20sus%20contactos%20por%20WhatsApp.%20%C2%BFLes%20gustar%C3%ADa%20que%20les%20enviemos%20el%20reporte%20t%C3%A9cnico%20completo%3F%20%F0%9F%93%8A"
"Carpintería Fernando",carpinteros,"Pueblo Libre",4.3,12,997478247,NEEDS_WEBSITE,carpinteria-fernando.carpinteros.todolima.com,"https://wa.me/51997478247?text=Hola%20equipo%20de%20*Carpinter%C3%ADa%20Fernando*%20%F0%9F%91%8B%2C%20los%20saluda%20el%20equipo%20de%20*Todo%20Lima*%20(todolima.com).%0A%0AVimos%20que%20son%20uno%20de%20los%20negocios%20con%20mejor%20reputaci%C3%B3n%20en%20Google%20Maps%20en%20*Pueblo%20Libre*%20(%E2%AD%90%20*4.3*%20con%2012%20opiniones)%20%C2%A1Felicitaciones%20por%20tan%20buen%20trabajo!%20%F0%9F%91%8F%0A%0ARevisamos%20su%20ficha%20y%20notamos%20que%20*a%C3%BAn%20no%20cuentan%20con%20una%20p%C3%A1gina%20web%20oficial*%20donde%20sus%20clientes%20puedan%20consultar%20sus%20servicios%20y%20agendar%20directamente%20por%20WhatsApp.%0A%0AEn%20*Todo%20Lima*%20creamos%20landing%20pages%20ultrarr%C3%A1pidas%20pensadas%20para%20negocios%20locales%3A%0A%E2%9C%85%20Subdominio%20verificado%3A%20*carpinteria-fernando.carpinteros.todolima.com*%0A%E2%9C%85%20Bot%C3%B3n%20de%20WhatsApp%20directo%20para%20recibir%20pedidos%20y%20citas%20al%20instante%0A%E2%9C%85%20Mapa%20interactivo%20para%20que%20lleguen%20a%20su%20local%20en%20Pueblo%20Libre%0A%E2%9C%85%20Carga%20en%20menos%20de%201%20segundo%20en%20celulares%0A%E2%9C%85%20Ficha%20destacada%20en%20el%20directorio%20todolima.com%0A%0APreparamos%20una%20demostraci%C3%B3n%20sin%20costo%20de%20c%C3%B3mo%20se%20ver%C3%ADa%20la%20web%20de%20*Carpinter%C3%ADa%20Fernando*.%20%C2%BFLes%20gustar%C3%ADa%20que%20les%20comparta%20el%20enlace%20de%20prueba%20por%20aqu%C3%AD%3F%20%F0%9F%9A%80"
"Carpinteria.HA",carpinteros,"Lima",4.3,6,994799735,REDESIGN_WEBSITE,carpinteria-ha.carpinteros.todolima.com,"https://wa.me/51994799735?text=Hola%20equipo%20de%20*Carpinteria.HA*%20%F0%9F%91%8B%2C%20gusto%20en%20saludarlos.%0A%0ALes%20escribimos%20desde%20*Todo%20Lima*.%20Al%20revisar%20a%20los%20referentes%20de%20*Lima*%20(donde%20ustedes%20destacan%20con%20%E2%AD%90%20*4.3*)%2C%20realizamos%20una%20auditor%C3%ADa%20t%C3%A9cnica%20gratuita%20a%20su%20web%20actual%20(*http%3A%2F%2Fcarpinteria-ha0.webnode.es%2F*).%0A%0ADetectamos%20algunos%20puntos%20cr%C3%ADticos%20que%20podr%C3%ADan%20estar%20frenando%20sus%20consultas%3A%0A%E2%80%A2%20El%20servidor%20tard%C3%B3%20m%C3%A1s%20de%204s%20en%20responder%20(Timeout).%20El%20sitio%20est%C3%A1%20pr%C3%A1cticamente%20inoperativo%20para%20usuarios%20m%C3%B3viles.%0A%0A%F0%9F%91%89%20*Dato%20clave%3A*%20El%2065%25%20de%20usuarios%20en%20Lima%20abandonan%20una%20web%20si%20no%20encuentran%20un%20bot%C3%B3n%20flotante%20de%20WhatsApp%20para%20consultar%20en%20el%20momento.%0A%F0%9F%91%89%20*Velocidad%3A*%20Su%20web%20tarda%204.0s%20en%20responder%2C%20cuando%20el%20est%C3%A1ndar%20recomendado%20para%20m%C3%B3viles%20es%20menor%20a%201.5s.%0A%0APodemos%20modernizar%20su%20web%20para%20que%20cargue%20al%20instante%20y%20multiplique%20sus%20contactos%20por%20WhatsApp.%20%C2%BFLes%20gustar%C3%ADa%20que%20les%20enviemos%20el%20reporte%20t%C3%A9cnico%20completo%3F%20%F0%9F%93%8A"
"Monte Alto Eventos y Catering",catering,"Lima",4.3,3,926045319,NEEDS_WEBSITE,monte-alto-eventos-y-catering.catering.todolima.com,"https://wa.me/51926045319?text=Hola%20equipo%20de%20*Monte%20Alto%20Eventos%20y%20Catering*%20%F0%9F%91%8B%2C%20los%20saluda%20el%20equipo%20de%20*Todo%20Lima*%20(todolima.com).%0A%0AVimos%20que%20son%20uno%20de%20los%20negocios%20con%20mejor%20reputaci%C3%B3n%20en%20Google%20Maps%20en%20*Lima*%20(%E2%AD%90%20*4.3*%20con%203%20opiniones)%20%C2%A1Felicitaciones%20por%20tan%20buen%20trabajo!%20%F0%9F%91%8F%0A%0ARevisamos%20su%20ficha%20y%20notamos%20que%20*a%C3%BAn%20no%20cuentan%20con%20una%20p%C3%A1gina%20web%20oficial*%20donde%20sus%20clientes%20puedan%20consultar%20sus%20servicios%20y%20agendar%20directamente%20por%20WhatsApp.%0A%0AEn%20*Todo%20Lima*%20creamos%20landing%20pages%20ultrarr%C3%A1pidas%20pensadas%20para%20negocios%20locales%3A%0A%E2%9C%85%20Subdominio%20verificado%3A%20*monte-alto-eventos-y-catering.catering.todolima.com*%0A%E2%9C%85%20Bot%C3%B3n%20de%20WhatsApp%20directo%20para%20recibir%20pedidos%20y%20citas%20al%20instante%0A%E2%9C%85%20Mapa%20interactivo%20para%20que%20lleguen%20a%20su%20local%20en%20Lima%0A%E2%9C%85%20Carga%20en%20menos%20de%201%20segundo%20en%20celulares%0A%E2%9C%85%20Ficha%20destacada%20en%20el%20directorio%20todolima.com%0A%0APreparamos%20una%20demostraci%C3%B3n%20sin%20costo%20de%20c%C3%B3mo%20se%20ver%C3%ADa%20la%20web%20de%20*Monte%20Alto%20Eventos%20y%20Catering*.%20%C2%BFLes%20gustar%C3%ADa%20que%20les%20comparta%20el%20enlace%20de%20prueba%20por%20aqu%C3%AD%3F%20%F0%9F%9A%80"
"KEY MAX Cerrajeria Automotriz",cerrajeros,"San Martín de Porres",4.3,6,937194281,UPGRADE_SOCIAL,key-max-cerrajeria-automotriz.cerrajeros.todolima.com,"https://wa.me/51937194281?text=Hola%20equipo%20de%20*KEY%20MAX%20Cerrajeria%20Automotriz*%20%F0%9F%91%8B%2C%20les%20escribe%20el%20equipo%20de%20*Todo%20Lima*.%0A%0ARevisamos%20su%20destacada%20presencia%20en%20Google%20Maps%20en%20*San%20Mart%C3%ADn%20de%20Porres*%20(%E2%AD%90%20*4.3*%20estrellas).%20Notamos%20que%20su%20enlace%20de%20contacto%20actual%20es%20un%20perfil%20de%20*Facebook*.%0A%0AMuchos%20clientes%20que%20buscan%20servicios%20en%20Google%20prefieren%20una%20web%20r%C3%A1pida%20donde%20ver%20cat%C3%A1logo%2C%20fotos%20y%20tarifas%20sin%20tener%20que%20entrar%20a%20una%20red%20social%20o%20ver%20distracciones%20de%20la%20competencia.%0A%0A%C2%BFLes%20interesar%C3%ADa%20complementar%20su%20Facebook%20con%20una%20p%C3%A1gina%20web%20oficial%20(*key-max-cerrajeria-automotriz.cerrajeros.todolima.com*)%20con%20bot%C3%B3n%20directo%20a%20WhatsApp%20y%20presencia%20prioritaria%20en%20Todo%20Lima%3F%0A%0ATenemos%20una%20maqueta%20lista%20para%20mostrarles%20sin%20compromiso.%20%C2%BFSe%20las%20comparto%20por%20este%20medio%3F%20%F0%9F%93%B2"
"Canta Rana",cevicherias,"Barranco",4.3,3093,923841016,NEEDS_WEBSITE,canta-rana.cevicherias.todolima.com,"https://wa.me/51923841016?text=Hola%20equipo%20de%20*Canta%20Rana*%20%F0%9F%91%8B%2C%20los%20saluda%20el%20equipo%20de%20*Todo%20Lima*%20(todolima.com).%0A%0AVimos%20que%20son%20uno%20de%20los%20negocios%20con%20mejor%20reputaci%C3%B3n%20en%20Google%20Maps%20en%20*Barranco*%20(%E2%AD%90%20*4.3*%20con%203093%20opiniones)%20%C2%A1Felicitaciones%20por%20tan%20buen%20trabajo!%20%F0%9F%91%8F%0A%0ARevisamos%20su%20ficha%20y%20notamos%20que%20*a%C3%BAn%20no%20cuentan%20con%20una%20p%C3%A1gina%20web%20oficial*%20donde%20sus%20clientes%20puedan%20consultar%20sus%20servicios%20y%20agendar%20directamente%20por%20WhatsApp.%0A%0AEn%20*Todo%20Lima*%20creamos%20landing%20pages%20ultrarr%C3%A1pidas%20pensadas%20para%20negocios%20locales%3A%0A%E2%9C%85%20Subdominio%20verificado%3A%20*canta-rana.cevicherias.todolima.com*%0A%E2%9C%85%20Bot%C3%B3n%20de%20WhatsApp%20directo%20para%20recibir%20pedidos%20y%20citas%20al%20instante%0A%E2%9C%85%20Mapa%20interactivo%20para%20que%20lleguen%20a%20su%20local%20en%20Barranco%0A%E2%9C%85%20Carga%20en%20menos%20de%201%20segundo%20en%20celulares%0A%E2%9C%85%20Ficha%20destacada%20en%20el%20directorio%20todolima.com%0A%0APreparamos%20una%20demostraci%C3%B3n%20sin%20costo%20de%20c%C3%B3mo%20se%20ver%C3%ADa%20la%20web%20de%20*Canta%20Rana*.%20%C2%BFLes%20gustar%C3%ADa%20que%20les%20comparta%20el%20enlace%20de%20prueba%20por%20aqu%C3%AD%3F%20%F0%9F%9A%80"
"El Pulpo Paul - Barra Cevichería",cevicherias,"Miraflores",4.3,578,986370062,REDESIGN_WEBSITE,el-pulpo-paul-barra-cevicheria.cevicherias.todolima.com,"https://wa.me/51986370062?text=Hola%20equipo%20de%20*El%20Pulpo%20Paul%20-%20Barra%20Cevicher%C3%ADa*%20%F0%9F%91%8B%2C%20gusto%20en%20saludarlos.%0A%0ALes%20escribimos%20desde%20*Todo%20Lima*.%20Al%20revisar%20a%20los%20referentes%20de%20*Miraflores*%20(donde%20ustedes%20destacan%20con%20%E2%AD%90%20*4.3*)%2C%20realizamos%20una%20auditor%C3%ADa%20t%C3%A9cnica%20gratuita%20a%20su%20web%20actual%20(*https%3A%2F%2Fwww.cevicheriapulpopaul.com%2F*).%0A%0ADetectamos%20algunos%20puntos%20cr%C3%ADticos%20que%20podr%C3%ADan%20estar%20frenando%20sus%20consultas%3A%0A%E2%80%A2%20URL%20inv%C3%A1lida%20o%20no%20registrada.%0A%0A%F0%9F%91%89%20*Dato%20clave%3A*%20El%2065%25%20de%20usuarios%20en%20Lima%20abandonan%20una%20web%20si%20no%20encuentran%20un%20bot%C3%B3n%20flotante%20de%20WhatsApp%20para%20consultar%20en%20el%20momento.%0A%0A%0APodemos%20modernizar%20su%20web%20para%20que%20cargue%20al%20instante%20y%20multiplique%20sus%20contactos%20por%20WhatsApp.%20%C2%BFLes%20gustar%C3%ADa%20que%20les%20enviemos%20el%20reporte%20t%C3%A9cnico%20completo%3F%20%F0%9F%93%8A"
"Restaurant Cevicheria La Marea Chinchana",cevicherias,"Lima",4.3,566,980250647,NEEDS_WEBSITE,restaurant-cevicheria-la-marea.cevicherias.todolima.com,"https://wa.me/51980250647?text=Hola%20equipo%20de%20*Restaurant%20Cevicheria%20La%20Marea%20Chinchana*%20%F0%9F%91%8B%2C%20los%20saluda%20el%20equipo%20de%20*Todo%20Lima*%20(todolima.com).%0A%0AVimos%20que%20son%20uno%20de%20los%20negocios%20con%20mejor%20reputaci%C3%B3n%20en%20Google%20Maps%20en%20*Lima*%20(%E2%AD%90%20*4.3*%20con%20566%20opiniones)%20%C2%A1Felicitaciones%20por%20tan%20buen%20trabajo!%20%F0%9F%91%8F%0A%0ARevisamos%20su%20ficha%20y%20notamos%20que%20*a%C3%BAn%20no%20cuentan%20con%20una%20p%C3%A1gina%20web%20oficial*%20donde%20sus%20clientes%20puedan%20consultar%20sus%20servicios%20y%20agendar%20directamente%20por%20WhatsApp.%0A%0AEn%20*Todo%20Lima*%20creamos%20landing%20pages%20ultrarr%C3%A1pidas%20pensadas%20para%20negocios%20locales%3A%0A%E2%9C%85%20Subdominio%20verificado%3A%20*restaurant-cevicheria-la-marea.cevicherias.todolima.com*%0A%E2%9C%85%20Bot%C3%B3n%20de%20WhatsApp%20directo%20para%20recibir%20pedidos%20y%20citas%20al%20instante%0A%E2%9C%85%20Mapa%20interactivo%20para%20que%20lleguen%20a%20su%20local%20en%20Lima%0A%E2%9C%85%20Carga%20en%20menos%20de%201%20segundo%20en%20celulares%0A%E2%9C%85%20Ficha%20destacada%20en%20el%20directorio%20todolima.com%0A%0APreparamos%20una%20demostraci%C3%B3n%20sin%20costo%20de%20c%C3%B3mo%20se%20ver%C3%ADa%20la%20web%20de%20*Restaurant%20Cevicheria%20La%20Marea%20Chinchana*.%20%C2%BFLes%20gustar%C3%ADa%20que%20les%20comparta%20el%20enlace%20de%20prueba%20por%20aqu%C3%AD%3F%20%F0%9F%9A%80"
"CEVICHERÍA MIRAMAR AMIGOS",cevicherias,"Jesús María",4.3,236,912689011,NEEDS_WEBSITE,cevicheria-miramar-amigos.cevicherias.todolima.com,"https://wa.me/51912689011?text=Hola%20equipo%20de%20*CEVICHER%C3%8DA%20MIRAMAR%20AMIGOS*%20%F0%9F%91%8B%2C%20los%20saluda%20el%20equipo%20de%20*Todo%20Lima*%20(todolima.com).%0A%0AVimos%20que%20son%20uno%20de%20los%20negocios%20con%20mejor%20reputaci%C3%B3n%20en%20Google%20Maps%20en%20*Jes%C3%BAs%20Mar%C3%ADa*%20(%E2%AD%90%20*4.3*%20con%20236%20opiniones)%20%C2%A1Felicitaciones%20por%20tan%20buen%20trabajo!%20%F0%9F%91%8F%0A%0ARevisamos%20su%20ficha%20y%20notamos%20que%20*a%C3%BAn%20no%20cuentan%20con%20una%20p%C3%A1gina%20web%20oficial*%20donde%20sus%20clientes%20puedan%20consultar%20sus%20servicios%20y%20agendar%20directamente%20por%20WhatsApp.%0A%0AEn%20*Todo%20Lima*%20creamos%20landing%20pages%20ultrarr%C3%A1pidas%20pensadas%20para%20negocios%20locales%3A%0A%E2%9C%85%20Subdominio%20verificado%3A%20*cevicheria-miramar-amigos.cevicherias.todolima.com*%0A%E2%9C%85%20Bot%C3%B3n%20de%20WhatsApp%20directo%20para%20recibir%20pedidos%20y%20citas%20al%20instante%0A%E2%9C%85%20Mapa%20interactivo%20para%20que%20lleguen%20a%20su%20local%20en%20Jes%C3%BAs%20Mar%C3%ADa%0A%E2%9C%85%20Carga%20en%20menos%20de%201%20segundo%20en%20celulares%0A%E2%9C%85%20Ficha%20destacada%20en%20el%20directorio%20todolima.com%0A%0APreparamos%20una%20demostraci%C3%B3n%20sin%20costo%20de%20c%C3%B3mo%20se%20ver%C3%ADa%20la%20web%20de%20*CEVICHER%C3%8DA%20MIRAMAR%20AMIGOS*.%20%C2%BFLes%20gustar%C3%ADa%20que%20les%20comparta%20el%20enlace%20de%20prueba%20por%20aqu%C3%AD%3F%20%F0%9F%9A%80"
"Chifa Don Pedrito",chifas,"Lima",4.3,8,937199798,NEEDS_WEBSITE,chifa-don-pedrito.chifas.todolima.com,"https://wa.me/51937199798?text=Hola%20equipo%20de%20*Chifa%20Don%20Pedrito*%20%F0%9F%91%8B%2C%20los%20saluda%20el%20equipo%20de%20*Todo%20Lima*%20(todolima.com).%0A%0AVimos%20que%20son%20uno%20de%20los%20negocios%20con%20mejor%20reputaci%C3%B3n%20en%20Google%20Maps%20en%20*Lima*%20(%E2%AD%90%20*4.3*%20con%208%20opiniones)%20%C2%A1Felicitaciones%20por%20tan%20buen%20trabajo!%20%F0%9F%91%8F%0A%0ARevisamos%20su%20ficha%20y%20notamos%20que%20*a%C3%BAn%20no%20cuentan%20con%20una%20p%C3%A1gina%20web%20oficial*%20donde%20sus%20clientes%20puedan%20consultar%20sus%20servicios%20y%20agendar%20directamente%20por%20WhatsApp.%0A%0AEn%20*Todo%20Lima*%20creamos%20landing%20pages%20ultrarr%C3%A1pidas%20pensadas%20para%20negocios%20locales%3A%0A%E2%9C%85%20Subdominio%20verificado%3A%20*chifa-don-pedrito.chifas.todolima.com*%0A%E2%9C%85%20Bot%C3%B3n%20de%20WhatsApp%20directo%20para%20recibir%20pedidos%20y%20citas%20al%20instante%0A%E2%9C%85%20Mapa%20interactivo%20para%20que%20lleguen%20a%20su%20local%20en%20Lima%0A%E2%9C%85%20Carga%20en%20menos%20de%201%20segundo%20en%20celulares%0A%E2%9C%85%20Ficha%20destacada%20en%20el%20directorio%20todolima.com%0A%0APreparamos%20una%20demostraci%C3%B3n%20sin%20costo%20de%20c%C3%B3mo%20se%20ver%C3%ADa%20la%20web%20de%20*Chifa%20Don%20Pedrito*.%20%C2%BFLes%20gustar%C3%ADa%20que%20les%20comparta%20el%20enlace%20de%20prueba%20por%20aqu%C3%AD%3F%20%F0%9F%9A%80"
"MEDIC SALUD",doctores,"Lima",4.3,439,925533571,NEEDS_WEBSITE,medic-salud.doctores.todolima.com,"https://wa.me/51925533571?text=Hola%20equipo%20de%20*MEDIC%20SALUD*%20%F0%9F%91%8B%2C%20los%20saluda%20el%20equipo%20de%20*Todo%20Lima*%20(todolima.com).%0A%0AVimos%20que%20son%20uno%20de%20los%20negocios%20con%20mejor%20reputaci%C3%B3n%20en%20Google%20Maps%20en%20*Lima*%20(%E2%AD%90%20*4.3*%20con%20439%20opiniones)%20%C2%A1Felicitaciones%20por%20tan%20buen%20trabajo!%20%F0%9F%91%8F%0A%0ARevisamos%20su%20ficha%20y%20notamos%20que%20*a%C3%BAn%20no%20cuentan%20con%20una%20p%C3%A1gina%20web%20oficial*%20donde%20sus%20clientes%20puedan%20consultar%20sus%20servicios%20y%20agendar%20directamente%20por%20WhatsApp.%0A%0AEn%20*Todo%20Lima*%20creamos%20landing%20pages%20ultrarr%C3%A1pidas%20pensadas%20para%20negocios%20locales%3A%0A%E2%9C%85%20Subdominio%20verificado%3A%20*medic-salud.doctores.todolima.com*%0A%E2%9C%85%20Bot%C3%B3n%20de%20WhatsApp%20directo%20para%20recibir%20pedidos%20y%20citas%20al%20instante%0A%E2%9C%85%20Mapa%20interactivo%20para%20que%20lleguen%20a%20su%20local%20en%20Lima%0A%E2%9C%85%20Carga%20en%20menos%20de%201%20segundo%20en%20celulares%0A%E2%9C%85%20Ficha%20destacada%20en%20el%20directorio%20todolima.com%0A%0APreparamos%20una%20demostraci%C3%B3n%20sin%20costo%20de%20c%C3%B3mo%20se%20ver%C3%ADa%20la%20web%20de%20*MEDIC%20SALUD*.%20%C2%BFLes%20gustar%C3%ADa%20que%20les%20comparta%20el%20enlace%20de%20prueba%20por%20aqu%C3%AD%3F%20%F0%9F%9A%80"
"Neuro Oftalmología de Lima Dr. Alfonso Cardenas",doctores,"San Isidro",4.3,437,934962803,REDESIGN_WEBSITE,neuro-oftalmologia-de-lima-dr-.doctores.todolima.com,"https://wa.me/51934962803?text=Hola%20equipo%20de%20*Neuro%20Oftalmolog%C3%ADa%20de%20Lima%20Dr.%20Alfonso%20Cardenas*%20%F0%9F%91%8B%2C%20gusto%20en%20saludarlos.%0A%0ALes%20escribimos%20desde%20*Todo%20Lima*.%20Al%20revisar%20a%20los%20referentes%20de%20*San%20Isidro*%20(donde%20ustedes%20destacan%20con%20%E2%AD%90%20*4.3*)%2C%20realizamos%20una%20auditor%C3%ADa%20t%C3%A9cnica%20gratuita%20a%20su%20web%20actual%20(*https%3A%2F%2Fneurooftalmologialima.com%2F*).%0A%0ADetectamos%20algunos%20puntos%20cr%C3%ADticos%20que%20podr%C3%ADan%20estar%20frenando%20sus%20consultas%3A%0A%E2%80%A2%20El%20servidor%20tard%C3%B3%20m%C3%A1s%20de%204s%20en%20responder%20(Timeout).%20El%20sitio%20est%C3%A1%20pr%C3%A1cticamente%20inoperativo%20para%20usuarios%20m%C3%B3viles.%0A%0A%F0%9F%91%89%20*Dato%20clave%3A*%20El%2065%25%20de%20usuarios%20en%20Lima%20abandonan%20una%20web%20si%20no%20encuentran%20un%20bot%C3%B3n%20flotante%20de%20WhatsApp%20para%20consultar%20en%20el%20momento.%0A%F0%9F%91%89%20*Velocidad%3A*%20Su%20web%20tarda%204.0s%20en%20responder%2C%20cuando%20el%20est%C3%A1ndar%20recomendado%20para%20m%C3%B3viles%20es%20menor%20a%201.5s.%0A%0APodemos%20modernizar%20su%20web%20para%20que%20cargue%20al%20instante%20y%20multiplique%20sus%20contactos%20por%20WhatsApp.%20%C2%BFLes%20gustar%C3%ADa%20que%20les%20enviemos%20el%20reporte%20t%C3%A9cnico%20completo%3F%20%F0%9F%93%8A"
"Reencauchadora El Sol",llanterias,"Lima",4.3,429,996457525,REDESIGN_WEBSITE,reencauchadora-el-sol.llanterias.todolima.com,"https://wa.me/51996457525?text=Hola%20equipo%20de%20*Reencauchadora%20El%20Sol*%20%F0%9F%91%8B%2C%20gusto%20en%20saludarlos.%0A%0ALes%20escribimos%20desde%20*Todo%20Lima*.%20Al%20revisar%20a%20los%20referentes%20de%20*Lima*%20(donde%20ustedes%20destacan%20con%20%E2%AD%90%20*4.3*)%2C%20realizamos%20una%20auditor%C3%ADa%20t%C3%A9cnica%20gratuita%20a%20su%20web%20actual%20(*http%3A%2F%2Freencauchadoraelsol.com%2F*).%0A%0ADetectamos%20algunos%20puntos%20cr%C3%ADticos%20que%20podr%C3%ADan%20estar%20frenando%20sus%20consultas%3A%0A%E2%80%A2%20Sin%20etiqueta%20de%20t%C3%ADtulo%20principal%20H1%20para%20posicionamiento%20org%C3%A1nico.%0A%E2%80%A2%20No%20tiene%20bot%C3%B3n%20directo%20a%20WhatsApp%20(pierde%20hasta%2060%25%20de%20contactos%20en%20Lima).%0A%0A%F0%9F%91%89%20*Dato%20clave%3A*%20El%2065%25%20de%20usuarios%20en%20Lima%20abandonan%20una%20web%20si%20no%20encuentran%20un%20bot%C3%B3n%20flotante%20de%20WhatsApp%20para%20consultar%20en%20el%20momento.%0A%0A%0APodemos%20modernizar%20su%20web%20para%20que%20cargue%20al%20instante%20y%20multiplique%20sus%20contactos%20por%20WhatsApp.%20%C2%BFLes%20gustar%C3%ADa%20que%20les%20enviemos%20el%20reporte%20t%C3%A9cnico%20completo%3F%20%F0%9F%93%8A"
"Rebeca y su atelie",pintores,"Breña",4.3,4,999880602,NEEDS_WEBSITE,rebeca-y-su-atelie.pintores.todolima.com,"https://wa.me/51999880602?text=Hola%20equipo%20de%20*Rebeca%20y%20su%20atelie*%20%F0%9F%91%8B%2C%20los%20saluda%20el%20equipo%20de%20*Todo%20Lima*%20(todolima.com).%0A%0AVimos%20que%20son%20uno%20de%20los%20negocios%20con%20mejor%20reputaci%C3%B3n%20en%20Google%20Maps%20en%20*Bre%C3%B1a*%20(%E2%AD%90%20*4.3*%20con%204%20opiniones)%20%C2%A1Felicitaciones%20por%20tan%20buen%20trabajo!%20%F0%9F%91%8F%0A%0ARevisamos%20su%20ficha%20y%20notamos%20que%20*a%C3%BAn%20no%20cuentan%20con%20una%20p%C3%A1gina%20web%20oficial*%20donde%20sus%20clientes%20puedan%20consultar%20sus%20servicios%20y%20agendar%20directamente%20por%20WhatsApp.%0A%0AEn%20*Todo%20Lima*%20creamos%20landing%20pages%20ultrarr%C3%A1pidas%20pensadas%20para%20negocios%20locales%3A%0A%E2%9C%85%20Subdominio%20verificado%3A%20*rebeca-y-su-atelie.pintores.todolima.com*%0A%E2%9C%85%20Bot%C3%B3n%20de%20WhatsApp%20directo%20para%20recibir%20pedidos%20y%20citas%20al%20instante%0A%E2%9C%85%20Mapa%20interactivo%20para%20que%20lleguen%20a%20su%20local%20en%20Bre%C3%B1a%0A%E2%9C%85%20Carga%20en%20menos%20de%201%20segundo%20en%20celulares%0A%E2%9C%85%20Ficha%20destacada%20en%20el%20directorio%20todolima.com%0A%0APreparamos%20una%20demostraci%C3%B3n%20sin%20costo%20de%20c%C3%B3mo%20se%20ver%C3%ADa%20la%20web%20de%20*Rebeca%20y%20su%20atelie*.%20%C2%BFLes%20gustar%C3%ADa%20que%20les%20comparta%20el%20enlace%20de%20prueba%20por%20aqu%C3%AD%3F%20%F0%9F%9A%80"
"Antica Pizzería Barranco",pizzerias,"Barranco",4.3,1187,994293370,REDESIGN_WEBSITE,antica-pizzeria-barranco.pizzerias.todolima.com,"https://wa.me/51994293370?text=Hola%20equipo%20de%20*Antica%20Pizzer%C3%ADa%20Barranco*%20%F0%9F%91%8B%2C%20gusto%20en%20saludarlos.%0A%0ALes%20escribimos%20desde%20*Todo%20Lima*.%20Al%20revisar%20a%20los%20referentes%20de%20*Barranco*%20(donde%20ustedes%20destacan%20con%20%E2%AD%90%20*4.3*)%2C%20realizamos%20una%20auditor%C3%ADa%20t%C3%A9cnica%20gratuita%20a%20su%20web%20actual%20(*http%3A%2F%2Fwww.anticapizzeria.com.pe%2F*).%0A%0ADetectamos%20algunos%20puntos%20cr%C3%ADticos%20que%20podr%C3%ADan%20estar%20frenando%20sus%20consultas%3A%0A%E2%80%A2%20URL%20inv%C3%A1lida%20o%20no%20registrada.%0A%0A%F0%9F%91%89%20*Dato%20clave%3A*%20El%2065%25%20de%20usuarios%20en%20Lima%20abandonan%20una%20web%20si%20no%20encuentran%20un%20bot%C3%B3n%20flotante%20de%20WhatsApp%20para%20consultar%20en%20el%20momento.%0A%0A%0APodemos%20modernizar%20su%20web%20para%20que%20cargue%20al%20instante%20y%20multiplique%20sus%20contactos%20por%20WhatsApp.%20%C2%BFLes%20gustar%C3%ADa%20que%20les%20enviemos%20el%20reporte%20t%C3%A9cnico%20completo%3F%20%F0%9F%93%8A"
"Spizza",pizzerias,"Miraflores",4.3,744,969782396,REDESIGN_WEBSITE,spizza.pizzerias.todolima.com,"https://wa.me/51969782396?text=Hola%20equipo%20de%20*Spizza*%20%F0%9F%91%8B%2C%20gusto%20en%20saludarlos.%0A%0ALes%20escribimos%20desde%20*Todo%20Lima*.%20Al%20revisar%20a%20los%20referentes%20de%20*Miraflores*%20(donde%20ustedes%20destacan%20con%20%E2%AD%90%20*4.3*)%2C%20realizamos%20una%20auditor%C3%ADa%20t%C3%A9cnica%20gratuita%20a%20su%20web%20actual%20(*http%3A%2F%2Fwww.spizza.pe%2F*).%0A%0ADetectamos%20algunos%20puntos%20cr%C3%ADticos%20que%20podr%C3%ADan%20estar%20frenando%20sus%20consultas%3A%0A%E2%80%A2%20URL%20inv%C3%A1lida%20o%20no%20registrada.%0A%0A%F0%9F%91%89%20*Dato%20clave%3A*%20El%2065%25%20de%20usuarios%20en%20Lima%20abandonan%20una%20web%20si%20no%20encuentran%20un%20bot%C3%B3n%20flotante%20de%20WhatsApp%20para%20consultar%20en%20el%20momento.%0A%0A%0APodemos%20modernizar%20su%20web%20para%20que%20cargue%20al%20instante%20y%20multiplique%20sus%20contactos%20por%20WhatsApp.%20%C2%BFLes%20gustar%C3%ADa%20que%20les%20enviemos%20el%20reporte%20t%C3%A9cnico%20completo%3F%20%F0%9F%93%8A"
"Rossa Pizza Appassionata",pizzerias,"San Isidro",4.3,468,914777538,NEEDS_WEBSITE,rossa-pizza-appassionata.pizzerias.todolima.com,"https://wa.me/51914777538?text=Hola%20equipo%20de%20*Rossa%20Pizza%20Appassionata*%20%F0%9F%91%8B%2C%20los%20saluda%20el%20equipo%20de%20*Todo%20Lima*%20(todolima.com).%0A%0AVimos%20que%20son%20uno%20de%20los%20negocios%20con%20mejor%20reputaci%C3%B3n%20en%20Google%20Maps%20en%20*San%20Isidro*%20(%E2%AD%90%20*4.3*%20con%20468%20opiniones)%20%C2%A1Felicitaciones%20por%20tan%20buen%20trabajo!%20%F0%9F%91%8F%0A%0ARevisamos%20su%20ficha%20y%20notamos%20que%20*a%C3%BAn%20no%20cuentan%20con%20una%20p%C3%A1gina%20web%20oficial*%20donde%20sus%20clientes%20puedan%20consultar%20sus%20servicios%20y%20agendar%20directamente%20por%20WhatsApp.%0A%0AEn%20*Todo%20Lima*%20creamos%20landing%20pages%20ultrarr%C3%A1pidas%20pensadas%20para%20negocios%20locales%3A%0A%E2%9C%85%20Subdominio%20verificado%3A%20*rossa-pizza-appassionata.pizzerias.todolima.com*%0A%E2%9C%85%20Bot%C3%B3n%20de%20WhatsApp%20directo%20para%20recibir%20pedidos%20y%20citas%20al%20instante%0A%E2%9C%85%20Mapa%20interactivo%20para%20que%20lleguen%20a%20su%20local%20en%20San%20Isidro%0A%E2%9C%85%20Carga%20en%20menos%20de%201%20segundo%20en%20celulares%0A%E2%9C%85%20Ficha%20destacada%20en%20el%20directorio%20todolima.com%0A%0APreparamos%20una%20demostraci%C3%B3n%20sin%20costo%20de%20c%C3%B3mo%20se%20ver%C3%ADa%20la%20web%20de%20*Rossa%20Pizza%20Appassionata*.%20%C2%BFLes%20gustar%C3%ADa%20que%20les%20comparta%20el%20enlace%20de%20prueba%20por%20aqu%C3%AD%3F%20%F0%9F%9A%80"
"Er Pizzettaro",pizzerias,"San Borja",4.3,314,933770289,UPGRADE_SOCIAL,er-pizzettaro.pizzerias.todolima.com,"https://wa.me/51933770289?text=Hola%20equipo%20de%20*Er%20Pizzettaro*%20%F0%9F%91%8B%2C%20les%20escribe%20el%20equipo%20de%20*Todo%20Lima*.%0A%0ARevisamos%20su%20destacada%20presencia%20en%20Google%20Maps%20en%20*San%20Borja*%20(%E2%AD%90%20*4.3*%20estrellas).%20Notamos%20que%20su%20enlace%20de%20contacto%20actual%20es%20un%20perfil%20de%20*Facebook*.%0A%0AMuchos%20clientes%20que%20buscan%20servicios%20en%20Google%20prefieren%20una%20web%20r%C3%A1pida%20donde%20ver%20cat%C3%A1logo%2C%20fotos%20y%20tarifas%20sin%20tener%20que%20entrar%20a%20una%20red%20social%20o%20ver%20distracciones%20de%20la%20competencia.%0A%0A%C2%BFLes%20interesar%C3%ADa%20complementar%20su%20Facebook%20con%20una%20p%C3%A1gina%20web%20oficial%20(*er-pizzettaro.pizzerias.todolima.com*)%20con%20bot%C3%B3n%20directo%20a%20WhatsApp%20y%20presencia%20prioritaria%20en%20Todo%20Lima%3F%0A%0ATenemos%20una%20maqueta%20lista%20para%20mostrarles%20sin%20compromiso.%20%C2%BFSe%20las%20comparto%20por%20este%20medio%3F%20%F0%9F%93%B2"
"La Piccolina - Chacarilla",pizzerias,"Santiago de Surco",4.3,186,955400347,NEEDS_WEBSITE,la-piccolina-chacarilla.pizzerias.todolima.com,"https://wa.me/51955400347?text=Hola%20equipo%20de%20*La%20Piccolina%20-%20Chacarilla*%20%F0%9F%91%8B%2C%20los%20saluda%20el%20equipo%20de%20*Todo%20Lima*%20(todolima.com).%0A%0AVimos%20que%20son%20uno%20de%20los%20negocios%20con%20mejor%20reputaci%C3%B3n%20en%20Google%20Maps%20en%20*Santiago%20de%20Surco*%20(%E2%AD%90%20*4.3*%20con%20186%20opiniones)%20%C2%A1Felicitaciones%20por%20tan%20buen%20trabajo!%20%F0%9F%91%8F%0A%0ARevisamos%20su%20ficha%20y%20notamos%20que%20*a%C3%BAn%20no%20cuentan%20con%20una%20p%C3%A1gina%20web%20oficial*%20donde%20sus%20clientes%20puedan%20consultar%20sus%20servicios%20y%20agendar%20directamente%20por%20WhatsApp.%0A%0AEn%20*Todo%20Lima*%20creamos%20landing%20pages%20ultrarr%C3%A1pidas%20pensadas%20para%20negocios%20locales%3A%0A%E2%9C%85%20Subdominio%20verificado%3A%20*la-piccolina-chacarilla.pizzerias.todolima.com*%0A%E2%9C%85%20Bot%C3%B3n%20de%20WhatsApp%20directo%20para%20recibir%20pedidos%20y%20citas%20al%20instante%0A%E2%9C%85%20Mapa%20interactivo%20para%20que%20lleguen%20a%20su%20local%20en%20Santiago%20de%20Surco%0A%E2%9C%85%20Carga%20en%20menos%20de%201%20segundo%20en%20celulares%0A%E2%9C%85%20Ficha%20destacada%20en%20el%20directorio%20todolima.com%0A%0APreparamos%20una%20demostraci%C3%B3n%20sin%20costo%20de%20c%C3%B3mo%20se%20ver%C3%ADa%20la%20web%20de%20*La%20Piccolina%20-%20Chacarilla*.%20%C2%BFLes%20gustar%C3%ADa%20que%20les%20comparta%20el%20enlace%20de%20prueba%20por%20aqu%C3%AD%3F%20%F0%9F%9A%80"
"Borde Pizza Atelier",pizzerias,"Miraflores",4.3,170,922135130,REDESIGN_WEBSITE,borde-pizza-atelier.pizzerias.todolima.com,"https://wa.me/51922135130?text=Hola%20equipo%20de%20*Borde%20Pizza%20Atelier*%20%F0%9F%91%8B%2C%20gusto%20en%20saludarlos.%0A%0ALes%20escribimos%20desde%20*Todo%20Lima*.%20Al%20revisar%20a%20los%20referentes%20de%20*Miraflores*%20(donde%20ustedes%20destacan%20con%20%E2%AD%90%20*4.3*)%2C%20realizamos%20una%20auditor%C3%ADa%20t%C3%A9cnica%20gratuita%20a%20su%20web%20actual%20(*https%3A%2F%2Fbeacons.ai%2Fbordepizzaatelier*).%0A%0ADetectamos%20algunos%20puntos%20cr%C3%ADticos%20que%20podr%C3%ADan%20estar%20frenando%20sus%20consultas%3A%0A%E2%80%A2%20URL%20inv%C3%A1lida%20o%20no%20registrada.%0A%0A%F0%9F%91%89%20*Dato%20clave%3A*%20El%2065%25%20de%20usuarios%20en%20Lima%20abandonan%20una%20web%20si%20no%20encuentran%20un%20bot%C3%B3n%20flotante%20de%20WhatsApp%20para%20consultar%20en%20el%20momento.%0A%0A%0APodemos%20modernizar%20su%20web%20para%20que%20cargue%20al%20instante%20y%20multiplique%20sus%20contactos%20por%20WhatsApp.%20%C2%BFLes%20gustar%C3%ADa%20que%20les%20enviemos%20el%20reporte%20t%C3%A9cnico%20completo%3F%20%F0%9F%93%8A"
"La Parmesana Ristorante",pizzerias,"San Isidro",4.3,166,948074485,UPGRADE_SOCIAL,la-parmesana-ristorante.pizzerias.todolima.com,"https://wa.me/51948074485?text=Hola%20equipo%20de%20*La%20Parmesana%20Ristorante*%20%F0%9F%91%8B%2C%20les%20escribe%20el%20equipo%20de%20*Todo%20Lima*.%0A%0ARevisamos%20su%20destacada%20presencia%20en%20Google%20Maps%20en%20*San%20Isidro*%20(%E2%AD%90%20*4.3*%20estrellas).%20Notamos%20que%20su%20enlace%20de%20contacto%20actual%20es%20un%20perfil%20de%20*Instagram*.%0A%0AMuchos%20clientes%20que%20buscan%20servicios%20en%20Google%20prefieren%20una%20web%20r%C3%A1pida%20donde%20ver%20cat%C3%A1logo%2C%20fotos%20y%20tarifas%20sin%20tener%20que%20entrar%20a%20una%20red%20social%20o%20ver%20distracciones%20de%20la%20competencia.%0A%0A%C2%BFLes%20interesar%C3%ADa%20complementar%20su%20Instagram%20con%20una%20p%C3%A1gina%20web%20oficial%20(*la-parmesana-ristorante.pizzerias.todolima.com*)%20con%20bot%C3%B3n%20directo%20a%20WhatsApp%20y%20presencia%20prioritaria%20en%20Todo%20Lima%3F%0A%0ATenemos%20una%20maqueta%20lista%20para%20mostrarles%20sin%20compromiso.%20%C2%BFSe%20las%20comparto%20por%20este%20medio%3F%20%F0%9F%93%B2"
"Pollos a La Brasa Dragón",pollerias,"Lince",4.3,1173,999999999,NEEDS_WEBSITE,pollos-a-la-brasa-dragon.pollerias.todolima.com,"https://wa.me/51999999999?text=Hola%20equipo%20de%20*Pollos%20a%20La%20Brasa%20Drag%C3%B3n*%20%F0%9F%91%8B%2C%20los%20saluda%20el%20equipo%20de%20*Todo%20Lima*%20(todolima.com).%0A%0AVimos%20que%20son%20uno%20de%20los%20negocios%20con%20mejor%20reputaci%C3%B3n%20en%20Google%20Maps%20en%20*Lince*%20(%E2%AD%90%20*4.3*%20con%201173%20opiniones)%20%C2%A1Felicitaciones%20por%20tan%20buen%20trabajo!%20%F0%9F%91%8F%0A%0ARevisamos%20su%20ficha%20y%20notamos%20que%20*a%C3%BAn%20no%20cuentan%20con%20una%20p%C3%A1gina%20web%20oficial*%20donde%20sus%20clientes%20puedan%20consultar%20sus%20servicios%20y%20agendar%20directamente%20por%20WhatsApp.%0A%0AEn%20*Todo%20Lima*%20creamos%20landing%20pages%20ultrarr%C3%A1pidas%20pensadas%20para%20negocios%20locales%3A%0A%E2%9C%85%20Subdominio%20verificado%3A%20*pollos-a-la-brasa-dragon.pollerias.todolima.com*%0A%E2%9C%85%20Bot%C3%B3n%20de%20WhatsApp%20directo%20para%20recibir%20pedidos%20y%20citas%20al%20instante%0A%E2%9C%85%20Mapa%20interactivo%20para%20que%20lleguen%20a%20su%20local%20en%20Lince%0A%E2%9C%85%20Carga%20en%20menos%20de%201%20segundo%20en%20celulares%0A%E2%9C%85%20Ficha%20destacada%20en%20el%20directorio%20todolima.com%0A%0APreparamos%20una%20demostraci%C3%B3n%20sin%20costo%20de%20c%C3%B3mo%20se%20ver%C3%ADa%20la%20web%20de%20*Pollos%20a%20La%20Brasa%20Drag%C3%B3n*.%20%C2%BFLes%20gustar%C3%ADa%20que%20les%20comparta%20el%20enlace%20de%20prueba%20por%20aqu%C3%AD%3F%20%F0%9F%9A%80"
"Pollos A La Brasa Don Lucho",pollerias,"Breña",4.3,550,902658245,NEEDS_WEBSITE,pollos-a-la-brasa-don-lucho.pollerias.todolima.com,"https://wa.me/51902658245?text=Hola%20equipo%20de%20*Pollos%20A%20La%20Brasa%20Don%20Lucho*%20%F0%9F%91%8B%2C%20los%20saluda%20el%20equipo%20de%20*Todo%20Lima*%20(todolima.com).%0A%0AVimos%20que%20son%20uno%20de%20los%20negocios%20con%20mejor%20reputaci%C3%B3n%20en%20Google%20Maps%20en%20*Bre%C3%B1a*%20(%E2%AD%90%20*4.3*%20con%20550%20opiniones)%20%C2%A1Felicitaciones%20por%20tan%20buen%20trabajo!%20%F0%9F%91%8F%0A%0ARevisamos%20su%20ficha%20y%20notamos%20que%20*a%C3%BAn%20no%20cuentan%20con%20una%20p%C3%A1gina%20web%20oficial*%20donde%20sus%20clientes%20puedan%20consultar%20sus%20servicios%20y%20agendar%20directamente%20por%20WhatsApp.%0A%0AEn%20*Todo%20Lima*%20creamos%20landing%20pages%20ultrarr%C3%A1pidas%20pensadas%20para%20negocios%20locales%3A%0A%E2%9C%85%20Subdominio%20verificado%3A%20*pollos-a-la-brasa-don-lucho.pollerias.todolima.com*%0A%E2%9C%85%20Bot%C3%B3n%20de%20WhatsApp%20directo%20para%20recibir%20pedidos%20y%20citas%20al%20instante%0A%E2%9C%85%20Mapa%20interactivo%20para%20que%20lleguen%20a%20su%20local%20en%20Bre%C3%B1a%0A%E2%9C%85%20Carga%20en%20menos%20de%201%20segundo%20en%20celulares%0A%E2%9C%85%20Ficha%20destacada%20en%20el%20directorio%20todolima.com%0A%0APreparamos%20una%20demostraci%C3%B3n%20sin%20costo%20de%20c%C3%B3mo%20se%20ver%C3%ADa%20la%20web%20de%20*Pollos%20A%20La%20Brasa%20Don%20Lucho*.%20%C2%BFLes%20gustar%C3%ADa%20que%20les%20comparta%20el%20enlace%20de%20prueba%20por%20aqu%C3%AD%3F%20%F0%9F%9A%80"
"Polleria - Restaurant ""Sabores en Victoria""",pollerias,"Lima",4.3,75,986720835,NEEDS_WEBSITE,polleria-restaurant-sabores-en.pollerias.todolima.com,"https://wa.me/51986720835?text=Hola%20equipo%20de%20*Polleria%20-%20Restaurant%20%22Sabores%20en%20Victoria%22*%20%F0%9F%91%8B%2C%20los%20saluda%20el%20equipo%20de%20*Todo%20Lima*%20(todolima.com).%0A%0AVimos%20que%20son%20uno%20de%20los%20negocios%20con%20mejor%20reputaci%C3%B3n%20en%20Google%20Maps%20en%20*Lima*%20(%E2%AD%90%20*4.3*%20con%2075%20opiniones)%20%C2%A1Felicitaciones%20por%20tan%20buen%20trabajo!%20%F0%9F%91%8F%0A%0ARevisamos%20su%20ficha%20y%20notamos%20que%20*a%C3%BAn%20no%20cuentan%20con%20una%20p%C3%A1gina%20web%20oficial*%20donde%20sus%20clientes%20puedan%20consultar%20sus%20servicios%20y%20agendar%20directamente%20por%20WhatsApp.%0A%0AEn%20*Todo%20Lima*%20creamos%20landing%20pages%20ultrarr%C3%A1pidas%20pensadas%20para%20negocios%20locales%3A%0A%E2%9C%85%20Subdominio%20verificado%3A%20*polleria-restaurant-sabores-en.pollerias.todolima.com*%0A%E2%9C%85%20Bot%C3%B3n%20de%20WhatsApp%20directo%20para%20recibir%20pedidos%20y%20citas%20al%20instante%0A%E2%9C%85%20Mapa%20interactivo%20para%20que%20lleguen%20a%20su%20local%20en%20Lima%0A%E2%9C%85%20Carga%20en%20menos%20de%201%20segundo%20en%20celulares%0A%E2%9C%85%20Ficha%20destacada%20en%20el%20directorio%20todolima.com%0A%0APreparamos%20una%20demostraci%C3%B3n%20sin%20costo%20de%20c%C3%B3mo%20se%20ver%C3%ADa%20la%20web%20de%20*Polleria%20-%20Restaurant%20%22Sabores%20en%20Victoria%22*.%20%C2%BFLes%20gustar%C3%ADa%20que%20les%20comparta%20el%20enlace%20de%20prueba%20por%20aqu%C3%AD%3F%20%F0%9F%9A%80"
"Polleria ""DON Gil""",pollerias,"Lima",4.3,3,959420344,UPGRADE_SOCIAL,polleria-don-gil.pollerias.todolima.com,"https://wa.me/51959420344?text=Hola%20equipo%20de%20*Polleria%20%22DON%20Gil%22*%20%F0%9F%91%8B%2C%20les%20escribe%20el%20equipo%20de%20*Todo%20Lima*.%0A%0ARevisamos%20su%20destacada%20presencia%20en%20Google%20Maps%20en%20*Lima*%20(%E2%AD%90%20*4.3*%20estrellas).%20Notamos%20que%20su%20enlace%20de%20contacto%20actual%20es%20un%20perfil%20de%20*Facebook*.%0A%0AMuchos%20clientes%20que%20buscan%20servicios%20en%20Google%20prefieren%20una%20web%20r%C3%A1pida%20donde%20ver%20cat%C3%A1logo%2C%20fotos%20y%20tarifas%20sin%20tener%20que%20entrar%20a%20una%20red%20social%20o%20ver%20distracciones%20de%20la%20competencia.%0A%0A%C2%BFLes%20interesar%C3%ADa%20complementar%20su%20Facebook%20con%20una%20p%C3%A1gina%20web%20oficial%20(*polleria-don-gil.pollerias.todolima.com*)%20con%20bot%C3%B3n%20directo%20a%20WhatsApp%20y%20presencia%20prioritaria%20en%20Todo%20Lima%3F%0A%0ATenemos%20una%20maqueta%20lista%20para%20mostrarles%20sin%20compromiso.%20%C2%BFSe%20las%20comparto%20por%20este%20medio%3F%20%F0%9F%93%B2"
"Polleria ""El Brasador"" - Marcos",pollerias,"Lima",4.3,3,940022571,NEEDS_WEBSITE,polleria-el-brasador-marcos.pollerias.todolima.com,"https://wa.me/51940022571?text=Hola%20equipo%20de%20*Polleria%20%22El%20Brasador%22%20-%20Marcos*%20%F0%9F%91%8B%2C%20los%20saluda%20el%20equipo%20de%20*Todo%20Lima*%20(todolima.com).%0A%0AVimos%20que%20son%20uno%20de%20los%20negocios%20con%20mejor%20reputaci%C3%B3n%20en%20Google%20Maps%20en%20*Lima*%20(%E2%AD%90%20*4.3*%20con%203%20opiniones)%20%C2%A1Felicitaciones%20por%20tan%20buen%20trabajo!%20%F0%9F%91%8F%0A%0ARevisamos%20su%20ficha%20y%20notamos%20que%20*a%C3%BAn%20no%20cuentan%20con%20una%20p%C3%A1gina%20web%20oficial*%20donde%20sus%20clientes%20puedan%20consultar%20sus%20servicios%20y%20agendar%20directamente%20por%20WhatsApp.%0A%0AEn%20*Todo%20Lima*%20creamos%20landing%20pages%20ultrarr%C3%A1pidas%20pensadas%20para%20negocios%20locales%3A%0A%E2%9C%85%20Subdominio%20verificado%3A%20*polleria-el-brasador-marcos.pollerias.todolima.com*%0A%E2%9C%85%20Bot%C3%B3n%20de%20WhatsApp%20directo%20para%20recibir%20pedidos%20y%20citas%20al%20instante%0A%E2%9C%85%20Mapa%20interactivo%20para%20que%20lleguen%20a%20su%20local%20en%20Lima%0A%E2%9C%85%20Carga%20en%20menos%20de%201%20segundo%20en%20celulares%0A%E2%9C%85%20Ficha%20destacada%20en%20el%20directorio%20todolima.com%0A%0APreparamos%20una%20demostraci%C3%B3n%20sin%20costo%20de%20c%C3%B3mo%20se%20ver%C3%ADa%20la%20web%20de%20*Polleria%20%22El%20Brasador%22%20-%20Marcos*.%20%C2%BFLes%20gustar%C3%ADa%20que%20les%20comparta%20el%20enlace%20de%20prueba%20por%20aqu%C3%AD%3F%20%F0%9F%9A%80"
"INVERSIONES ASUNCION TALLER AUTOMOTRIZ",talleres-mecanicos,"Lima",4.3,42,977881462,UPGRADE_SOCIAL,inversiones-asuncion-taller-au.talleres-mecanicos.todolima.com,"https://wa.me/51977881462?text=Hola%20equipo%20de%20*INVERSIONES%20ASUNCION%20TALLER%20AUTOMOTRIZ*%20%F0%9F%91%8B%2C%20les%20escribe%20el%20equipo%20de%20*Todo%20Lima*.%0A%0ARevisamos%20su%20destacada%20presencia%20en%20Google%20Maps%20en%20*Lima*%20(%E2%AD%90%20*4.3*%20estrellas).%20Notamos%20que%20su%20enlace%20de%20contacto%20actual%20es%20un%20perfil%20de%20*Facebook*.%0A%0AMuchos%20clientes%20que%20buscan%20servicios%20en%20Google%20prefieren%20una%20web%20r%C3%A1pida%20donde%20ver%20cat%C3%A1logo%2C%20fotos%20y%20tarifas%20sin%20tener%20que%20entrar%20a%20una%20red%20social%20o%20ver%20distracciones%20de%20la%20competencia.%0A%0A%C2%BFLes%20interesar%C3%ADa%20complementar%20su%20Facebook%20con%20una%20p%C3%A1gina%20web%20oficial%20(*inversiones-asuncion-taller-au.talleres-mecanicos.todolima.com*)%20con%20bot%C3%B3n%20directo%20a%20WhatsApp%20y%20presencia%20prioritaria%20en%20Todo%20Lima%3F%0A%0ATenemos%20una%20maqueta%20lista%20para%20mostrarles%20sin%20compromiso.%20%C2%BFSe%20las%20comparto%20por%20este%20medio%3F%20%F0%9F%93%B2"
"Incemar",carpinteros,"Ate",4.2,86,924083393,NEEDS_WEBSITE,incemar.carpinteros.todolima.com,"https://wa.me/51924083393?text=Hola%20equipo%20de%20*Incemar*%20%F0%9F%91%8B%2C%20los%20saluda%20el%20equipo%20de%20*Todo%20Lima*%20(todolima.com).%0A%0AVimos%20que%20son%20uno%20de%20los%20negocios%20con%20mejor%20reputaci%C3%B3n%20en%20Google%20Maps%20en%20*Ate*%20(%E2%AD%90%20*4.2*%20con%2086%20opiniones)%20%C2%A1Felicitaciones%20por%20tan%20buen%20trabajo!%20%F0%9F%91%8F%0A%0ARevisamos%20su%20ficha%20y%20notamos%20que%20*a%C3%BAn%20no%20cuentan%20con%20una%20p%C3%A1gina%20web%20oficial*%20donde%20sus%20clientes%20puedan%20consultar%20sus%20servicios%20y%20agendar%20directamente%20por%20WhatsApp.%0A%0AEn%20*Todo%20Lima*%20creamos%20landing%20pages%20ultrarr%C3%A1pidas%20pensadas%20para%20negocios%20locales%3A%0A%E2%9C%85%20Subdominio%20verificado%3A%20*incemar.carpinteros.todolima.com*%0A%E2%9C%85%20Bot%C3%B3n%20de%20WhatsApp%20directo%20para%20recibir%20pedidos%20y%20citas%20al%20instante%0A%E2%9C%85%20Mapa%20interactivo%20para%20que%20lleguen%20a%20su%20local%20en%20Ate%0A%E2%9C%85%20Carga%20en%20menos%20de%201%20segundo%20en%20celulares%0A%E2%9C%85%20Ficha%20destacada%20en%20el%20directorio%20todolima.com%0A%0APreparamos%20una%20demostraci%C3%B3n%20sin%20costo%20de%20c%C3%B3mo%20se%20ver%C3%ADa%20la%20web%20de%20*Incemar*.%20%C2%BFLes%20gustar%C3%ADa%20que%20les%20comparta%20el%20enlace%20de%20prueba%20por%20aqu%C3%AD%3F%20%F0%9F%9A%80"
"Popular de aquí y de allá",cevicherias,"Miraflores",4.2,3168,977534028,REDESIGN_WEBSITE,popular-de-aqui-y-de-alla.cevicherias.todolima.com,"https://wa.me/51977534028?text=Hola%20equipo%20de%20*Popular%20de%20aqu%C3%AD%20y%20de%20all%C3%A1*%20%F0%9F%91%8B%2C%20gusto%20en%20saludarlos.%0A%0ALes%20escribimos%20desde%20*Todo%20Lima*.%20Al%20revisar%20a%20los%20referentes%20de%20*Miraflores*%20(donde%20ustedes%20destacan%20con%20%E2%AD%90%20*4.2*)%2C%20realizamos%20una%20auditor%C3%ADa%20t%C3%A9cnica%20gratuita%20a%20su%20web%20actual%20(*https%3A%2F%2Fpopular.pe%2F*).%0A%0ADetectamos%20algunos%20puntos%20cr%C3%ADticos%20que%20podr%C3%ADan%20estar%20frenando%20sus%20consultas%3A%0A%E2%80%A2%20URL%20inv%C3%A1lida%20o%20no%20registrada.%0A%0A%F0%9F%91%89%20*Dato%20clave%3A*%20El%2065%25%20de%20usuarios%20en%20Lima%20abandonan%20una%20web%20si%20no%20encuentran%20un%20bot%C3%B3n%20flotante%20de%20WhatsApp%20para%20consultar%20en%20el%20momento.%0A%0A%0APodemos%20modernizar%20su%20web%20para%20que%20cargue%20al%20instante%20y%20multiplique%20sus%20contactos%20por%20WhatsApp.%20%C2%BFLes%20gustar%C3%ADa%20que%20les%20enviemos%20el%20reporte%20t%C3%A9cnico%20completo%3F%20%F0%9F%93%8A"
"Cevichería Puerto 260",cevicherias,"Lima",4.2,1384,995525843,REDESIGN_WEBSITE,cevicheria-puerto-260.cevicherias.todolima.com,"https://wa.me/51995525843?text=Hola%20equipo%20de%20*Cevicher%C3%ADa%20Puerto%20260*%20%F0%9F%91%8B%2C%20gusto%20en%20saludarlos.%0A%0ALes%20escribimos%20desde%20*Todo%20Lima*.%20Al%20revisar%20a%20los%20referentes%20de%20*Lima*%20(donde%20ustedes%20destacan%20con%20%E2%AD%90%20*4.2*)%2C%20realizamos%20una%20auditor%C3%ADa%20t%C3%A9cnica%20gratuita%20a%20su%20web%20actual%20(*http%3A%2F%2Fwww.grupogastromicolamuralla.pe%2F*).%0A%0ADetectamos%20algunos%20puntos%20cr%C3%ADticos%20que%20podr%C3%ADan%20estar%20frenando%20sus%20consultas%3A%0A%E2%80%A2%20URL%20inv%C3%A1lida%20o%20no%20registrada.%0A%0A%F0%9F%91%89%20*Dato%20clave%3A*%20El%2065%25%20de%20usuarios%20en%20Lima%20abandonan%20una%20web%20si%20no%20encuentran%20un%20bot%C3%B3n%20flotante%20de%20WhatsApp%20para%20consultar%20en%20el%20momento.%0A%0A%0APodemos%20modernizar%20su%20web%20para%20que%20cargue%20al%20instante%20y%20multiplique%20sus%20contactos%20por%20WhatsApp.%20%C2%BFLes%20gustar%C3%ADa%20que%20les%20enviemos%20el%20reporte%20t%C3%A9cnico%20completo%3F%20%F0%9F%93%8A"
"Cevichería Sabor a Mar",cevicherias,"Miraflores",4.2,1374,961277467,NEEDS_WEBSITE,cevicheria-sabor-a-mar.cevicherias.todolima.com,"https://wa.me/51961277467?text=Hola%20equipo%20de%20*Cevicher%C3%ADa%20Sabor%20a%20Mar*%20%F0%9F%91%8B%2C%20los%20saluda%20el%20equipo%20de%20*Todo%20Lima*%20(todolima.com).%0A%0AVimos%20que%20son%20uno%20de%20los%20negocios%20con%20mejor%20reputaci%C3%B3n%20en%20Google%20Maps%20en%20*Miraflores*%20(%E2%AD%90%20*4.2*%20con%201374%20opiniones)%20%C2%A1Felicitaciones%20por%20tan%20buen%20trabajo!%20%F0%9F%91%8F%0A%0ARevisamos%20su%20ficha%20y%20notamos%20que%20*a%C3%BAn%20no%20cuentan%20con%20una%20p%C3%A1gina%20web%20oficial*%20donde%20sus%20clientes%20puedan%20consultar%20sus%20servicios%20y%20agendar%20directamente%20por%20WhatsApp.%0A%0AEn%20*Todo%20Lima*%20creamos%20landing%20pages%20ultrarr%C3%A1pidas%20pensadas%20para%20negocios%20locales%3A%0A%E2%9C%85%20Subdominio%20verificado%3A%20*cevicheria-sabor-a-mar.cevicherias.todolima.com*%0A%E2%9C%85%20Bot%C3%B3n%20de%20WhatsApp%20directo%20para%20recibir%20pedidos%20y%20citas%20al%20instante%0A%E2%9C%85%20Mapa%20interactivo%20para%20que%20lleguen%20a%20su%20local%20en%20Miraflores%0A%E2%9C%85%20Carga%20en%20menos%20de%201%20segundo%20en%20celulares%0A%E2%9C%85%20Ficha%20destacada%20en%20el%20directorio%20todolima.com%0A%0APreparamos%20una%20demostraci%C3%B3n%20sin%20costo%20de%20c%C3%B3mo%20se%20ver%C3%ADa%20la%20web%20de%20*Cevicher%C3%ADa%20Sabor%20a%20Mar*.%20%C2%BFLes%20gustar%C3%ADa%20que%20les%20comparta%20el%20enlace%20de%20prueba%20por%20aqu%C3%AD%3F%20%F0%9F%9A%80"
"Cevicheria Puro Mar Fusión Nikkei",cevicherias,"Miraflores",4.2,439,952009656,REDESIGN_WEBSITE,cevicheria-puro-mar-fusion-nik.cevicherias.todolima.com,"https://wa.me/51952009656?text=Hola%20equipo%20de%20*Cevicheria%20Puro%20Mar%20Fusi%C3%B3n%20Nikkei*%20%F0%9F%91%8B%2C%20gusto%20en%20saludarlos.%0A%0ALes%20escribimos%20desde%20*Todo%20Lima*.%20Al%20revisar%20a%20los%20referentes%20de%20*Miraflores*%20(donde%20ustedes%20destacan%20con%20%E2%AD%90%20*4.2*)%2C%20realizamos%20una%20auditor%C3%ADa%20t%C3%A9cnica%20gratuita%20a%20su%20web%20actual%20(*https%3A%2F%2Fcevicheriapuromar.com%2F*).%0A%0ADetectamos%20algunos%20puntos%20cr%C3%ADticos%20que%20podr%C3%ADan%20estar%20frenando%20sus%20consultas%3A%0A%E2%80%A2%20URL%20inv%C3%A1lida%20o%20no%20registrada.%0A%0A%F0%9F%91%89%20*Dato%20clave%3A*%20El%2065%25%20de%20usuarios%20en%20Lima%20abandonan%20una%20web%20si%20no%20encuentran%20un%20bot%C3%B3n%20flotante%20de%20WhatsApp%20para%20consultar%20en%20el%20momento.%0A%0A%0APodemos%20modernizar%20su%20web%20para%20que%20cargue%20al%20instante%20y%20multiplique%20sus%20contactos%20por%20WhatsApp.%20%C2%BFLes%20gustar%C3%ADa%20que%20les%20enviemos%20el%20reporte%20t%C3%A9cnico%20completo%3F%20%F0%9F%93%8A"
"RESTAURANTE CEVICHERIA BAHÍA AZUL",cevicherias,"Lima",4.2,362,993177349,UPGRADE_SOCIAL,restaurante-cevicheria-bahia-a.cevicherias.todolima.com,"https://wa.me/51993177349?text=Hola%20equipo%20de%20*RESTAURANTE%20CEVICHERIA%20BAH%C3%8DA%20AZUL*%20%F0%9F%91%8B%2C%20les%20escribe%20el%20equipo%20de%20*Todo%20Lima*.%0A%0ARevisamos%20su%20destacada%20presencia%20en%20Google%20Maps%20en%20*Lima*%20(%E2%AD%90%20*4.2*%20estrellas).%20Notamos%20que%20su%20enlace%20de%20contacto%20actual%20es%20un%20perfil%20de%20*Facebook*.%0A%0AMuchos%20clientes%20que%20buscan%20servicios%20en%20Google%20prefieren%20una%20web%20r%C3%A1pida%20donde%20ver%20cat%C3%A1logo%2C%20fotos%20y%20tarifas%20sin%20tener%20que%20entrar%20a%20una%20red%20social%20o%20ver%20distracciones%20de%20la%20competencia.%0A%0A%C2%BFLes%20interesar%C3%ADa%20complementar%20su%20Facebook%20con%20una%20p%C3%A1gina%20web%20oficial%20(*restaurante-cevicheria-bahia-a.cevicherias.todolima.com*)%20con%20bot%C3%B3n%20directo%20a%20WhatsApp%20y%20presencia%20prioritaria%20en%20Todo%20Lima%3F%0A%0ATenemos%20una%20maqueta%20lista%20para%20mostrarles%20sin%20compromiso.%20%C2%BFSe%20las%20comparto%20por%20este%20medio%3F%20%F0%9F%93%B2"
"Chifa Lui Lei sede Jesus Maria",chifas,"Jesús María",4.2,1025,986801611,NEEDS_WEBSITE,chifa-lui-lei-sede-jesus-maria.chifas.todolima.com,"https://wa.me/51986801611?text=Hola%20equipo%20de%20*Chifa%20Lui%20Lei%20sede%20Jesus%20Maria*%20%F0%9F%91%8B%2C%20los%20saluda%20el%20equipo%20de%20*Todo%20Lima*%20(todolima.com).%0A%0AVimos%20que%20son%20uno%20de%20los%20negocios%20con%20mejor%20reputaci%C3%B3n%20en%20Google%20Maps%20en%20*Jes%C3%BAs%20Mar%C3%ADa*%20(%E2%AD%90%20*4.2*%20con%201025%20opiniones)%20%C2%A1Felicitaciones%20por%20tan%20buen%20trabajo!%20%F0%9F%91%8F%0A%0ARevisamos%20su%20ficha%20y%20notamos%20que%20*a%C3%BAn%20no%20cuentan%20con%20una%20p%C3%A1gina%20web%20oficial*%20donde%20sus%20clientes%20puedan%20consultar%20sus%20servicios%20y%20agendar%20directamente%20por%20WhatsApp.%0A%0AEn%20*Todo%20Lima*%20creamos%20landing%20pages%20ultrarr%C3%A1pidas%20pensadas%20para%20negocios%20locales%3A%0A%E2%9C%85%20Subdominio%20verificado%3A%20*chifa-lui-lei-sede-jesus-maria.chifas.todolima.com*%0A%E2%9C%85%20Bot%C3%B3n%20de%20WhatsApp%20directo%20para%20recibir%20pedidos%20y%20citas%20al%20instante%0A%E2%9C%85%20Mapa%20interactivo%20para%20que%20lleguen%20a%20su%20local%20en%20Jes%C3%BAs%20Mar%C3%ADa%0A%E2%9C%85%20Carga%20en%20menos%20de%201%20segundo%20en%20celulares%0A%E2%9C%85%20Ficha%20destacada%20en%20el%20directorio%20todolima.com%0A%0APreparamos%20una%20demostraci%C3%B3n%20sin%20costo%20de%20c%C3%B3mo%20se%20ver%C3%ADa%20la%20web%20de%20*Chifa%20Lui%20Lei%20sede%20Jesus%20Maria*.%20%C2%BFLes%20gustar%C3%ADa%20que%20les%20comparta%20el%20enlace%20de%20prueba%20por%20aqu%C3%AD%3F%20%F0%9F%9A%80"
"Wa Lok Salon Familiar",chifas,"Lima",4.2,631,959584722,REDESIGN_WEBSITE,wa-lok-salon-familiar.chifas.todolima.com,"https://wa.me/51959584722?text=Hola%20equipo%20de%20*Wa%20Lok%20Salon%20Familiar*%20%F0%9F%91%8B%2C%20gusto%20en%20saludarlos.%0A%0ALes%20escribimos%20desde%20*Todo%20Lima*.%20Al%20revisar%20a%20los%20referentes%20de%20*Lima*%20(donde%20ustedes%20destacan%20con%20%E2%AD%90%20*4.2*)%2C%20realizamos%20una%20auditor%C3%ADa%20t%C3%A9cnica%20gratuita%20a%20su%20web%20actual%20(*http%3A%2F%2Fwww.walok.com%2F*).%0A%0ADetectamos%20algunos%20puntos%20cr%C3%ADticos%20que%20podr%C3%ADan%20estar%20frenando%20sus%20consultas%3A%0A%E2%80%A2%20URL%20inv%C3%A1lida%20o%20no%20registrada.%0A%0A%F0%9F%91%89%20*Dato%20clave%3A*%20El%2065%25%20de%20usuarios%20en%20Lima%20abandonan%20una%20web%20si%20no%20encuentran%20un%20bot%C3%B3n%20flotante%20de%20WhatsApp%20para%20consultar%20en%20el%20momento.%0A%0A%0APodemos%20modernizar%20su%20web%20para%20que%20cargue%20al%20instante%20y%20multiplique%20sus%20contactos%20por%20WhatsApp.%20%C2%BFLes%20gustar%C3%ADa%20que%20les%20enviemos%20el%20reporte%20t%C3%A9cnico%20completo%3F%20%F0%9F%93%8A"
"chifa chino Lin",chifas,"Lince",4.2,463,942862229,NEEDS_WEBSITE,chifa-chino-lin.chifas.todolima.com,"https://wa.me/51942862229?text=Hola%20equipo%20de%20*chifa%20chino%20Lin*%20%F0%9F%91%8B%2C%20los%20saluda%20el%20equipo%20de%20*Todo%20Lima*%20(todolima.com).%0A%0AVimos%20que%20son%20uno%20de%20los%20negocios%20con%20mejor%20reputaci%C3%B3n%20en%20Google%20Maps%20en%20*Lince*%20(%E2%AD%90%20*4.2*%20con%20463%20opiniones)%20%C2%A1Felicitaciones%20por%20tan%20buen%20trabajo!%20%F0%9F%91%8F%0A%0ARevisamos%20su%20ficha%20y%20notamos%20que%20*a%C3%BAn%20no%20cuentan%20con%20una%20p%C3%A1gina%20web%20oficial*%20donde%20sus%20clientes%20puedan%20consultar%20sus%20servicios%20y%20agendar%20directamente%20por%20WhatsApp.%0A%0AEn%20*Todo%20Lima*%20creamos%20landing%20pages%20ultrarr%C3%A1pidas%20pensadas%20para%20negocios%20locales%3A%0A%E2%9C%85%20Subdominio%20verificado%3A%20*chifa-chino-lin.chifas.todolima.com*%0A%E2%9C%85%20Bot%C3%B3n%20de%20WhatsApp%20directo%20para%20recibir%20pedidos%20y%20citas%20al%20instante%0A%E2%9C%85%20Mapa%20interactivo%20para%20que%20lleguen%20a%20su%20local%20en%20Lince%0A%E2%9C%85%20Carga%20en%20menos%20de%201%20segundo%20en%20celulares%0A%E2%9C%85%20Ficha%20destacada%20en%20el%20directorio%20todolima.com%0A%0APreparamos%20una%20demostraci%C3%B3n%20sin%20costo%20de%20c%C3%B3mo%20se%20ver%C3%ADa%20la%20web%20de%20*chifa%20chino%20Lin*.%20%C2%BFLes%20gustar%C3%ADa%20que%20les%20comparta%20el%20enlace%20de%20prueba%20por%20aqu%C3%AD%3F%20%F0%9F%9A%80"
"Chifa Circulo Militar",chifas,"Jesús María",4.2,252,997912182,REDESIGN_WEBSITE,chifa-circulo-militar.chifas.todolima.com,"https://wa.me/51997912182?text=Hola%20equipo%20de%20*Chifa%20Circulo%20Militar*%20%F0%9F%91%8B%2C%20gusto%20en%20saludarlos.%0A%0ALes%20escribimos%20desde%20*Todo%20Lima*.%20Al%20revisar%20a%20los%20referentes%20de%20*Jes%C3%BAs%20Mar%C3%ADa*%20(donde%20ustedes%20destacan%20con%20%E2%AD%90%20*4.2*)%2C%20realizamos%20una%20auditor%C3%ADa%20t%C3%A9cnica%20gratuita%20a%20su%20web%20actual%20(*http%3A%2F%2Fwww.chifacirculomilitar.com%2F*).%0A%0ADetectamos%20algunos%20puntos%20cr%C3%ADticos%20que%20podr%C3%ADan%20estar%20frenando%20sus%20consultas%3A%0A%E2%80%A2%20URL%20inv%C3%A1lida%20o%20no%20registrada.%0A%0A%F0%9F%91%89%20*Dato%20clave%3A*%20El%2065%25%20de%20usuarios%20en%20Lima%20abandonan%20una%20web%20si%20no%20encuentran%20un%20bot%C3%B3n%20flotante%20de%20WhatsApp%20para%20consultar%20en%20el%20momento.%0A%0A%0APodemos%20modernizar%20su%20web%20para%20que%20cargue%20al%20instante%20y%20multiplique%20sus%20contactos%20por%20WhatsApp.%20%C2%BFLes%20gustar%C3%ADa%20que%20les%20enviemos%20el%20reporte%20t%C3%A9cnico%20completo%3F%20%F0%9F%93%8A"
"EL MANDARÍN POLLOS A LA LEÑA-CHIFA RAYMONDI",chifas,"Lima",4.2,39,902720637,NEEDS_WEBSITE,el-mandarin-pollos-a-la-lena-c.chifas.todolima.com,"https://wa.me/51902720637?text=Hola%20equipo%20de%20*EL%20MANDAR%C3%8DN%20POLLOS%20A%20LA%20LE%C3%91A-CHIFA%20RAYMONDI*%20%F0%9F%91%8B%2C%20los%20saluda%20el%20equipo%20de%20*Todo%20Lima*%20(todolima.com).%0A%0AVimos%20que%20son%20uno%20de%20los%20negocios%20con%20mejor%20reputaci%C3%B3n%20en%20Google%20Maps%20en%20*Lima*%20(%E2%AD%90%20*4.2*%20con%2039%20opiniones)%20%C2%A1Felicitaciones%20por%20tan%20buen%20trabajo!%20%F0%9F%91%8F%0A%0ARevisamos%20su%20ficha%20y%20notamos%20que%20*a%C3%BAn%20no%20cuentan%20con%20una%20p%C3%A1gina%20web%20oficial*%20donde%20sus%20clientes%20puedan%20consultar%20sus%20servicios%20y%20agendar%20directamente%20por%20WhatsApp.%0A%0AEn%20*Todo%20Lima*%20creamos%20landing%20pages%20ultrarr%C3%A1pidas%20pensadas%20para%20negocios%20locales%3A%0A%E2%9C%85%20Subdominio%20verificado%3A%20*el-mandarin-pollos-a-la-lena-c.chifas.todolima.com*%0A%E2%9C%85%20Bot%C3%B3n%20de%20WhatsApp%20directo%20para%20recibir%20pedidos%20y%20citas%20al%20instante%0A%E2%9C%85%20Mapa%20interactivo%20para%20que%20lleguen%20a%20su%20local%20en%20Lima%0A%E2%9C%85%20Carga%20en%20menos%20de%201%20segundo%20en%20celulares%0A%E2%9C%85%20Ficha%20destacada%20en%20el%20directorio%20todolima.com%0A%0APreparamos%20una%20demostraci%C3%B3n%20sin%20costo%20de%20c%C3%B3mo%20se%20ver%C3%ADa%20la%20web%20de%20*EL%20MANDAR%C3%8DN%20POLLOS%20A%20LA%20LE%C3%91A-CHIFA%20RAYMONDI*.%20%C2%BFLes%20gustar%C3%ADa%20que%20les%20comparta%20el%20enlace%20de%20prueba%20por%20aqu%C3%AD%3F%20%F0%9F%9A%80"
"Alvaro Gasfitería",gasfiteros,"Lima",4.2,426,929070685,NEEDS_WEBSITE,alvaro-gasfiteria.gasfiteros.todolima.com,"https://wa.me/51929070685?text=Hola%20equipo%20de%20*Alvaro%20Gasfiter%C3%ADa*%20%F0%9F%91%8B%2C%20los%20saluda%20el%20equipo%20de%20*Todo%20Lima*%20(todolima.com).%0A%0AVimos%20que%20son%20uno%20de%20los%20negocios%20con%20mejor%20reputaci%C3%B3n%20en%20Google%20Maps%20en%20*Lima*%20(%E2%AD%90%20*4.2*%20con%20426%20opiniones)%20%C2%A1Felicitaciones%20por%20tan%20buen%20trabajo!%20%F0%9F%91%8F%0A%0ARevisamos%20su%20ficha%20y%20notamos%20que%20*a%C3%BAn%20no%20cuentan%20con%20una%20p%C3%A1gina%20web%20oficial*%20donde%20sus%20clientes%20puedan%20consultar%20sus%20servicios%20y%20agendar%20directamente%20por%20WhatsApp.%0A%0AEn%20*Todo%20Lima*%20creamos%20landing%20pages%20ultrarr%C3%A1pidas%20pensadas%20para%20negocios%20locales%3A%0A%E2%9C%85%20Subdominio%20verificado%3A%20*alvaro-gasfiteria.gasfiteros.todolima.com*%0A%E2%9C%85%20Bot%C3%B3n%20de%20WhatsApp%20directo%20para%20recibir%20pedidos%20y%20citas%20al%20instante%0A%E2%9C%85%20Mapa%20interactivo%20para%20que%20lleguen%20a%20su%20local%20en%20Lima%0A%E2%9C%85%20Carga%20en%20menos%20de%201%20segundo%20en%20celulares%0A%E2%9C%85%20Ficha%20destacada%20en%20el%20directorio%20todolima.com%0A%0APreparamos%20una%20demostraci%C3%B3n%20sin%20costo%20de%20c%C3%B3mo%20se%20ver%C3%ADa%20la%20web%20de%20*Alvaro%20Gasfiter%C3%ADa*.%20%C2%BFLes%20gustar%C3%ADa%20que%20les%20comparta%20el%20enlace%20de%20prueba%20por%20aqu%C3%AD%3F%20%F0%9F%9A%80"
"Gasfiteria Minchola",gasfiteros,"Breña",4.2,425,993893088,REDESIGN_WEBSITE,gasfiteria-minchola.gasfiteros.todolima.com,"https://wa.me/51993893088?text=Hola%20equipo%20de%20*Gasfiteria%20Minchola*%20%F0%9F%91%8B%2C%20gusto%20en%20saludarlos.%0A%0ALes%20escribimos%20desde%20*Todo%20Lima*.%20Al%20revisar%20a%20los%20referentes%20de%20*Bre%C3%B1a*%20(donde%20ustedes%20destacan%20con%20%E2%AD%90%20*4.2*)%2C%20realizamos%20una%20auditor%C3%ADa%20t%C3%A9cnica%20gratuita%20a%20su%20web%20actual%20(*https%3A%2F%2Fwww.gasfiteriatecnicaminchola.com%2F*).%0A%0ADetectamos%20algunos%20puntos%20cr%C3%ADticos%20que%20podr%C3%ADan%20estar%20frenando%20sus%20consultas%3A%0A%E2%80%A2%20Carece%20de%20meta-descripci%C3%B3n%20optimizada%20para%20b%C3%BAsquedas%20en%20Google.%0A%E2%80%A2%20Sin%20etiqueta%20de%20t%C3%ADtulo%20principal%20H1%20para%20posicionamiento%20org%C3%A1nico.%0A%E2%80%A2%20No%20tiene%20bot%C3%B3n%20directo%20a%20WhatsApp%20(pierde%20hasta%2060%25%20de%20contactos%20en%20Lima).%0A%0A%F0%9F%91%89%20*Dato%20clave%3A*%20El%2065%25%20de%20usuarios%20en%20Lima%20abandonan%20una%20web%20si%20no%20encuentran%20un%20bot%C3%B3n%20flotante%20de%20WhatsApp%20para%20consultar%20en%20el%20momento.%0A%0A%0APodemos%20modernizar%20su%20web%20para%20que%20cargue%20al%20instante%20y%20multiplique%20sus%20contactos%20por%20WhatsApp.%20%C2%BFLes%20gustar%C3%ADa%20que%20les%20enviemos%20el%20reporte%20t%C3%A9cnico%20completo%3F%20%F0%9F%93%8A"
"Maestro Pintor, Albañil, Gasfitero, Enchapador",gasfiteros,"Lima",4.2,6,937467686,NEEDS_WEBSITE,maestro-pintor-albanil-gasfite.gasfiteros.todolima.com,"https://wa.me/51937467686?text=Hola%20equipo%20de%20*Maestro%20Pintor%2C%20Alba%C3%B1il%2C%20Gasfitero%2C%20Enchapador*%20%F0%9F%91%8B%2C%20los%20saluda%20el%20equipo%20de%20*Todo%20Lima*%20(todolima.com).%0A%0AVimos%20que%20son%20uno%20de%20los%20negocios%20con%20mejor%20reputaci%C3%B3n%20en%20Google%20Maps%20en%20*Lima*%20(%E2%AD%90%20*4.2*%20con%206%20opiniones)%20%C2%A1Felicitaciones%20por%20tan%20buen%20trabajo!%20%F0%9F%91%8F%0A%0ARevisamos%20su%20ficha%20y%20notamos%20que%20*a%C3%BAn%20no%20cuentan%20con%20una%20p%C3%A1gina%20web%20oficial*%20donde%20sus%20clientes%20puedan%20consultar%20sus%20servicios%20y%20agendar%20directamente%20por%20WhatsApp.%0A%0AEn%20*Todo%20Lima*%20creamos%20landing%20pages%20ultrarr%C3%A1pidas%20pensadas%20para%20negocios%20locales%3A%0A%E2%9C%85%20Subdominio%20verificado%3A%20*maestro-pintor-albanil-gasfite.gasfiteros.todolima.com*%0A%E2%9C%85%20Bot%C3%B3n%20de%20WhatsApp%20directo%20para%20recibir%20pedidos%20y%20citas%20al%20instante%0A%E2%9C%85%20Mapa%20interactivo%20para%20que%20lleguen%20a%20su%20local%20en%20Lima%0A%E2%9C%85%20Carga%20en%20menos%20de%201%20segundo%20en%20celulares%0A%E2%9C%85%20Ficha%20destacada%20en%20el%20directorio%20todolima.com%0A%0APreparamos%20una%20demostraci%C3%B3n%20sin%20costo%20de%20c%C3%B3mo%20se%20ver%C3%ADa%20la%20web%20de%20*Maestro%20Pintor%2C%20Alba%C3%B1il%2C%20Gasfitero%2C%20Enchapador*.%20%C2%BFLes%20gustar%C3%ADa%20que%20les%20comparta%20el%20enlace%20de%20prueba%20por%20aqu%C3%AD%3F%20%F0%9F%9A%80"
"GASFITEROS / ELECTRICISTAS / POZOS A TIERRA / LIMPIEZA DE TANQUE",gasfiteros,"Magdalena del Mar",4.2,6,926100042,NEEDS_WEBSITE,gasfiteros-electricistas-pozos.gasfiteros.todolima.com,"https://wa.me/51926100042?text=Hola%20equipo%20de%20*GASFITEROS%20%2F%20ELECTRICISTAS%20%2F%20POZOS%20A%20TIERRA%20%2F%20LIMPIEZA%20DE%20TANQUE*%20%F0%9F%91%8B%2C%20los%20saluda%20el%20equipo%20de%20*Todo%20Lima*%20(todolima.com).%0A%0AVimos%20que%20son%20uno%20de%20los%20negocios%20con%20mejor%20reputaci%C3%B3n%20en%20Google%20Maps%20en%20*Magdalena%20del%20Mar*%20(%E2%AD%90%20*4.2*%20con%206%20opiniones)%20%C2%A1Felicitaciones%20por%20tan%20buen%20trabajo!%20%F0%9F%91%8F%0A%0ARevisamos%20su%20ficha%20y%20notamos%20que%20*a%C3%BAn%20no%20cuentan%20con%20una%20p%C3%A1gina%20web%20oficial*%20donde%20sus%20clientes%20puedan%20consultar%20sus%20servicios%20y%20agendar%20directamente%20por%20WhatsApp.%0A%0AEn%20*Todo%20Lima*%20creamos%20landing%20pages%20ultrarr%C3%A1pidas%20pensadas%20para%20negocios%20locales%3A%0A%E2%9C%85%20Subdominio%20verificado%3A%20*gasfiteros-electricistas-pozos.gasfiteros.todolima.com*%0A%E2%9C%85%20Bot%C3%B3n%20de%20WhatsApp%20directo%20para%20recibir%20pedidos%20y%20citas%20al%20instante%0A%E2%9C%85%20Mapa%20interactivo%20para%20que%20lleguen%20a%20su%20local%20en%20Magdalena%20del%20Mar%0A%E2%9C%85%20Carga%20en%20menos%20de%201%20segundo%20en%20celulares%0A%E2%9C%85%20Ficha%20destacada%20en%20el%20directorio%20todolima.com%0A%0APreparamos%20una%20demostraci%C3%B3n%20sin%20costo%20de%20c%C3%B3mo%20se%20ver%C3%ADa%20la%20web%20de%20*GASFITEROS%20%2F%20ELECTRICISTAS%20%2F%20POZOS%20A%20TIERRA%20%2F%20LIMPIEZA%20DE%20TANQUE*.%20%C2%BFLes%20gustar%C3%ADa%20que%20les%20comparta%20el%20enlace%20de%20prueba%20por%20aqu%C3%AD%3F%20%F0%9F%9A%80"
"Marleni y el Arte 1 - Tienda de Arte Lima Centro",pintores,"Lima",4.2,752,991420269,REDESIGN_WEBSITE,marleni-y-el-arte-1-tienda-de-.pintores.todolima.com,"https://wa.me/51991420269?text=Hola%20equipo%20de%20*Marleni%20y%20el%20Arte%201%20-%20Tienda%20de%20Arte%20Lima%20Centro*%20%F0%9F%91%8B%2C%20gusto%20en%20saludarlos.%0A%0ALes%20escribimos%20desde%20*Todo%20Lima*.%20Al%20revisar%20a%20los%20referentes%20de%20*Lima*%20(donde%20ustedes%20destacan%20con%20%E2%AD%90%20*4.2*)%2C%20realizamos%20una%20auditor%C3%ADa%20t%C3%A9cnica%20gratuita%20a%20su%20web%20actual%20(*http%3A%2F%2Fwww.marlenidelarte.com%2F*).%0A%0ADetectamos%20algunos%20puntos%20cr%C3%ADticos%20que%20podr%C3%ADan%20estar%20frenando%20sus%20consultas%3A%0A%E2%80%A2%20El%20servidor%20tard%C3%B3%20m%C3%A1s%20de%204s%20en%20responder%20(Timeout).%20El%20sitio%20est%C3%A1%20pr%C3%A1cticamente%20inoperativo%20para%20usuarios%20m%C3%B3viles.%0A%0A%F0%9F%91%89%20*Dato%20clave%3A*%20El%2065%25%20de%20usuarios%20en%20Lima%20abandonan%20una%20web%20si%20no%20encuentran%20un%20bot%C3%B3n%20flotante%20de%20WhatsApp%20para%20consultar%20en%20el%20momento.%0A%F0%9F%91%89%20*Velocidad%3A*%20Su%20web%20tarda%204.0s%20en%20responder%2C%20cuando%20el%20est%C3%A1ndar%20recomendado%20para%20m%C3%B3viles%20es%20menor%20a%201.5s.%0A%0APodemos%20modernizar%20su%20web%20para%20que%20cargue%20al%20instante%20y%20multiplique%20sus%20contactos%20por%20WhatsApp.%20%C2%BFLes%20gustar%C3%ADa%20que%20les%20enviemos%20el%20reporte%20t%C3%A9cnico%20completo%3F%20%F0%9F%93%8A"
"Peter y el Arte 1-Tienda de arte Lima centro",pintores,"Lima",4.2,196,955538992,UPGRADE_SOCIAL,peter-y-el-arte-1-tienda-de-ar.pintores.todolima.com,"https://wa.me/51955538992?text=Hola%20equipo%20de%20*Peter%20y%20el%20Arte%201-Tienda%20de%20arte%20Lima%20centro*%20%F0%9F%91%8B%2C%20les%20escribe%20el%20equipo%20de%20*Todo%20Lima*.%0A%0ARevisamos%20su%20destacada%20presencia%20en%20Google%20Maps%20en%20*Lima*%20(%E2%AD%90%20*4.2*%20estrellas).%20Notamos%20que%20su%20enlace%20de%20contacto%20actual%20es%20un%20perfil%20de%20*Facebook*.%0A%0AMuchos%20clientes%20que%20buscan%20servicios%20en%20Google%20prefieren%20una%20web%20r%C3%A1pida%20donde%20ver%20cat%C3%A1logo%2C%20fotos%20y%20tarifas%20sin%20tener%20que%20entrar%20a%20una%20red%20social%20o%20ver%20distracciones%20de%20la%20competencia.%0A%0A%C2%BFLes%20interesar%C3%ADa%20complementar%20su%20Facebook%20con%20una%20p%C3%A1gina%20web%20oficial%20(*peter-y-el-arte-1-tienda-de-ar.pintores.todolima.com*)%20con%20bot%C3%B3n%20directo%20a%20WhatsApp%20y%20presencia%20prioritaria%20en%20Todo%20Lima%3F%0A%0ATenemos%20una%20maqueta%20lista%20para%20mostrarles%20sin%20compromiso.%20%C2%BFSe%20las%20comparto%20por%20este%20medio%3F%20%F0%9F%93%B2"
"Anima e Cuore",pizzerias,"San Isidro",4.2,705,922440529,REDESIGN_WEBSITE,anima-e-cuore.pizzerias.todolima.com,"https://wa.me/51922440529?text=Hola%20equipo%20de%20*Anima%20e%20Cuore*%20%F0%9F%91%8B%2C%20gusto%20en%20saludarlos.%0A%0ALes%20escribimos%20desde%20*Todo%20Lima*.%20Al%20revisar%20a%20los%20referentes%20de%20*San%20Isidro*%20(donde%20ustedes%20destacan%20con%20%E2%AD%90%20*4.2*)%2C%20realizamos%20una%20auditor%C3%ADa%20t%C3%A9cnica%20gratuita%20a%20su%20web%20actual%20(*http%3A%2F%2Fwww.dlpgroup.pe%2F*).%0A%0ADetectamos%20algunos%20puntos%20cr%C3%ADticos%20que%20podr%C3%ADan%20estar%20frenando%20sus%20consultas%3A%0A%E2%80%A2%20URL%20inv%C3%A1lida%20o%20no%20registrada.%0A%0A%F0%9F%91%89%20*Dato%20clave%3A*%20El%2065%25%20de%20usuarios%20en%20Lima%20abandonan%20una%20web%20si%20no%20encuentran%20un%20bot%C3%B3n%20flotante%20de%20WhatsApp%20para%20consultar%20en%20el%20momento.%0A%0A%0APodemos%20modernizar%20su%20web%20para%20que%20cargue%20al%20instante%20y%20multiplique%20sus%20contactos%20por%20WhatsApp.%20%C2%BFLes%20gustar%C3%ADa%20que%20les%20enviemos%20el%20reporte%20t%C3%A9cnico%20completo%3F%20%F0%9F%93%8A"
"AMARCORD Trattoria",pizzerias,"Miraflores",4.2,651,922463615,REDESIGN_WEBSITE,amarcord-trattoria.pizzerias.todolima.com,"https://wa.me/51922463615?text=Hola%20equipo%20de%20*AMARCORD%20Trattoria*%20%F0%9F%91%8B%2C%20gusto%20en%20saludarlos.%0A%0ALes%20escribimos%20desde%20*Todo%20Lima*.%20Al%20revisar%20a%20los%20referentes%20de%20*Miraflores*%20(donde%20ustedes%20destacan%20con%20%E2%AD%90%20*4.2*)%2C%20realizamos%20una%20auditor%C3%ADa%20t%C3%A9cnica%20gratuita%20a%20su%20web%20actual%20(*https%3A%2F%2Famarcord-2.ola.click%2F*).%0A%0ADetectamos%20algunos%20puntos%20cr%C3%ADticos%20que%20podr%C3%ADan%20estar%20frenando%20sus%20consultas%3A%0A%E2%80%A2%20URL%20inv%C3%A1lida%20o%20no%20registrada.%0A%0A%F0%9F%91%89%20*Dato%20clave%3A*%20El%2065%25%20de%20usuarios%20en%20Lima%20abandonan%20una%20web%20si%20no%20encuentran%20un%20bot%C3%B3n%20flotante%20de%20WhatsApp%20para%20consultar%20en%20el%20momento.%0A%0A%0APodemos%20modernizar%20su%20web%20para%20que%20cargue%20al%20instante%20y%20multiplique%20sus%20contactos%20por%20WhatsApp.%20%C2%BFLes%20gustar%C3%ADa%20que%20les%20enviemos%20el%20reporte%20t%C3%A9cnico%20completo%3F%20%F0%9F%93%8A"
"Pasaje San Ramón (ex Calle de las Pizzas)",pizzerias,"Lima",4.2,442,977843636,NEEDS_WEBSITE,pasaje-san-ramon-ex-calle-de-l.pizzerias.todolima.com,"https://wa.me/51977843636?text=Hola%20equipo%20de%20*Pasaje%20San%20Ram%C3%B3n%20(ex%20Calle%20de%20las%20Pizzas)*%20%F0%9F%91%8B%2C%20los%20saluda%20el%20equipo%20de%20*Todo%20Lima*%20(todolima.com).%0A%0AVimos%20que%20son%20uno%20de%20los%20negocios%20con%20mejor%20reputaci%C3%B3n%20en%20Google%20Maps%20en%20*Lima*%20(%E2%AD%90%20*4.2*%20con%20442%20opiniones)%20%C2%A1Felicitaciones%20por%20tan%20buen%20trabajo!%20%F0%9F%91%8F%0A%0ARevisamos%20su%20ficha%20y%20notamos%20que%20*a%C3%BAn%20no%20cuentan%20con%20una%20p%C3%A1gina%20web%20oficial*%20donde%20sus%20clientes%20puedan%20consultar%20sus%20servicios%20y%20agendar%20directamente%20por%20WhatsApp.%0A%0AEn%20*Todo%20Lima*%20creamos%20landing%20pages%20ultrarr%C3%A1pidas%20pensadas%20para%20negocios%20locales%3A%0A%E2%9C%85%20Subdominio%20verificado%3A%20*pasaje-san-ramon-ex-calle-de-l.pizzerias.todolima.com*%0A%E2%9C%85%20Bot%C3%B3n%20de%20WhatsApp%20directo%20para%20recibir%20pedidos%20y%20citas%20al%20instante%0A%E2%9C%85%20Mapa%20interactivo%20para%20que%20lleguen%20a%20su%20local%20en%20Lima%0A%E2%9C%85%20Carga%20en%20menos%20de%201%20segundo%20en%20celulares%0A%E2%9C%85%20Ficha%20destacada%20en%20el%20directorio%20todolima.com%0A%0APreparamos%20una%20demostraci%C3%B3n%20sin%20costo%20de%20c%C3%B3mo%20se%20ver%C3%ADa%20la%20web%20de%20*Pasaje%20San%20Ram%C3%B3n%20(ex%20Calle%20de%20las%20Pizzas)*.%20%C2%BFLes%20gustar%C3%ADa%20que%20les%20comparta%20el%20enlace%20de%20prueba%20por%20aqu%C3%AD%3F%20%F0%9F%9A%80"
"La Italiana Pizzería",pizzerias,"Lima",4.2,257,958057189,UPGRADE_SOCIAL,la-italiana-pizzeria.pizzerias.todolima.com,"https://wa.me/51958057189?text=Hola%20equipo%20de%20*La%20Italiana%20Pizzer%C3%ADa*%20%F0%9F%91%8B%2C%20les%20escribe%20el%20equipo%20de%20*Todo%20Lima*.%0A%0ARevisamos%20su%20destacada%20presencia%20en%20Google%20Maps%20en%20*Lima*%20(%E2%AD%90%20*4.2*%20estrellas).%20Notamos%20que%20su%20enlace%20de%20contacto%20actual%20es%20un%20perfil%20de%20*Facebook*.%0A%0AMuchos%20clientes%20que%20buscan%20servicios%20en%20Google%20prefieren%20una%20web%20r%C3%A1pida%20donde%20ver%20cat%C3%A1logo%2C%20fotos%20y%20tarifas%20sin%20tener%20que%20entrar%20a%20una%20red%20social%20o%20ver%20distracciones%20de%20la%20competencia.%0A%0A%C2%BFLes%20interesar%C3%ADa%20complementar%20su%20Facebook%20con%20una%20p%C3%A1gina%20web%20oficial%20(*la-italiana-pizzeria.pizzerias.todolima.com*)%20con%20bot%C3%B3n%20directo%20a%20WhatsApp%20y%20presencia%20prioritaria%20en%20Todo%20Lima%3F%0A%0ATenemos%20una%20maqueta%20lista%20para%20mostrarles%20sin%20compromiso.%20%C2%BFSe%20las%20comparto%20por%20este%20medio%3F%20%F0%9F%93%B2"
"Pollos Los Antojitos de la Nonna",pollerias,"Lima",4.2,1524,932918229,NEEDS_WEBSITE,pollos-los-antojitos-de-la-non.pollerias.todolima.com,"https://wa.me/51932918229?text=Hola%20equipo%20de%20*Pollos%20Los%20Antojitos%20de%20la%20Nonna*%20%F0%9F%91%8B%2C%20los%20saluda%20el%20equipo%20de%20*Todo%20Lima*%20(todolima.com).%0A%0AVimos%20que%20son%20uno%20de%20los%20negocios%20con%20mejor%20reputaci%C3%B3n%20en%20Google%20Maps%20en%20*Lima*%20(%E2%AD%90%20*4.2*%20con%201524%20opiniones)%20%C2%A1Felicitaciones%20por%20tan%20buen%20trabajo!%20%F0%9F%91%8F%0A%0ARevisamos%20su%20ficha%20y%20notamos%20que%20*a%C3%BAn%20no%20cuentan%20con%20una%20p%C3%A1gina%20web%20oficial*%20donde%20sus%20clientes%20puedan%20consultar%20sus%20servicios%20y%20agendar%20directamente%20por%20WhatsApp.%0A%0AEn%20*Todo%20Lima*%20creamos%20landing%20pages%20ultrarr%C3%A1pidas%20pensadas%20para%20negocios%20locales%3A%0A%E2%9C%85%20Subdominio%20verificado%3A%20*pollos-los-antojitos-de-la-non.pollerias.todolima.com*%0A%E2%9C%85%20Bot%C3%B3n%20de%20WhatsApp%20directo%20para%20recibir%20pedidos%20y%20citas%20al%20instante%0A%E2%9C%85%20Mapa%20interactivo%20para%20que%20lleguen%20a%20su%20local%20en%20Lima%0A%E2%9C%85%20Carga%20en%20menos%20de%201%20segundo%20en%20celulares%0A%E2%9C%85%20Ficha%20destacada%20en%20el%20directorio%20todolima.com%0A%0APreparamos%20una%20demostraci%C3%B3n%20sin%20costo%20de%20c%C3%B3mo%20se%20ver%C3%ADa%20la%20web%20de%20*Pollos%20Los%20Antojitos%20de%20la%20Nonna*.%20%C2%BFLes%20gustar%C3%ADa%20que%20les%20comparta%20el%20enlace%20de%20prueba%20por%20aqu%C3%AD%3F%20%F0%9F%9A%80"
"Akiki Restaurante",pollerias,"Lince",4.2,1079,941345452,REDESIGN_WEBSITE,akiki-restaurante.pollerias.todolima.com,"https://wa.me/51941345452?text=Hola%20equipo%20de%20*Akiki%20Restaurante*%20%F0%9F%91%8B%2C%20gusto%20en%20saludarlos.%0A%0ALes%20escribimos%20desde%20*Todo%20Lima*.%20Al%20revisar%20a%20los%20referentes%20de%20*Lince*%20(donde%20ustedes%20destacan%20con%20%E2%AD%90%20*4.2*)%2C%20realizamos%20una%20auditor%C3%ADa%20t%C3%A9cnica%20gratuita%20a%20su%20web%20actual%20(*https%3A%2F%2Fakikirestaurante.pe%2F*).%0A%0ADetectamos%20algunos%20puntos%20cr%C3%ADticos%20que%20podr%C3%ADan%20estar%20frenando%20sus%20consultas%3A%0A%E2%80%A2%20URL%20inv%C3%A1lida%20o%20no%20registrada.%0A%0A%F0%9F%91%89%20*Dato%20clave%3A*%20El%2065%25%20de%20usuarios%20en%20Lima%20abandonan%20una%20web%20si%20no%20encuentran%20un%20bot%C3%B3n%20flotante%20de%20WhatsApp%20para%20consultar%20en%20el%20momento.%0A%0A%0APodemos%20modernizar%20su%20web%20para%20que%20cargue%20al%20instante%20y%20multiplique%20sus%20contactos%20por%20WhatsApp.%20%C2%BFLes%20gustar%C3%ADa%20que%20les%20enviemos%20el%20reporte%20t%C3%A9cnico%20completo%3F%20%F0%9F%93%8A"
"Pollos Welkin",pollerias,"Lima",4.2,373,996556070,NEEDS_WEBSITE,pollos-welkin.pollerias.todolima.com,"https://wa.me/51996556070?text=Hola%20equipo%20de%20*Pollos%20Welkin*%20%F0%9F%91%8B%2C%20los%20saluda%20el%20equipo%20de%20*Todo%20Lima*%20(todolima.com).%0A%0AVimos%20que%20son%20uno%20de%20los%20negocios%20con%20mejor%20reputaci%C3%B3n%20en%20Google%20Maps%20en%20*Lima*%20(%E2%AD%90%20*4.2*%20con%20373%20opiniones)%20%C2%A1Felicitaciones%20por%20tan%20buen%20trabajo!%20%F0%9F%91%8F%0A%0ARevisamos%20su%20ficha%20y%20notamos%20que%20*a%C3%BAn%20no%20cuentan%20con%20una%20p%C3%A1gina%20web%20oficial*%20donde%20sus%20clientes%20puedan%20consultar%20sus%20servicios%20y%20agendar%20directamente%20por%20WhatsApp.%0A%0AEn%20*Todo%20Lima*%20creamos%20landing%20pages%20ultrarr%C3%A1pidas%20pensadas%20para%20negocios%20locales%3A%0A%E2%9C%85%20Subdominio%20verificado%3A%20*pollos-welkin.pollerias.todolima.com*%0A%E2%9C%85%20Bot%C3%B3n%20de%20WhatsApp%20directo%20para%20recibir%20pedidos%20y%20citas%20al%20instante%0A%E2%9C%85%20Mapa%20interactivo%20para%20que%20lleguen%20a%20su%20local%20en%20Lima%0A%E2%9C%85%20Carga%20en%20menos%20de%201%20segundo%20en%20celulares%0A%E2%9C%85%20Ficha%20destacada%20en%20el%20directorio%20todolima.com%0A%0APreparamos%20una%20demostraci%C3%B3n%20sin%20costo%20de%20c%C3%B3mo%20se%20ver%C3%ADa%20la%20web%20de%20*Pollos%20Welkin*.%20%C2%BFLes%20gustar%C3%ADa%20que%20les%20comparta%20el%20enlace%20de%20prueba%20por%20aqu%C3%AD%3F%20%F0%9F%9A%80"
"Maspollo Pollos a la Brasa",pollerias,"Lima",4.2,193,924632727,NEEDS_WEBSITE,maspollo-pollos-a-la-brasa.pollerias.todolima.com,"https://wa.me/51924632727?text=Hola%20equipo%20de%20*Maspollo%20Pollos%20a%20la%20Brasa*%20%F0%9F%91%8B%2C%20los%20saluda%20el%20equipo%20de%20*Todo%20Lima*%20(todolima.com).%0A%0AVimos%20que%20son%20uno%20de%20los%20negocios%20con%20mejor%20reputaci%C3%B3n%20en%20Google%20Maps%20en%20*Lima*%20(%E2%AD%90%20*4.2*%20con%20193%20opiniones)%20%C2%A1Felicitaciones%20por%20tan%20buen%20trabajo!%20%F0%9F%91%8F%0A%0ARevisamos%20su%20ficha%20y%20notamos%20que%20*a%C3%BAn%20no%20cuentan%20con%20una%20p%C3%A1gina%20web%20oficial*%20donde%20sus%20clientes%20puedan%20consultar%20sus%20servicios%20y%20agendar%20directamente%20por%20WhatsApp.%0A%0AEn%20*Todo%20Lima*%20creamos%20landing%20pages%20ultrarr%C3%A1pidas%20pensadas%20para%20negocios%20locales%3A%0A%E2%9C%85%20Subdominio%20verificado%3A%20*maspollo-pollos-a-la-brasa.pollerias.todolima.com*%0A%E2%9C%85%20Bot%C3%B3n%20de%20WhatsApp%20directo%20para%20recibir%20pedidos%20y%20citas%20al%20instante%0A%E2%9C%85%20Mapa%20interactivo%20para%20que%20lleguen%20a%20su%20local%20en%20Lima%0A%E2%9C%85%20Carga%20en%20menos%20de%201%20segundo%20en%20celulares%0A%E2%9C%85%20Ficha%20destacada%20en%20el%20directorio%20todolima.com%0A%0APreparamos%20una%20demostraci%C3%B3n%20sin%20costo%20de%20c%C3%B3mo%20se%20ver%C3%ADa%20la%20web%20de%20*Maspollo%20Pollos%20a%20la%20Brasa*.%20%C2%BFLes%20gustar%C3%ADa%20que%20les%20comparta%20el%20enlace%20de%20prueba%20por%20aqu%C3%AD%3F%20%F0%9F%9A%80"
"Ronaldo's chicken polleria",pollerias,"Lima",4.2,75,981639520,NEEDS_WEBSITE,ronaldo-s-chicken-polleria.pollerias.todolima.com,"https://wa.me/51981639520?text=Hola%20equipo%20de%20*Ronaldo's%20chicken%20polleria*%20%F0%9F%91%8B%2C%20los%20saluda%20el%20equipo%20de%20*Todo%20Lima*%20(todolima.com).%0A%0AVimos%20que%20son%20uno%20de%20los%20negocios%20con%20mejor%20reputaci%C3%B3n%20en%20Google%20Maps%20en%20*Lima*%20(%E2%AD%90%20*4.2*%20con%2075%20opiniones)%20%C2%A1Felicitaciones%20por%20tan%20buen%20trabajo!%20%F0%9F%91%8F%0A%0ARevisamos%20su%20ficha%20y%20notamos%20que%20*a%C3%BAn%20no%20cuentan%20con%20una%20p%C3%A1gina%20web%20oficial*%20donde%20sus%20clientes%20puedan%20consultar%20sus%20servicios%20y%20agendar%20directamente%20por%20WhatsApp.%0A%0AEn%20*Todo%20Lima*%20creamos%20landing%20pages%20ultrarr%C3%A1pidas%20pensadas%20para%20negocios%20locales%3A%0A%E2%9C%85%20Subdominio%20verificado%3A%20*ronaldo-s-chicken-polleria.pollerias.todolima.com*%0A%E2%9C%85%20Bot%C3%B3n%20de%20WhatsApp%20directo%20para%20recibir%20pedidos%20y%20citas%20al%20instante%0A%E2%9C%85%20Mapa%20interactivo%20para%20que%20lleguen%20a%20su%20local%20en%20Lima%0A%E2%9C%85%20Carga%20en%20menos%20de%201%20segundo%20en%20celulares%0A%E2%9C%85%20Ficha%20destacada%20en%20el%20directorio%20todolima.com%0A%0APreparamos%20una%20demostraci%C3%B3n%20sin%20costo%20de%20c%C3%B3mo%20se%20ver%C3%ADa%20la%20web%20de%20*Ronaldo's%20chicken%20polleria*.%20%C2%BFLes%20gustar%C3%ADa%20que%20les%20comparta%20el%20enlace%20de%20prueba%20por%20aqu%C3%AD%3F%20%F0%9F%9A%80"
"Polleria tenorio",pollerias,"Lima",4.2,60,920330353,NEEDS_WEBSITE,polleria-tenorio.pollerias.todolima.com,"https://wa.me/51920330353?text=Hola%20equipo%20de%20*Polleria%20tenorio*%20%F0%9F%91%8B%2C%20los%20saluda%20el%20equipo%20de%20*Todo%20Lima*%20(todolima.com).%0A%0AVimos%20que%20son%20uno%20de%20los%20negocios%20con%20mejor%20reputaci%C3%B3n%20en%20Google%20Maps%20en%20*Lima*%20(%E2%AD%90%20*4.2*%20con%2060%20opiniones)%20%C2%A1Felicitaciones%20por%20tan%20buen%20trabajo!%20%F0%9F%91%8F%0A%0ARevisamos%20su%20ficha%20y%20notamos%20que%20*a%C3%BAn%20no%20cuentan%20con%20una%20p%C3%A1gina%20web%20oficial*%20donde%20sus%20clientes%20puedan%20consultar%20sus%20servicios%20y%20agendar%20directamente%20por%20WhatsApp.%0A%0AEn%20*Todo%20Lima*%20creamos%20landing%20pages%20ultrarr%C3%A1pidas%20pensadas%20para%20negocios%20locales%3A%0A%E2%9C%85%20Subdominio%20verificado%3A%20*polleria-tenorio.pollerias.todolima.com*%0A%E2%9C%85%20Bot%C3%B3n%20de%20WhatsApp%20directo%20para%20recibir%20pedidos%20y%20citas%20al%20instante%0A%E2%9C%85%20Mapa%20interactivo%20para%20que%20lleguen%20a%20su%20local%20en%20Lima%0A%E2%9C%85%20Carga%20en%20menos%20de%201%20segundo%20en%20celulares%0A%E2%9C%85%20Ficha%20destacada%20en%20el%20directorio%20todolima.com%0A%0APreparamos%20una%20demostraci%C3%B3n%20sin%20costo%20de%20c%C3%B3mo%20se%20ver%C3%ADa%20la%20web%20de%20*Polleria%20tenorio*.%20%C2%BFLes%20gustar%C3%ADa%20que%20les%20comparta%20el%20enlace%20de%20prueba%20por%20aqu%C3%AD%3F%20%F0%9F%9A%80"
"restaurante, Pollería Sabor Peruano 2421",pollerias,"Lima",4.2,57,945836182,UPGRADE_SOCIAL,restaurante-polleria-sabor-per.pollerias.todolima.com,"https://wa.me/51945836182?text=Hola%20equipo%20de%20*restaurante%2C%20Poller%C3%ADa%20Sabor%20Peruano%202421*%20%F0%9F%91%8B%2C%20les%20escribe%20el%20equipo%20de%20*Todo%20Lima*.%0A%0ARevisamos%20su%20destacada%20presencia%20en%20Google%20Maps%20en%20*Lima*%20(%E2%AD%90%20*4.2*%20estrellas).%20Notamos%20que%20su%20enlace%20de%20contacto%20actual%20es%20un%20perfil%20de%20*Instagram*.%0A%0AMuchos%20clientes%20que%20buscan%20servicios%20en%20Google%20prefieren%20una%20web%20r%C3%A1pida%20donde%20ver%20cat%C3%A1logo%2C%20fotos%20y%20tarifas%20sin%20tener%20que%20entrar%20a%20una%20red%20social%20o%20ver%20distracciones%20de%20la%20competencia.%0A%0A%C2%BFLes%20interesar%C3%ADa%20complementar%20su%20Instagram%20con%20una%20p%C3%A1gina%20web%20oficial%20(*restaurante-polleria-sabor-per.pollerias.todolima.com*)%20con%20bot%C3%B3n%20directo%20a%20WhatsApp%20y%20presencia%20prioritaria%20en%20Todo%20Lima%3F%0A%0ATenemos%20una%20maqueta%20lista%20para%20mostrarles%20sin%20compromiso.%20%C2%BFSe%20las%20comparto%20por%20este%20medio%3F%20%F0%9F%93%B2"
"REFRIGERACION CUIMAN",reparacion-refrigeradoras,"Ate",4.2,425,956508573,NEEDS_WEBSITE,refrigeracion-cuiman.reparacion-refrigeradoras.todolima.com,"https://wa.me/51956508573?text=Hola%20equipo%20de%20*REFRIGERACION%20CUIMAN*%20%F0%9F%91%8B%2C%20los%20saluda%20el%20equipo%20de%20*Todo%20Lima*%20(todolima.com).%0A%0AVimos%20que%20son%20uno%20de%20los%20negocios%20con%20mejor%20reputaci%C3%B3n%20en%20Google%20Maps%20en%20*Ate*%20(%E2%AD%90%20*4.2*%20con%20425%20opiniones)%20%C2%A1Felicitaciones%20por%20tan%20buen%20trabajo!%20%F0%9F%91%8F%0A%0ARevisamos%20su%20ficha%20y%20notamos%20que%20*a%C3%BAn%20no%20cuentan%20con%20una%20p%C3%A1gina%20web%20oficial*%20donde%20sus%20clientes%20puedan%20consultar%20sus%20servicios%20y%20agendar%20directamente%20por%20WhatsApp.%0A%0AEn%20*Todo%20Lima*%20creamos%20landing%20pages%20ultrarr%C3%A1pidas%20pensadas%20para%20negocios%20locales%3A%0A%E2%9C%85%20Subdominio%20verificado%3A%20*refrigeracion-cuiman.reparacion-refrigeradoras.todolima.com*%0A%E2%9C%85%20Bot%C3%B3n%20de%20WhatsApp%20directo%20para%20recibir%20pedidos%20y%20citas%20al%20instante%0A%E2%9C%85%20Mapa%20interactivo%20para%20que%20lleguen%20a%20su%20local%20en%20Ate%0A%E2%9C%85%20Carga%20en%20menos%20de%201%20segundo%20en%20celulares%0A%E2%9C%85%20Ficha%20destacada%20en%20el%20directorio%20todolima.com%0A%0APreparamos%20una%20demostraci%C3%B3n%20sin%20costo%20de%20c%C3%B3mo%20se%20ver%C3%ADa%20la%20web%20de%20*REFRIGERACION%20CUIMAN*.%20%C2%BFLes%20gustar%C3%ADa%20que%20les%20comparta%20el%20enlace%20de%20prueba%20por%20aqu%C3%AD%3F%20%F0%9F%9A%80"
"servicio tecnico lavadoras y refrigeradoras .linea blanca",reparacion-refrigeradoras,"Lima",4.2,5,993602556,NEEDS_WEBSITE,servicio-tecnico-lavadoras-y-r.reparacion-refrigeradoras.todolima.com,"https://wa.me/51993602556?text=Hola%20equipo%20de%20*servicio%20tecnico%20lavadoras%20y%20refrigeradoras%20.linea%20blanca*%20%F0%9F%91%8B%2C%20los%20saluda%20el%20equipo%20de%20*Todo%20Lima*%20(todolima.com).%0A%0AVimos%20que%20son%20uno%20de%20los%20negocios%20con%20mejor%20reputaci%C3%B3n%20en%20Google%20Maps%20en%20*Lima*%20(%E2%AD%90%20*4.2*%20con%205%20opiniones)%20%C2%A1Felicitaciones%20por%20tan%20buen%20trabajo!%20%F0%9F%91%8F%0A%0ARevisamos%20su%20ficha%20y%20notamos%20que%20*a%C3%BAn%20no%20cuentan%20con%20una%20p%C3%A1gina%20web%20oficial*%20donde%20sus%20clientes%20puedan%20consultar%20sus%20servicios%20y%20agendar%20directamente%20por%20WhatsApp.%0A%0AEn%20*Todo%20Lima*%20creamos%20landing%20pages%20ultrarr%C3%A1pidas%20pensadas%20para%20negocios%20locales%3A%0A%E2%9C%85%20Subdominio%20verificado%3A%20*servicio-tecnico-lavadoras-y-r.reparacion-refrigeradoras.todolima.com*%0A%E2%9C%85%20Bot%C3%B3n%20de%20WhatsApp%20directo%20para%20recibir%20pedidos%20y%20citas%20al%20instante%0A%E2%9C%85%20Mapa%20interactivo%20para%20que%20lleguen%20a%20su%20local%20en%20Lima%0A%E2%9C%85%20Carga%20en%20menos%20de%201%20segundo%20en%20celulares%0A%E2%9C%85%20Ficha%20destacada%20en%20el%20directorio%20todolima.com%0A%0APreparamos%20una%20demostraci%C3%B3n%20sin%20costo%20de%20c%C3%B3mo%20se%20ver%C3%ADa%20la%20web%20de%20*servicio%20tecnico%20lavadoras%20y%20refrigeradoras%20.linea%20blanca*.%20%C2%BFLes%20gustar%C3%ADa%20que%20les%20comparta%20el%20enlace%20de%20prueba%20por%20aqu%C3%AD%3F%20%F0%9F%9A%80"
"Grúas y Traslados Carbajal",auxilio-mecanico,"San Juan de Lurigancho",4.1,8,960555816,NEEDS_WEBSITE,gruas-y-traslados-carbajal.auxilio-mecanico.todolima.com,"https://wa.me/51960555816?text=Hola%20equipo%20de%20*Gr%C3%BAas%20y%20Traslados%20Carbajal*%20%F0%9F%91%8B%2C%20los%20saluda%20el%20equipo%20de%20*Todo%20Lima*%20(todolima.com).%0A%0AVimos%20que%20son%20uno%20de%20los%20negocios%20con%20mejor%20reputaci%C3%B3n%20en%20Google%20Maps%20en%20*San%20Juan%20de%20Lurigancho*%20(%E2%AD%90%20*4.1*%20con%208%20opiniones)%20%C2%A1Felicitaciones%20por%20tan%20buen%20trabajo!%20%F0%9F%91%8F%0A%0ARevisamos%20su%20ficha%20y%20notamos%20que%20*a%C3%BAn%20no%20cuentan%20con%20una%20p%C3%A1gina%20web%20oficial*%20donde%20sus%20clientes%20puedan%20consultar%20sus%20servicios%20y%20agendar%20directamente%20por%20WhatsApp.%0A%0AEn%20*Todo%20Lima*%20creamos%20landing%20pages%20ultrarr%C3%A1pidas%20pensadas%20para%20negocios%20locales%3A%0A%E2%9C%85%20Subdominio%20verificado%3A%20*gruas-y-traslados-carbajal.auxilio-mecanico.todolima.com*%0A%E2%9C%85%20Bot%C3%B3n%20de%20WhatsApp%20directo%20para%20recibir%20pedidos%20y%20citas%20al%20instante%0A%E2%9C%85%20Mapa%20interactivo%20para%20que%20lleguen%20a%20su%20local%20en%20San%20Juan%20de%20Lurigancho%0A%E2%9C%85%20Carga%20en%20menos%20de%201%20segundo%20en%20celulares%0A%E2%9C%85%20Ficha%20destacada%20en%20el%20directorio%20todolima.com%0A%0APreparamos%20una%20demostraci%C3%B3n%20sin%20costo%20de%20c%C3%B3mo%20se%20ver%C3%ADa%20la%20web%20de%20*Gr%C3%BAas%20y%20Traslados%20Carbajal*.%20%C2%BFLes%20gustar%C3%ADa%20que%20les%20comparta%20el%20enlace%20de%20prueba%20por%20aqu%C3%AD%3F%20%F0%9F%9A%80"
"FR Car wash Autolavado",car-wash,"Cercado de Lima",4.1,163,989665238,NEEDS_WEBSITE,fr-car-wash-autolavado.car-wash.todolima.com,"https://wa.me/51989665238?text=Hola%20equipo%20de%20*FR%20Car%20wash%20Autolavado*%20%F0%9F%91%8B%2C%20los%20saluda%20el%20equipo%20de%20*Todo%20Lima*%20(todolima.com).%0A%0AVimos%20que%20son%20uno%20de%20los%20negocios%20con%20mejor%20reputaci%C3%B3n%20en%20Google%20Maps%20en%20*Cercado%20de%20Lima*%20(%E2%AD%90%20*4.1*%20con%20163%20opiniones)%20%C2%A1Felicitaciones%20por%20tan%20buen%20trabajo!%20%F0%9F%91%8F%0A%0ARevisamos%20su%20ficha%20y%20notamos%20que%20*a%C3%BAn%20no%20cuentan%20con%20una%20p%C3%A1gina%20web%20oficial*%20donde%20sus%20clientes%20puedan%20consultar%20sus%20servicios%20y%20agendar%20directamente%20por%20WhatsApp.%0A%0AEn%20*Todo%20Lima*%20creamos%20landing%20pages%20ultrarr%C3%A1pidas%20pensadas%20para%20negocios%20locales%3A%0A%E2%9C%85%20Subdominio%20verificado%3A%20*fr-car-wash-autolavado.car-wash.todolima.com*%0A%E2%9C%85%20Bot%C3%B3n%20de%20WhatsApp%20directo%20para%20recibir%20pedidos%20y%20citas%20al%20instante%0A%E2%9C%85%20Mapa%20interactivo%20para%20que%20lleguen%20a%20su%20local%20en%20Cercado%20de%20Lima%0A%E2%9C%85%20Carga%20en%20menos%20de%201%20segundo%20en%20celulares%0A%E2%9C%85%20Ficha%20destacada%20en%20el%20directorio%20todolima.com%0A%0APreparamos%20una%20demostraci%C3%B3n%20sin%20costo%20de%20c%C3%B3mo%20se%20ver%C3%ADa%20la%20web%20de%20*FR%20Car%20wash%20Autolavado*.%20%C2%BFLes%20gustar%C3%ADa%20que%20les%20comparta%20el%20enlace%20de%20prueba%20por%20aqu%C3%AD%3F%20%F0%9F%9A%80"
"Cevicheria Las Gaviotas",cevicherias,"Chorrillos",4.1,2198,981530276,UPGRADE_SOCIAL,cevicheria-las-gaviotas.cevicherias.todolima.com,"https://wa.me/51981530276?text=Hola%20equipo%20de%20*Cevicheria%20Las%20Gaviotas*%20%F0%9F%91%8B%2C%20les%20escribe%20el%20equipo%20de%20*Todo%20Lima*.%0A%0ARevisamos%20su%20destacada%20presencia%20en%20Google%20Maps%20en%20*Chorrillos*%20(%E2%AD%90%20*4.1*%20estrellas).%20Notamos%20que%20su%20enlace%20de%20contacto%20actual%20es%20un%20perfil%20de%20*Facebook*.%0A%0AMuchos%20clientes%20que%20buscan%20servicios%20en%20Google%20prefieren%20una%20web%20r%C3%A1pida%20donde%20ver%20cat%C3%A1logo%2C%20fotos%20y%20tarifas%20sin%20tener%20que%20entrar%20a%20una%20red%20social%20o%20ver%20distracciones%20de%20la%20competencia.%0A%0A%C2%BFLes%20interesar%C3%ADa%20complementar%20su%20Facebook%20con%20una%20p%C3%A1gina%20web%20oficial%20(*cevicheria-las-gaviotas.cevicherias.todolima.com*)%20con%20bot%C3%B3n%20directo%20a%20WhatsApp%20y%20presencia%20prioritaria%20en%20Todo%20Lima%3F%0A%0ATenemos%20una%20maqueta%20lista%20para%20mostrarles%20sin%20compromiso.%20%C2%BFSe%20las%20comparto%20por%20este%20medio%3F%20%F0%9F%93%B2"
"Restaurant Cevicheria San Carlos",cevicherias,"Lima",4.1,878,938594554,NEEDS_WEBSITE,restaurant-cevicheria-san-carl.cevicherias.todolima.com,"https://wa.me/51938594554?text=Hola%20equipo%20de%20*Restaurant%20Cevicheria%20San%20Carlos*%20%F0%9F%91%8B%2C%20los%20saluda%20el%20equipo%20de%20*Todo%20Lima*%20(todolima.com).%0A%0AVimos%20que%20son%20uno%20de%20los%20negocios%20con%20mejor%20reputaci%C3%B3n%20en%20Google%20Maps%20en%20*Lima*%20(%E2%AD%90%20*4.1*%20con%20878%20opiniones)%20%C2%A1Felicitaciones%20por%20tan%20buen%20trabajo!%20%F0%9F%91%8F%0A%0ARevisamos%20su%20ficha%20y%20notamos%20que%20*a%C3%BAn%20no%20cuentan%20con%20una%20p%C3%A1gina%20web%20oficial*%20donde%20sus%20clientes%20puedan%20consultar%20sus%20servicios%20y%20agendar%20directamente%20por%20WhatsApp.%0A%0AEn%20*Todo%20Lima*%20creamos%20landing%20pages%20ultrarr%C3%A1pidas%20pensadas%20para%20negocios%20locales%3A%0A%E2%9C%85%20Subdominio%20verificado%3A%20*restaurant-cevicheria-san-carl.cevicherias.todolima.com*%0A%E2%9C%85%20Bot%C3%B3n%20de%20WhatsApp%20directo%20para%20recibir%20pedidos%20y%20citas%20al%20instante%0A%E2%9C%85%20Mapa%20interactivo%20para%20que%20lleguen%20a%20su%20local%20en%20Lima%0A%E2%9C%85%20Carga%20en%20menos%20de%201%20segundo%20en%20celulares%0A%E2%9C%85%20Ficha%20destacada%20en%20el%20directorio%20todolima.com%0A%0APreparamos%20una%20demostraci%C3%B3n%20sin%20costo%20de%20c%C3%B3mo%20se%20ver%C3%ADa%20la%20web%20de%20*Restaurant%20Cevicheria%20San%20Carlos*.%20%C2%BFLes%20gustar%C3%ADa%20que%20les%20comparta%20el%20enlace%20de%20prueba%20por%20aqu%C3%AD%3F%20%F0%9F%9A%80"
"Chifa Con Fusion",chifas,"Breña",4.1,312,982051443,UPGRADE_SOCIAL,chifa-con-fusion.chifas.todolima.com,"https://wa.me/51982051443?text=Hola%20equipo%20de%20*Chifa%20Con%20Fusion*%20%F0%9F%91%8B%2C%20les%20escribe%20el%20equipo%20de%20*Todo%20Lima*.%0A%0ARevisamos%20su%20destacada%20presencia%20en%20Google%20Maps%20en%20*Bre%C3%B1a*%20(%E2%AD%90%20*4.1*%20estrellas).%20Notamos%20que%20su%20enlace%20de%20contacto%20actual%20es%20un%20perfil%20de%20*Facebook*.%0A%0AMuchos%20clientes%20que%20buscan%20servicios%20en%20Google%20prefieren%20una%20web%20r%C3%A1pida%20donde%20ver%20cat%C3%A1logo%2C%20fotos%20y%20tarifas%20sin%20tener%20que%20entrar%20a%20una%20red%20social%20o%20ver%20distracciones%20de%20la%20competencia.%0A%0A%C2%BFLes%20interesar%C3%ADa%20complementar%20su%20Facebook%20con%20una%20p%C3%A1gina%20web%20oficial%20(*chifa-con-fusion.chifas.todolima.com*)%20con%20bot%C3%B3n%20directo%20a%20WhatsApp%20y%20presencia%20prioritaria%20en%20Todo%20Lima%3F%0A%0ATenemos%20una%20maqueta%20lista%20para%20mostrarles%20sin%20compromiso.%20%C2%BFSe%20las%20comparto%20por%20este%20medio%3F%20%F0%9F%93%B2"
"Uniformes médicos Liam",doctores,"Lima",4.1,317,921911015,NEEDS_WEBSITE,uniformes-medicos-liam.doctores.todolima.com,"https://wa.me/51921911015?text=Hola%20equipo%20de%20*Uniformes%20m%C3%A9dicos%20Liam*%20%F0%9F%91%8B%2C%20los%20saluda%20el%20equipo%20de%20*Todo%20Lima*%20(todolima.com).%0A%0AVimos%20que%20son%20uno%20de%20los%20negocios%20con%20mejor%20reputaci%C3%B3n%20en%20Google%20Maps%20en%20*Lima*%20(%E2%AD%90%20*4.1*%20con%20317%20opiniones)%20%C2%A1Felicitaciones%20por%20tan%20buen%20trabajo!%20%F0%9F%91%8F%0A%0ARevisamos%20su%20ficha%20y%20notamos%20que%20*a%C3%BAn%20no%20cuentan%20con%20una%20p%C3%A1gina%20web%20oficial*%20donde%20sus%20clientes%20puedan%20consultar%20sus%20servicios%20y%20agendar%20directamente%20por%20WhatsApp.%0A%0AEn%20*Todo%20Lima*%20creamos%20landing%20pages%20ultrarr%C3%A1pidas%20pensadas%20para%20negocios%20locales%3A%0A%E2%9C%85%20Subdominio%20verificado%3A%20*uniformes-medicos-liam.doctores.todolima.com*%0A%E2%9C%85%20Bot%C3%B3n%20de%20WhatsApp%20directo%20para%20recibir%20pedidos%20y%20citas%20al%20instante%0A%E2%9C%85%20Mapa%20interactivo%20para%20que%20lleguen%20a%20su%20local%20en%20Lima%0A%E2%9C%85%20Carga%20en%20menos%20de%201%20segundo%20en%20celulares%0A%E2%9C%85%20Ficha%20destacada%20en%20el%20directorio%20todolima.com%0A%0APreparamos%20una%20demostraci%C3%B3n%20sin%20costo%20de%20c%C3%B3mo%20se%20ver%C3%ADa%20la%20web%20de%20*Uniformes%20m%C3%A9dicos%20Liam*.%20%C2%BFLes%20gustar%C3%ADa%20que%20les%20comparta%20el%20enlace%20de%20prueba%20por%20aqu%C3%AD%3F%20%F0%9F%9A%80"
"Mozza Pizza",pizzerias,"Miraflores",4.1,552,999111969,NEEDS_WEBSITE,mozza-pizza.pizzerias.todolima.com,"https://wa.me/51999111969?text=Hola%20equipo%20de%20*Mozza%20Pizza*%20%F0%9F%91%8B%2C%20los%20saluda%20el%20equipo%20de%20*Todo%20Lima*%20(todolima.com).%0A%0AVimos%20que%20son%20uno%20de%20los%20negocios%20con%20mejor%20reputaci%C3%B3n%20en%20Google%20Maps%20en%20*Miraflores*%20(%E2%AD%90%20*4.1*%20con%20552%20opiniones)%20%C2%A1Felicitaciones%20por%20tan%20buen%20trabajo!%20%F0%9F%91%8F%0A%0ARevisamos%20su%20ficha%20y%20notamos%20que%20*a%C3%BAn%20no%20cuentan%20con%20una%20p%C3%A1gina%20web%20oficial*%20donde%20sus%20clientes%20puedan%20consultar%20sus%20servicios%20y%20agendar%20directamente%20por%20WhatsApp.%0A%0AEn%20*Todo%20Lima*%20creamos%20landing%20pages%20ultrarr%C3%A1pidas%20pensadas%20para%20negocios%20locales%3A%0A%E2%9C%85%20Subdominio%20verificado%3A%20*mozza-pizza.pizzerias.todolima.com*%0A%E2%9C%85%20Bot%C3%B3n%20de%20WhatsApp%20directo%20para%20recibir%20pedidos%20y%20citas%20al%20instante%0A%E2%9C%85%20Mapa%20interactivo%20para%20que%20lleguen%20a%20su%20local%20en%20Miraflores%0A%E2%9C%85%20Carga%20en%20menos%20de%201%20segundo%20en%20celulares%0A%E2%9C%85%20Ficha%20destacada%20en%20el%20directorio%20todolima.com%0A%0APreparamos%20una%20demostraci%C3%B3n%20sin%20costo%20de%20c%C3%B3mo%20se%20ver%C3%ADa%20la%20web%20de%20*Mozza%20Pizza*.%20%C2%BFLes%20gustar%C3%ADa%20que%20les%20comparta%20el%20enlace%20de%20prueba%20por%20aqu%C3%AD%3F%20%F0%9F%9A%80"
"Pollería El Corralito",pollerias,"Pueblo Libre",4.1,638,988552015,UPGRADE_SOCIAL,polleria-el-corralito.pollerias.todolima.com,"https://wa.me/51988552015?text=Hola%20equipo%20de%20*Poller%C3%ADa%20El%20Corralito*%20%F0%9F%91%8B%2C%20les%20escribe%20el%20equipo%20de%20*Todo%20Lima*.%0A%0ARevisamos%20su%20destacada%20presencia%20en%20Google%20Maps%20en%20*Pueblo%20Libre*%20(%E2%AD%90%20*4.1*%20estrellas).%20Notamos%20que%20su%20enlace%20de%20contacto%20actual%20es%20un%20perfil%20de%20*Facebook*.%0A%0AMuchos%20clientes%20que%20buscan%20servicios%20en%20Google%20prefieren%20una%20web%20r%C3%A1pida%20donde%20ver%20cat%C3%A1logo%2C%20fotos%20y%20tarifas%20sin%20tener%20que%20entrar%20a%20una%20red%20social%20o%20ver%20distracciones%20de%20la%20competencia.%0A%0A%C2%BFLes%20interesar%C3%ADa%20complementar%20su%20Facebook%20con%20una%20p%C3%A1gina%20web%20oficial%20(*polleria-el-corralito.pollerias.todolima.com*)%20con%20bot%C3%B3n%20directo%20a%20WhatsApp%20y%20presencia%20prioritaria%20en%20Todo%20Lima%3F%0A%0ATenemos%20una%20maqueta%20lista%20para%20mostrarles%20sin%20compromiso.%20%C2%BFSe%20las%20comparto%20por%20este%20medio%3F%20%F0%9F%93%B2"
"Las Leñas Polleria",pollerias,"Lima",4.1,589,985556355,UPGRADE_SOCIAL,las-lenas-polleria.pollerias.todolima.com,"https://wa.me/51985556355?text=Hola%20equipo%20de%20*Las%20Le%C3%B1as%20Polleria*%20%F0%9F%91%8B%2C%20les%20escribe%20el%20equipo%20de%20*Todo%20Lima*.%0A%0ARevisamos%20su%20destacada%20presencia%20en%20Google%20Maps%20en%20*Lima*%20(%E2%AD%90%20*4.1*%20estrellas).%20Notamos%20que%20su%20enlace%20de%20contacto%20actual%20es%20un%20perfil%20de%20*Facebook*.%0A%0AMuchos%20clientes%20que%20buscan%20servicios%20en%20Google%20prefieren%20una%20web%20r%C3%A1pida%20donde%20ver%20cat%C3%A1logo%2C%20fotos%20y%20tarifas%20sin%20tener%20que%20entrar%20a%20una%20red%20social%20o%20ver%20distracciones%20de%20la%20competencia.%0A%0A%C2%BFLes%20interesar%C3%ADa%20complementar%20su%20Facebook%20con%20una%20p%C3%A1gina%20web%20oficial%20(*las-lenas-polleria.pollerias.todolima.com*)%20con%20bot%C3%B3n%20directo%20a%20WhatsApp%20y%20presencia%20prioritaria%20en%20Todo%20Lima%3F%0A%0ATenemos%20una%20maqueta%20lista%20para%20mostrarles%20sin%20compromiso.%20%C2%BFSe%20las%20comparto%20por%20este%20medio%3F%20%F0%9F%93%B2"
"El Polluelo Leña",pollerias,"Lima",4.1,290,972090570,UPGRADE_SOCIAL,el-polluelo-lena.pollerias.todolima.com,"https://wa.me/51972090570?text=Hola%20equipo%20de%20*El%20Polluelo%20Le%C3%B1a*%20%F0%9F%91%8B%2C%20les%20escribe%20el%20equipo%20de%20*Todo%20Lima*.%0A%0ARevisamos%20su%20destacada%20presencia%20en%20Google%20Maps%20en%20*Lima*%20(%E2%AD%90%20*4.1*%20estrellas).%20Notamos%20que%20su%20enlace%20de%20contacto%20actual%20es%20un%20perfil%20de%20*Instagram*.%0A%0AMuchos%20clientes%20que%20buscan%20servicios%20en%20Google%20prefieren%20una%20web%20r%C3%A1pida%20donde%20ver%20cat%C3%A1logo%2C%20fotos%20y%20tarifas%20sin%20tener%20que%20entrar%20a%20una%20red%20social%20o%20ver%20distracciones%20de%20la%20competencia.%0A%0A%C2%BFLes%20interesar%C3%ADa%20complementar%20su%20Instagram%20con%20una%20p%C3%A1gina%20web%20oficial%20(*el-polluelo-lena.pollerias.todolima.com*)%20con%20bot%C3%B3n%20directo%20a%20WhatsApp%20y%20presencia%20prioritaria%20en%20Todo%20Lima%3F%0A%0ATenemos%20una%20maqueta%20lista%20para%20mostrarles%20sin%20compromiso.%20%C2%BFSe%20las%20comparto%20por%20este%20medio%3F%20%F0%9F%93%B2"
"Pollería Hnos. ERAZO",pollerias,"Lima",4.1,253,952662457,NEEDS_WEBSITE,polleria-hnos-erazo.pollerias.todolima.com,"https://wa.me/51952662457?text=Hola%20equipo%20de%20*Poller%C3%ADa%20Hnos.%20ERAZO*%20%F0%9F%91%8B%2C%20los%20saluda%20el%20equipo%20de%20*Todo%20Lima*%20(todolima.com).%0A%0AVimos%20que%20son%20uno%20de%20los%20negocios%20con%20mejor%20reputaci%C3%B3n%20en%20Google%20Maps%20en%20*Lima*%20(%E2%AD%90%20*4.1*%20con%20253%20opiniones)%20%C2%A1Felicitaciones%20por%20tan%20buen%20trabajo!%20%F0%9F%91%8F%0A%0ARevisamos%20su%20ficha%20y%20notamos%20que%20*a%C3%BAn%20no%20cuentan%20con%20una%20p%C3%A1gina%20web%20oficial*%20donde%20sus%20clientes%20puedan%20consultar%20sus%20servicios%20y%20agendar%20directamente%20por%20WhatsApp.%0A%0AEn%20*Todo%20Lima*%20creamos%20landing%20pages%20ultrarr%C3%A1pidas%20pensadas%20para%20negocios%20locales%3A%0A%E2%9C%85%20Subdominio%20verificado%3A%20*polleria-hnos-erazo.pollerias.todolima.com*%0A%E2%9C%85%20Bot%C3%B3n%20de%20WhatsApp%20directo%20para%20recibir%20pedidos%20y%20citas%20al%20instante%0A%E2%9C%85%20Mapa%20interactivo%20para%20que%20lleguen%20a%20su%20local%20en%20Lima%0A%E2%9C%85%20Carga%20en%20menos%20de%201%20segundo%20en%20celulares%0A%E2%9C%85%20Ficha%20destacada%20en%20el%20directorio%20todolima.com%0A%0APreparamos%20una%20demostraci%C3%B3n%20sin%20costo%20de%20c%C3%B3mo%20se%20ver%C3%ADa%20la%20web%20de%20*Poller%C3%ADa%20Hnos.%20ERAZO*.%20%C2%BFLes%20gustar%C3%ADa%20que%20les%20comparta%20el%20enlace%20de%20prueba%20por%20aqu%C3%AD%3F%20%F0%9F%9A%80"
"Kotosh - Pollos y Parrillas",pollerias,"Lima",4.1,235,949172927,NEEDS_WEBSITE,kotosh-pollos-y-parrillas.pollerias.todolima.com,"https://wa.me/51949172927?text=Hola%20equipo%20de%20*Kotosh%20-%20Pollos%20y%20Parrillas*%20%F0%9F%91%8B%2C%20los%20saluda%20el%20equipo%20de%20*Todo%20Lima*%20(todolima.com).%0A%0AVimos%20que%20son%20uno%20de%20los%20negocios%20con%20mejor%20reputaci%C3%B3n%20en%20Google%20Maps%20en%20*Lima*%20(%E2%AD%90%20*4.1*%20con%20235%20opiniones)%20%C2%A1Felicitaciones%20por%20tan%20buen%20trabajo!%20%F0%9F%91%8F%0A%0ARevisamos%20su%20ficha%20y%20notamos%20que%20*a%C3%BAn%20no%20cuentan%20con%20una%20p%C3%A1gina%20web%20oficial*%20donde%20sus%20clientes%20puedan%20consultar%20sus%20servicios%20y%20agendar%20directamente%20por%20WhatsApp.%0A%0AEn%20*Todo%20Lima*%20creamos%20landing%20pages%20ultrarr%C3%A1pidas%20pensadas%20para%20negocios%20locales%3A%0A%E2%9C%85%20Subdominio%20verificado%3A%20*kotosh-pollos-y-parrillas.pollerias.todolima.com*%0A%E2%9C%85%20Bot%C3%B3n%20de%20WhatsApp%20directo%20para%20recibir%20pedidos%20y%20citas%20al%20instante%0A%E2%9C%85%20Mapa%20interactivo%20para%20que%20lleguen%20a%20su%20local%20en%20Lima%0A%E2%9C%85%20Carga%20en%20menos%20de%201%20segundo%20en%20celulares%0A%E2%9C%85%20Ficha%20destacada%20en%20el%20directorio%20todolima.com%0A%0APreparamos%20una%20demostraci%C3%B3n%20sin%20costo%20de%20c%C3%B3mo%20se%20ver%C3%ADa%20la%20web%20de%20*Kotosh%20-%20Pollos%20y%20Parrillas*.%20%C2%BFLes%20gustar%C3%ADa%20que%20les%20comparta%20el%20enlace%20de%20prueba%20por%20aqu%C3%AD%3F%20%F0%9F%9A%80"
"El Gallito - Pollos a la Brasa",pollerias,"Lima",4.1,123,953740168,UPGRADE_SOCIAL,el-gallito-pollos-a-la-brasa.pollerias.todolima.com,"https://wa.me/51953740168?text=Hola%20equipo%20de%20*El%20Gallito%20-%20Pollos%20a%20la%20Brasa*%20%F0%9F%91%8B%2C%20les%20escribe%20el%20equipo%20de%20*Todo%20Lima*.%0A%0ARevisamos%20su%20destacada%20presencia%20en%20Google%20Maps%20en%20*Lima*%20(%E2%AD%90%20*4.1*%20estrellas).%20Notamos%20que%20su%20enlace%20de%20contacto%20actual%20es%20un%20perfil%20de%20*Facebook*.%0A%0AMuchos%20clientes%20que%20buscan%20servicios%20en%20Google%20prefieren%20una%20web%20r%C3%A1pida%20donde%20ver%20cat%C3%A1logo%2C%20fotos%20y%20tarifas%20sin%20tener%20que%20entrar%20a%20una%20red%20social%20o%20ver%20distracciones%20de%20la%20competencia.%0A%0A%C2%BFLes%20interesar%C3%ADa%20complementar%20su%20Facebook%20con%20una%20p%C3%A1gina%20web%20oficial%20(*el-gallito-pollos-a-la-brasa.pollerias.todolima.com*)%20con%20bot%C3%B3n%20directo%20a%20WhatsApp%20y%20presencia%20prioritaria%20en%20Todo%20Lima%3F%0A%0ATenemos%20una%20maqueta%20lista%20para%20mostrarles%20sin%20compromiso.%20%C2%BFSe%20las%20comparto%20por%20este%20medio%3F%20%F0%9F%93%B2"
"Polleria Azaña",pollerias,"Lima",4.1,66,950637063,NEEDS_WEBSITE,polleria-azana.pollerias.todolima.com,"https://wa.me/51950637063?text=Hola%20equipo%20de%20*Polleria%20Aza%C3%B1a*%20%F0%9F%91%8B%2C%20los%20saluda%20el%20equipo%20de%20*Todo%20Lima*%20(todolima.com).%0A%0AVimos%20que%20son%20uno%20de%20los%20negocios%20con%20mejor%20reputaci%C3%B3n%20en%20Google%20Maps%20en%20*Lima*%20(%E2%AD%90%20*4.1*%20con%2066%20opiniones)%20%C2%A1Felicitaciones%20por%20tan%20buen%20trabajo!%20%F0%9F%91%8F%0A%0ARevisamos%20su%20ficha%20y%20notamos%20que%20*a%C3%BAn%20no%20cuentan%20con%20una%20p%C3%A1gina%20web%20oficial*%20donde%20sus%20clientes%20puedan%20consultar%20sus%20servicios%20y%20agendar%20directamente%20por%20WhatsApp.%0A%0AEn%20*Todo%20Lima*%20creamos%20landing%20pages%20ultrarr%C3%A1pidas%20pensadas%20para%20negocios%20locales%3A%0A%E2%9C%85%20Subdominio%20verificado%3A%20*polleria-azana.pollerias.todolima.com*%0A%E2%9C%85%20Bot%C3%B3n%20de%20WhatsApp%20directo%20para%20recibir%20pedidos%20y%20citas%20al%20instante%0A%E2%9C%85%20Mapa%20interactivo%20para%20que%20lleguen%20a%20su%20local%20en%20Lima%0A%E2%9C%85%20Carga%20en%20menos%20de%201%20segundo%20en%20celulares%0A%E2%9C%85%20Ficha%20destacada%20en%20el%20directorio%20todolima.com%0A%0APreparamos%20una%20demostraci%C3%B3n%20sin%20costo%20de%20c%C3%B3mo%20se%20ver%C3%ADa%20la%20web%20de%20*Polleria%20Aza%C3%B1a*.%20%C2%BFLes%20gustar%C3%ADa%20que%20les%20comparta%20el%20enlace%20de%20prueba%20por%20aqu%C3%AD%3F%20%F0%9F%9A%80"
"EL FOGON GRILL Pollos a la Brasa & Carnes",pollerias,"Lima",4.1,54,933433252,NEEDS_WEBSITE,el-fogon-grill-pollos-a-la-bra.pollerias.todolima.com,"https://wa.me/51933433252?text=Hola%20equipo%20de%20*EL%20FOGON%20GRILL%20Pollos%20a%20la%20Brasa%20%26%20Carnes*%20%F0%9F%91%8B%2C%20los%20saluda%20el%20equipo%20de%20*Todo%20Lima*%20(todolima.com).%0A%0AVimos%20que%20son%20uno%20de%20los%20negocios%20con%20mejor%20reputaci%C3%B3n%20en%20Google%20Maps%20en%20*Lima*%20(%E2%AD%90%20*4.1*%20con%2054%20opiniones)%20%C2%A1Felicitaciones%20por%20tan%20buen%20trabajo!%20%F0%9F%91%8F%0A%0ARevisamos%20su%20ficha%20y%20notamos%20que%20*a%C3%BAn%20no%20cuentan%20con%20una%20p%C3%A1gina%20web%20oficial*%20donde%20sus%20clientes%20puedan%20consultar%20sus%20servicios%20y%20agendar%20directamente%20por%20WhatsApp.%0A%0AEn%20*Todo%20Lima*%20creamos%20landing%20pages%20ultrarr%C3%A1pidas%20pensadas%20para%20negocios%20locales%3A%0A%E2%9C%85%20Subdominio%20verificado%3A%20*el-fogon-grill-pollos-a-la-bra.pollerias.todolima.com*%0A%E2%9C%85%20Bot%C3%B3n%20de%20WhatsApp%20directo%20para%20recibir%20pedidos%20y%20citas%20al%20instante%0A%E2%9C%85%20Mapa%20interactivo%20para%20que%20lleguen%20a%20su%20local%20en%20Lima%0A%E2%9C%85%20Carga%20en%20menos%20de%201%20segundo%20en%20celulares%0A%E2%9C%85%20Ficha%20destacada%20en%20el%20directorio%20todolima.com%0A%0APreparamos%20una%20demostraci%C3%B3n%20sin%20costo%20de%20c%C3%B3mo%20se%20ver%C3%ADa%20la%20web%20de%20*EL%20FOGON%20GRILL%20Pollos%20a%20la%20Brasa%20%26%20Carnes*.%20%C2%BFLes%20gustar%C3%ADa%20que%20les%20comparta%20el%20enlace%20de%20prueba%20por%20aqu%C3%AD%3F%20%F0%9F%9A%80"
"Pollería Yaoky's",pollerias,"Lima",4.1,21,997676463,NEEDS_WEBSITE,polleria-yaoky-s.pollerias.todolima.com,"https://wa.me/51997676463?text=Hola%20equipo%20de%20*Poller%C3%ADa%20Yaoky's*%20%F0%9F%91%8B%2C%20los%20saluda%20el%20equipo%20de%20*Todo%20Lima*%20(todolima.com).%0A%0AVimos%20que%20son%20uno%20de%20los%20negocios%20con%20mejor%20reputaci%C3%B3n%20en%20Google%20Maps%20en%20*Lima*%20(%E2%AD%90%20*4.1*%20con%2021%20opiniones)%20%C2%A1Felicitaciones%20por%20tan%20buen%20trabajo!%20%F0%9F%91%8F%0A%0ARevisamos%20su%20ficha%20y%20notamos%20que%20*a%C3%BAn%20no%20cuentan%20con%20una%20p%C3%A1gina%20web%20oficial*%20donde%20sus%20clientes%20puedan%20consultar%20sus%20servicios%20y%20agendar%20directamente%20por%20WhatsApp.%0A%0AEn%20*Todo%20Lima*%20creamos%20landing%20pages%20ultrarr%C3%A1pidas%20pensadas%20para%20negocios%20locales%3A%0A%E2%9C%85%20Subdominio%20verificado%3A%20*polleria-yaoky-s.pollerias.todolima.com*%0A%E2%9C%85%20Bot%C3%B3n%20de%20WhatsApp%20directo%20para%20recibir%20pedidos%20y%20citas%20al%20instante%0A%E2%9C%85%20Mapa%20interactivo%20para%20que%20lleguen%20a%20su%20local%20en%20Lima%0A%E2%9C%85%20Carga%20en%20menos%20de%201%20segundo%20en%20celulares%0A%E2%9C%85%20Ficha%20destacada%20en%20el%20directorio%20todolima.com%0A%0APreparamos%20una%20demostraci%C3%B3n%20sin%20costo%20de%20c%C3%B3mo%20se%20ver%C3%ADa%20la%20web%20de%20*Poller%C3%ADa%20Yaoky's*.%20%C2%BFLes%20gustar%C3%ADa%20que%20les%20comparta%20el%20enlace%20de%20prueba%20por%20aqu%C3%AD%3F%20%F0%9F%9A%80"
"Repuestos de Refrigeración Perú",reparacion-refrigeradoras,"Los Olivos",4.1,9,918830507,NEEDS_WEBSITE,repuestos-de-refrigeracion-per.reparacion-refrigeradoras.todolima.com,"https://wa.me/51918830507?text=Hola%20equipo%20de%20*Repuestos%20de%20Refrigeraci%C3%B3n%20Per%C3%BA*%20%F0%9F%91%8B%2C%20los%20saluda%20el%20equipo%20de%20*Todo%20Lima*%20(todolima.com).%0A%0AVimos%20que%20son%20uno%20de%20los%20negocios%20con%20mejor%20reputaci%C3%B3n%20en%20Google%20Maps%20en%20*Los%20Olivos*%20(%E2%AD%90%20*4.1*%20con%209%20opiniones)%20%C2%A1Felicitaciones%20por%20tan%20buen%20trabajo!%20%F0%9F%91%8F%0A%0ARevisamos%20su%20ficha%20y%20notamos%20que%20*a%C3%BAn%20no%20cuentan%20con%20una%20p%C3%A1gina%20web%20oficial*%20donde%20sus%20clientes%20puedan%20consultar%20sus%20servicios%20y%20agendar%20directamente%20por%20WhatsApp.%0A%0AEn%20*Todo%20Lima*%20creamos%20landing%20pages%20ultrarr%C3%A1pidas%20pensadas%20para%20negocios%20locales%3A%0A%E2%9C%85%20Subdominio%20verificado%3A%20*repuestos-de-refrigeracion-per.reparacion-refrigeradoras.todolima.com*%0A%E2%9C%85%20Bot%C3%B3n%20de%20WhatsApp%20directo%20para%20recibir%20pedidos%20y%20citas%20al%20instante%0A%E2%9C%85%20Mapa%20interactivo%20para%20que%20lleguen%20a%20su%20local%20en%20Los%20Olivos%0A%E2%9C%85%20Carga%20en%20menos%20de%201%20segundo%20en%20celulares%0A%E2%9C%85%20Ficha%20destacada%20en%20el%20directorio%20todolima.com%0A%0APreparamos%20una%20demostraci%C3%B3n%20sin%20costo%20de%20c%C3%B3mo%20se%20ver%C3%ADa%20la%20web%20de%20*Repuestos%20de%20Refrigeraci%C3%B3n%20Per%C3%BA*.%20%C2%BFLes%20gustar%C3%ADa%20que%20les%20comparta%20el%20enlace%20de%20prueba%20por%20aqu%C3%AD%3F%20%F0%9F%9A%80"
"Carpintería MACYBA",carpinteros,"Cercado de Lima",4,2,978212683,NEEDS_WEBSITE,carpinteria-macyba.carpinteros.todolima.com,"https://wa.me/51978212683?text=Hola%20equipo%20de%20*Carpinter%C3%ADa%20MACYBA*%20%F0%9F%91%8B%2C%20los%20saluda%20el%20equipo%20de%20*Todo%20Lima*%20(todolima.com).%0A%0AVimos%20que%20son%20uno%20de%20los%20negocios%20con%20mejor%20reputaci%C3%B3n%20en%20Google%20Maps%20en%20*Cercado%20de%20Lima*%20(%E2%AD%90%20*4.0*%20con%202%20opiniones)%20%C2%A1Felicitaciones%20por%20tan%20buen%20trabajo!%20%F0%9F%91%8F%0A%0ARevisamos%20su%20ficha%20y%20notamos%20que%20*a%C3%BAn%20no%20cuentan%20con%20una%20p%C3%A1gina%20web%20oficial*%20donde%20sus%20clientes%20puedan%20consultar%20sus%20servicios%20y%20agendar%20directamente%20por%20WhatsApp.%0A%0AEn%20*Todo%20Lima*%20creamos%20landing%20pages%20ultrarr%C3%A1pidas%20pensadas%20para%20negocios%20locales%3A%0A%E2%9C%85%20Subdominio%20verificado%3A%20*carpinteria-macyba.carpinteros.todolima.com*%0A%E2%9C%85%20Bot%C3%B3n%20de%20WhatsApp%20directo%20para%20recibir%20pedidos%20y%20citas%20al%20instante%0A%E2%9C%85%20Mapa%20interactivo%20para%20que%20lleguen%20a%20su%20local%20en%20Cercado%20de%20Lima%0A%E2%9C%85%20Carga%20en%20menos%20de%201%20segundo%20en%20celulares%0A%E2%9C%85%20Ficha%20destacada%20en%20el%20directorio%20todolima.com%0A%0APreparamos%20una%20demostraci%C3%B3n%20sin%20costo%20de%20c%C3%B3mo%20se%20ver%C3%ADa%20la%20web%20de%20*Carpinter%C3%ADa%20MACYBA*.%20%C2%BFLes%20gustar%C3%ADa%20que%20les%20comparta%20el%20enlace%20de%20prueba%20por%20aqu%C3%AD%3F%20%F0%9F%9A%80"
"Villa DK Details",catering,"Lima",4,69,998324465,UPGRADE_SOCIAL,villa-dk-details.catering.todolima.com,"https://wa.me/51998324465?text=Hola%20equipo%20de%20*Villa%20DK%20Details*%20%F0%9F%91%8B%2C%20les%20escribe%20el%20equipo%20de%20*Todo%20Lima*.%0A%0ARevisamos%20su%20destacada%20presencia%20en%20Google%20Maps%20en%20*Lima*%20(%E2%AD%90%20*4.0*%20estrellas).%20Notamos%20que%20su%20enlace%20de%20contacto%20actual%20es%20un%20perfil%20de%20*Facebook*.%0A%0AMuchos%20clientes%20que%20buscan%20servicios%20en%20Google%20prefieren%20una%20web%20r%C3%A1pida%20donde%20ver%20cat%C3%A1logo%2C%20fotos%20y%20tarifas%20sin%20tener%20que%20entrar%20a%20una%20red%20social%20o%20ver%20distracciones%20de%20la%20competencia.%0A%0A%C2%BFLes%20interesar%C3%ADa%20complementar%20su%20Facebook%20con%20una%20p%C3%A1gina%20web%20oficial%20(*villa-dk-details.catering.todolima.com*)%20con%20bot%C3%B3n%20directo%20a%20WhatsApp%20y%20presencia%20prioritaria%20en%20Todo%20Lima%3F%0A%0ATenemos%20una%20maqueta%20lista%20para%20mostrarles%20sin%20compromiso.%20%C2%BFSe%20las%20comparto%20por%20este%20medio%3F%20%F0%9F%93%B2"
"LLAVES CON CHIPS de jaguar keys",cerrajeros,"San Isidro",4,402,996360695,NEEDS_WEBSITE,llaves-con-chips-de-jaguar-key.cerrajeros.todolima.com,"https://wa.me/51996360695?text=Hola%20equipo%20de%20*LLAVES%20CON%20CHIPS%20de%20jaguar%20keys*%20%F0%9F%91%8B%2C%20los%20saluda%20el%20equipo%20de%20*Todo%20Lima*%20(todolima.com).%0A%0AVimos%20que%20son%20uno%20de%20los%20negocios%20con%20mejor%20reputaci%C3%B3n%20en%20Google%20Maps%20en%20*San%20Isidro*%20(%E2%AD%90%20*4.0*%20con%20402%20opiniones)%20%C2%A1Felicitaciones%20por%20tan%20buen%20trabajo!%20%F0%9F%91%8F%0A%0ARevisamos%20su%20ficha%20y%20notamos%20que%20*a%C3%BAn%20no%20cuentan%20con%20una%20p%C3%A1gina%20web%20oficial*%20donde%20sus%20clientes%20puedan%20consultar%20sus%20servicios%20y%20agendar%20directamente%20por%20WhatsApp.%0A%0AEn%20*Todo%20Lima*%20creamos%20landing%20pages%20ultrarr%C3%A1pidas%20pensadas%20para%20negocios%20locales%3A%0A%E2%9C%85%20Subdominio%20verificado%3A%20*llaves-con-chips-de-jaguar-key.cerrajeros.todolima.com*%0A%E2%9C%85%20Bot%C3%B3n%20de%20WhatsApp%20directo%20para%20recibir%20pedidos%20y%20citas%20al%20instante%0A%E2%9C%85%20Mapa%20interactivo%20para%20que%20lleguen%20a%20su%20local%20en%20San%20Isidro%0A%E2%9C%85%20Carga%20en%20menos%20de%201%20segundo%20en%20celulares%0A%E2%9C%85%20Ficha%20destacada%20en%20el%20directorio%20todolima.com%0A%0APreparamos%20una%20demostraci%C3%B3n%20sin%20costo%20de%20c%C3%B3mo%20se%20ver%C3%ADa%20la%20web%20de%20*LLAVES%20CON%20CHIPS%20de%20jaguar%20keys*.%20%C2%BFLes%20gustar%C3%ADa%20que%20les%20comparta%20el%20enlace%20de%20prueba%20por%20aqu%C3%AD%3F%20%F0%9F%9A%80"
"LLAVES PERÚ S.A.C",cerrajeros,"Cercado de Lima",4,402,955688167,UPGRADE_SOCIAL,llaves-peru-s-a-c.cerrajeros.todolima.com,"https://wa.me/51955688167?text=Hola%20equipo%20de%20*LLAVES%20PER%C3%9A%20S.A.C*%20%F0%9F%91%8B%2C%20les%20escribe%20el%20equipo%20de%20*Todo%20Lima*.%0A%0ARevisamos%20su%20destacada%20presencia%20en%20Google%20Maps%20en%20*Cercado%20de%20Lima*%20(%E2%AD%90%20*4.0*%20estrellas).%20Notamos%20que%20su%20enlace%20de%20contacto%20actual%20es%20un%20perfil%20de%20*Facebook*.%0A%0AMuchos%20clientes%20que%20buscan%20servicios%20en%20Google%20prefieren%20una%20web%20r%C3%A1pida%20donde%20ver%20cat%C3%A1logo%2C%20fotos%20y%20tarifas%20sin%20tener%20que%20entrar%20a%20una%20red%20social%20o%20ver%20distracciones%20de%20la%20competencia.%0A%0A%C2%BFLes%20interesar%C3%ADa%20complementar%20su%20Facebook%20con%20una%20p%C3%A1gina%20web%20oficial%20(*llaves-peru-s-a-c.cerrajeros.todolima.com*)%20con%20bot%C3%B3n%20directo%20a%20WhatsApp%20y%20presencia%20prioritaria%20en%20Todo%20Lima%3F%0A%0ATenemos%20una%20maqueta%20lista%20para%20mostrarles%20sin%20compromiso.%20%C2%BFSe%20las%20comparto%20por%20este%20medio%3F%20%F0%9F%93%B2"
"Servicios de Cerrajería",cerrajeros,"San Juan de Lurigancho",4,4,997326250,NEEDS_WEBSITE,servicios-de-cerrajeria.cerrajeros.todolima.com,"https://wa.me/51997326250?text=Hola%20equipo%20de%20*Servicios%20de%20Cerrajer%C3%ADa*%20%F0%9F%91%8B%2C%20los%20saluda%20el%20equipo%20de%20*Todo%20Lima*%20(todolima.com).%0A%0AVimos%20que%20son%20uno%20de%20los%20negocios%20con%20mejor%20reputaci%C3%B3n%20en%20Google%20Maps%20en%20*San%20Juan%20de%20Lurigancho*%20(%E2%AD%90%20*4.0*%20con%204%20opiniones)%20%C2%A1Felicitaciones%20por%20tan%20buen%20trabajo!%20%F0%9F%91%8F%0A%0ARevisamos%20su%20ficha%20y%20notamos%20que%20*a%C3%BAn%20no%20cuentan%20con%20una%20p%C3%A1gina%20web%20oficial*%20donde%20sus%20clientes%20puedan%20consultar%20sus%20servicios%20y%20agendar%20directamente%20por%20WhatsApp.%0A%0AEn%20*Todo%20Lima*%20creamos%20landing%20pages%20ultrarr%C3%A1pidas%20pensadas%20para%20negocios%20locales%3A%0A%E2%9C%85%20Subdominio%20verificado%3A%20*servicios-de-cerrajeria.cerrajeros.todolima.com*%0A%E2%9C%85%20Bot%C3%B3n%20de%20WhatsApp%20directo%20para%20recibir%20pedidos%20y%20citas%20al%20instante%0A%E2%9C%85%20Mapa%20interactivo%20para%20que%20lleguen%20a%20su%20local%20en%20San%20Juan%20de%20Lurigancho%0A%E2%9C%85%20Carga%20en%20menos%20de%201%20segundo%20en%20celulares%0A%E2%9C%85%20Ficha%20destacada%20en%20el%20directorio%20todolima.com%0A%0APreparamos%20una%20demostraci%C3%B3n%20sin%20costo%20de%20c%C3%B3mo%20se%20ver%C3%ADa%20la%20web%20de%20*Servicios%20de%20Cerrajer%C3%ADa*.%20%C2%BFLes%20gustar%C3%ADa%20que%20les%20comparta%20el%20enlace%20de%20prueba%20por%20aqu%C3%AD%3F%20%F0%9F%9A%80"
"llaves con chip",cerrajeros,"Cercado de Lima",4,2,934575687,NEEDS_WEBSITE,llaves-con-chip.cerrajeros.todolima.com,"https://wa.me/51934575687?text=Hola%20equipo%20de%20*llaves%20con%20chip*%20%F0%9F%91%8B%2C%20los%20saluda%20el%20equipo%20de%20*Todo%20Lima*%20(todolima.com).%0A%0AVimos%20que%20son%20uno%20de%20los%20negocios%20con%20mejor%20reputaci%C3%B3n%20en%20Google%20Maps%20en%20*Cercado%20de%20Lima*%20(%E2%AD%90%20*4.0*%20con%202%20opiniones)%20%C2%A1Felicitaciones%20por%20tan%20buen%20trabajo!%20%F0%9F%91%8F%0A%0ARevisamos%20su%20ficha%20y%20notamos%20que%20*a%C3%BAn%20no%20cuentan%20con%20una%20p%C3%A1gina%20web%20oficial*%20donde%20sus%20clientes%20puedan%20consultar%20sus%20servicios%20y%20agendar%20directamente%20por%20WhatsApp.%0A%0AEn%20*Todo%20Lima*%20creamos%20landing%20pages%20ultrarr%C3%A1pidas%20pensadas%20para%20negocios%20locales%3A%0A%E2%9C%85%20Subdominio%20verificado%3A%20*llaves-con-chip.cerrajeros.todolima.com*%0A%E2%9C%85%20Bot%C3%B3n%20de%20WhatsApp%20directo%20para%20recibir%20pedidos%20y%20citas%20al%20instante%0A%E2%9C%85%20Mapa%20interactivo%20para%20que%20lleguen%20a%20su%20local%20en%20Cercado%20de%20Lima%0A%E2%9C%85%20Carga%20en%20menos%20de%201%20segundo%20en%20celulares%0A%E2%9C%85%20Ficha%20destacada%20en%20el%20directorio%20todolima.com%0A%0APreparamos%20una%20demostraci%C3%B3n%20sin%20costo%20de%20c%C3%B3mo%20se%20ver%C3%ADa%20la%20web%20de%20*llaves%20con%20chip*.%20%C2%BFLes%20gustar%C3%ADa%20que%20les%20comparta%20el%20enlace%20de%20prueba%20por%20aqu%C3%AD%3F%20%F0%9F%9A%80"
"María Pastor cevichería",cevicherias,"Jesús María",4,2649,998135733,NEEDS_WEBSITE,maria-pastor-cevicheria.cevicherias.todolima.com,"https://wa.me/51998135733?text=Hola%20equipo%20de%20*Mar%C3%ADa%20Pastor%20cevicher%C3%ADa*%20%F0%9F%91%8B%2C%20los%20saluda%20el%20equipo%20de%20*Todo%20Lima*%20(todolima.com).%0A%0AVimos%20que%20son%20uno%20de%20los%20negocios%20con%20mejor%20reputaci%C3%B3n%20en%20Google%20Maps%20en%20*Jes%C3%BAs%20Mar%C3%ADa*%20(%E2%AD%90%20*4.0*%20con%202649%20opiniones)%20%C2%A1Felicitaciones%20por%20tan%20buen%20trabajo!%20%F0%9F%91%8F%0A%0ARevisamos%20su%20ficha%20y%20notamos%20que%20*a%C3%BAn%20no%20cuentan%20con%20una%20p%C3%A1gina%20web%20oficial*%20donde%20sus%20clientes%20puedan%20consultar%20sus%20servicios%20y%20agendar%20directamente%20por%20WhatsApp.%0A%0AEn%20*Todo%20Lima*%20creamos%20landing%20pages%20ultrarr%C3%A1pidas%20pensadas%20para%20negocios%20locales%3A%0A%E2%9C%85%20Subdominio%20verificado%3A%20*maria-pastor-cevicheria.cevicherias.todolima.com*%0A%E2%9C%85%20Bot%C3%B3n%20de%20WhatsApp%20directo%20para%20recibir%20pedidos%20y%20citas%20al%20instante%0A%E2%9C%85%20Mapa%20interactivo%20para%20que%20lleguen%20a%20su%20local%20en%20Jes%C3%BAs%20Mar%C3%ADa%0A%E2%9C%85%20Carga%20en%20menos%20de%201%20segundo%20en%20celulares%0A%E2%9C%85%20Ficha%20destacada%20en%20el%20directorio%20todolima.com%0A%0APreparamos%20una%20demostraci%C3%B3n%20sin%20costo%20de%20c%C3%B3mo%20se%20ver%C3%ADa%20la%20web%20de%20*Mar%C3%ADa%20Pastor%20cevicher%C3%ADa*.%20%C2%BFLes%20gustar%C3%ADa%20que%20les%20comparta%20el%20enlace%20de%20prueba%20por%20aqu%C3%AD%3F%20%F0%9F%9A%80"
"Bam Bam y sus Conchas Negras RESTAURANT-CEVICHERIA",cevicherias,"Lima",4,1736,966027526,NEEDS_WEBSITE,bam-bam-y-sus-conchas-negras-r.cevicherias.todolima.com,"https://wa.me/51966027526?text=Hola%20equipo%20de%20*Bam%20Bam%20y%20sus%20Conchas%20Negras%20RESTAURANT-CEVICHERIA*%20%F0%9F%91%8B%2C%20los%20saluda%20el%20equipo%20de%20*Todo%20Lima*%20(todolima.com).%0A%0AVimos%20que%20son%20uno%20de%20los%20negocios%20con%20mejor%20reputaci%C3%B3n%20en%20Google%20Maps%20en%20*Lima*%20(%E2%AD%90%20*4.0*%20con%201736%20opiniones)%20%C2%A1Felicitaciones%20por%20tan%20buen%20trabajo!%20%F0%9F%91%8F%0A%0ARevisamos%20su%20ficha%20y%20notamos%20que%20*a%C3%BAn%20no%20cuentan%20con%20una%20p%C3%A1gina%20web%20oficial*%20donde%20sus%20clientes%20puedan%20consultar%20sus%20servicios%20y%20agendar%20directamente%20por%20WhatsApp.%0A%0AEn%20*Todo%20Lima*%20creamos%20landing%20pages%20ultrarr%C3%A1pidas%20pensadas%20para%20negocios%20locales%3A%0A%E2%9C%85%20Subdominio%20verificado%3A%20*bam-bam-y-sus-conchas-negras-r.cevicherias.todolima.com*%0A%E2%9C%85%20Bot%C3%B3n%20de%20WhatsApp%20directo%20para%20recibir%20pedidos%20y%20citas%20al%20instante%0A%E2%9C%85%20Mapa%20interactivo%20para%20que%20lleguen%20a%20su%20local%20en%20Lima%0A%E2%9C%85%20Carga%20en%20menos%20de%201%20segundo%20en%20celulares%0A%E2%9C%85%20Ficha%20destacada%20en%20el%20directorio%20todolima.com%0A%0APreparamos%20una%20demostraci%C3%B3n%20sin%20costo%20de%20c%C3%B3mo%20se%20ver%C3%ADa%20la%20web%20de%20*Bam%20Bam%20y%20sus%20Conchas%20Negras%20RESTAURANT-CEVICHERIA*.%20%C2%BFLes%20gustar%C3%ADa%20que%20les%20comparta%20el%20enlace%20de%20prueba%20por%20aqu%C3%AD%3F%20%F0%9F%9A%80"
"El Veridico de Fidel Magdalena",cevicherias,"San Isidro",4,1074,913155240,REDESIGN_WEBSITE,el-veridico-de-fidel-magdalena.cevicherias.todolima.com,"https://wa.me/51913155240?text=Hola%20equipo%20de%20*El%20Veridico%20de%20Fidel%20Magdalena*%20%F0%9F%91%8B%2C%20gusto%20en%20saludarlos.%0A%0ALes%20escribimos%20desde%20*Todo%20Lima*.%20Al%20revisar%20a%20los%20referentes%20de%20*San%20Isidro*%20(donde%20ustedes%20destacan%20con%20%E2%AD%90%20*4.0*)%2C%20realizamos%20una%20auditor%C3%ADa%20t%C3%A9cnica%20gratuita%20a%20su%20web%20actual%20(*https%3A%2F%2Fwa.link%2F0eb627*).%0A%0ADetectamos%20algunos%20puntos%20cr%C3%ADticos%20que%20podr%C3%ADan%20estar%20frenando%20sus%20consultas%3A%0A%E2%80%A2%20URL%20inv%C3%A1lida%20o%20no%20registrada.%0A%0A%F0%9F%91%89%20*Dato%20clave%3A*%20El%2065%25%20de%20usuarios%20en%20Lima%20abandonan%20una%20web%20si%20no%20encuentran%20un%20bot%C3%B3n%20flotante%20de%20WhatsApp%20para%20consultar%20en%20el%20momento.%0A%0A%0APodemos%20modernizar%20su%20web%20para%20que%20cargue%20al%20instante%20y%20multiplique%20sus%20contactos%20por%20WhatsApp.%20%C2%BFLes%20gustar%C3%ADa%20que%20les%20enviemos%20el%20reporte%20t%C3%A9cnico%20completo%3F%20%F0%9F%93%8A"
"Chifa El Dorado",chifas,"Lince",4,2021,997456026,UPGRADE_SOCIAL,chifa-el-dorado.chifas.todolima.com,"https://wa.me/51997456026?text=Hola%20equipo%20de%20*Chifa%20El%20Dorado*%20%F0%9F%91%8B%2C%20les%20escribe%20el%20equipo%20de%20*Todo%20Lima*.%0A%0ARevisamos%20su%20destacada%20presencia%20en%20Google%20Maps%20en%20*Lince*%20(%E2%AD%90%20*4.0*%20estrellas).%20Notamos%20que%20su%20enlace%20de%20contacto%20actual%20es%20un%20perfil%20de%20*Facebook*.%0A%0AMuchos%20clientes%20que%20buscan%20servicios%20en%20Google%20prefieren%20una%20web%20r%C3%A1pida%20donde%20ver%20cat%C3%A1logo%2C%20fotos%20y%20tarifas%20sin%20tener%20que%20entrar%20a%20una%20red%20social%20o%20ver%20distracciones%20de%20la%20competencia.%0A%0A%C2%BFLes%20interesar%C3%ADa%20complementar%20su%20Facebook%20con%20una%20p%C3%A1gina%20web%20oficial%20(*chifa-el-dorado.chifas.todolima.com*)%20con%20bot%C3%B3n%20directo%20a%20WhatsApp%20y%20presencia%20prioritaria%20en%20Todo%20Lima%3F%0A%0ATenemos%20una%20maqueta%20lista%20para%20mostrarles%20sin%20compromiso.%20%C2%BFSe%20las%20comparto%20por%20este%20medio%3F%20%F0%9F%93%B2"
"Chifa El Gran Char Lee",chifas,"El Agustino",4,527,948325567,NEEDS_WEBSITE,chifa-el-gran-char-lee.chifas.todolima.com,"https://wa.me/51948325567?text=Hola%20equipo%20de%20*Chifa%20El%20Gran%20Char%20Lee*%20%F0%9F%91%8B%2C%20los%20saluda%20el%20equipo%20de%20*Todo%20Lima*%20(todolima.com).%0A%0AVimos%20que%20son%20uno%20de%20los%20negocios%20con%20mejor%20reputaci%C3%B3n%20en%20Google%20Maps%20en%20*El%20Agustino*%20(%E2%AD%90%20*4.0*%20con%20527%20opiniones)%20%C2%A1Felicitaciones%20por%20tan%20buen%20trabajo!%20%F0%9F%91%8F%0A%0ARevisamos%20su%20ficha%20y%20notamos%20que%20*a%C3%BAn%20no%20cuentan%20con%20una%20p%C3%A1gina%20web%20oficial*%20donde%20sus%20clientes%20puedan%20consultar%20sus%20servicios%20y%20agendar%20directamente%20por%20WhatsApp.%0A%0AEn%20*Todo%20Lima*%20creamos%20landing%20pages%20ultrarr%C3%A1pidas%20pensadas%20para%20negocios%20locales%3A%0A%E2%9C%85%20Subdominio%20verificado%3A%20*chifa-el-gran-char-lee.chifas.todolima.com*%0A%E2%9C%85%20Bot%C3%B3n%20de%20WhatsApp%20directo%20para%20recibir%20pedidos%20y%20citas%20al%20instante%0A%E2%9C%85%20Mapa%20interactivo%20para%20que%20lleguen%20a%20su%20local%20en%20El%20Agustino%0A%E2%9C%85%20Carga%20en%20menos%20de%201%20segundo%20en%20celulares%0A%E2%9C%85%20Ficha%20destacada%20en%20el%20directorio%20todolima.com%0A%0APreparamos%20una%20demostraci%C3%B3n%20sin%20costo%20de%20c%C3%B3mo%20se%20ver%C3%ADa%20la%20web%20de%20*Chifa%20El%20Gran%20Char%20Lee*.%20%C2%BFLes%20gustar%C3%ADa%20que%20les%20comparta%20el%20enlace%20de%20prueba%20por%20aqu%C3%AD%3F%20%F0%9F%9A%80"
"Chifa Hong Wu",chifas,"Lima",4,487,933549953,NEEDS_WEBSITE,chifa-hong-wu.chifas.todolima.com,"https://wa.me/51933549953?text=Hola%20equipo%20de%20*Chifa%20Hong%20Wu*%20%F0%9F%91%8B%2C%20los%20saluda%20el%20equipo%20de%20*Todo%20Lima*%20(todolima.com).%0A%0AVimos%20que%20son%20uno%20de%20los%20negocios%20con%20mejor%20reputaci%C3%B3n%20en%20Google%20Maps%20en%20*Lima*%20(%E2%AD%90%20*4.0*%20con%20487%20opiniones)%20%C2%A1Felicitaciones%20por%20tan%20buen%20trabajo!%20%F0%9F%91%8F%0A%0ARevisamos%20su%20ficha%20y%20notamos%20que%20*a%C3%BAn%20no%20cuentan%20con%20una%20p%C3%A1gina%20web%20oficial*%20donde%20sus%20clientes%20puedan%20consultar%20sus%20servicios%20y%20agendar%20directamente%20por%20WhatsApp.%0A%0AEn%20*Todo%20Lima*%20creamos%20landing%20pages%20ultrarr%C3%A1pidas%20pensadas%20para%20negocios%20locales%3A%0A%E2%9C%85%20Subdominio%20verificado%3A%20*chifa-hong-wu.chifas.todolima.com*%0A%E2%9C%85%20Bot%C3%B3n%20de%20WhatsApp%20directo%20para%20recibir%20pedidos%20y%20citas%20al%20instante%0A%E2%9C%85%20Mapa%20interactivo%20para%20que%20lleguen%20a%20su%20local%20en%20Lima%0A%E2%9C%85%20Carga%20en%20menos%20de%201%20segundo%20en%20celulares%0A%E2%9C%85%20Ficha%20destacada%20en%20el%20directorio%20todolima.com%0A%0APreparamos%20una%20demostraci%C3%B3n%20sin%20costo%20de%20c%C3%B3mo%20se%20ver%C3%ADa%20la%20web%20de%20*Chifa%20Hong%20Wu*.%20%C2%BFLes%20gustar%C3%ADa%20que%20les%20comparta%20el%20enlace%20de%20prueba%20por%20aqu%C3%AD%3F%20%F0%9F%9A%80"
"Chifa Elio",chifas,"Lima",4,413,986100522,NEEDS_WEBSITE,chifa-elio.chifas.todolima.com,"https://wa.me/51986100522?text=Hola%20equipo%20de%20*Chifa%20Elio*%20%F0%9F%91%8B%2C%20los%20saluda%20el%20equipo%20de%20*Todo%20Lima*%20(todolima.com).%0A%0AVimos%20que%20son%20uno%20de%20los%20negocios%20con%20mejor%20reputaci%C3%B3n%20en%20Google%20Maps%20en%20*Lima*%20(%E2%AD%90%20*4.0*%20con%20413%20opiniones)%20%C2%A1Felicitaciones%20por%20tan%20buen%20trabajo!%20%F0%9F%91%8F%0A%0ARevisamos%20su%20ficha%20y%20notamos%20que%20*a%C3%BAn%20no%20cuentan%20con%20una%20p%C3%A1gina%20web%20oficial*%20donde%20sus%20clientes%20puedan%20consultar%20sus%20servicios%20y%20agendar%20directamente%20por%20WhatsApp.%0A%0AEn%20*Todo%20Lima*%20creamos%20landing%20pages%20ultrarr%C3%A1pidas%20pensadas%20para%20negocios%20locales%3A%0A%E2%9C%85%20Subdominio%20verificado%3A%20*chifa-elio.chifas.todolima.com*%0A%E2%9C%85%20Bot%C3%B3n%20de%20WhatsApp%20directo%20para%20recibir%20pedidos%20y%20citas%20al%20instante%0A%E2%9C%85%20Mapa%20interactivo%20para%20que%20lleguen%20a%20su%20local%20en%20Lima%0A%E2%9C%85%20Carga%20en%20menos%20de%201%20segundo%20en%20celulares%0A%E2%9C%85%20Ficha%20destacada%20en%20el%20directorio%20todolima.com%0A%0APreparamos%20una%20demostraci%C3%B3n%20sin%20costo%20de%20c%C3%B3mo%20se%20ver%C3%ADa%20la%20web%20de%20*Chifa%20Elio*.%20%C2%BFLes%20gustar%C3%ADa%20que%20les%20comparta%20el%20enlace%20de%20prueba%20por%20aqu%C3%AD%3F%20%F0%9F%9A%80"
"Chifa Huanuco",chifas,"Lima",4,56,987834388,NEEDS_WEBSITE,chifa-huanuco.chifas.todolima.com,"https://wa.me/51987834388?text=Hola%20equipo%20de%20*Chifa%20Huanuco*%20%F0%9F%91%8B%2C%20los%20saluda%20el%20equipo%20de%20*Todo%20Lima*%20(todolima.com).%0A%0AVimos%20que%20son%20uno%20de%20los%20negocios%20con%20mejor%20reputaci%C3%B3n%20en%20Google%20Maps%20en%20*Lima*%20(%E2%AD%90%20*4.0*%20con%2056%20opiniones)%20%C2%A1Felicitaciones%20por%20tan%20buen%20trabajo!%20%F0%9F%91%8F%0A%0ARevisamos%20su%20ficha%20y%20notamos%20que%20*a%C3%BAn%20no%20cuentan%20con%20una%20p%C3%A1gina%20web%20oficial*%20donde%20sus%20clientes%20puedan%20consultar%20sus%20servicios%20y%20agendar%20directamente%20por%20WhatsApp.%0A%0AEn%20*Todo%20Lima*%20creamos%20landing%20pages%20ultrarr%C3%A1pidas%20pensadas%20para%20negocios%20locales%3A%0A%E2%9C%85%20Subdominio%20verificado%3A%20*chifa-huanuco.chifas.todolima.com*%0A%E2%9C%85%20Bot%C3%B3n%20de%20WhatsApp%20directo%20para%20recibir%20pedidos%20y%20citas%20al%20instante%0A%E2%9C%85%20Mapa%20interactivo%20para%20que%20lleguen%20a%20su%20local%20en%20Lima%0A%E2%9C%85%20Carga%20en%20menos%20de%201%20segundo%20en%20celulares%0A%E2%9C%85%20Ficha%20destacada%20en%20el%20directorio%20todolima.com%0A%0APreparamos%20una%20demostraci%C3%B3n%20sin%20costo%20de%20c%C3%B3mo%20se%20ver%C3%ADa%20la%20web%20de%20*Chifa%20Huanuco*.%20%C2%BFLes%20gustar%C3%ADa%20que%20les%20comparta%20el%20enlace%20de%20prueba%20por%20aqu%C3%AD%3F%20%F0%9F%9A%80"
"Chifa Tac Wha",chifas,"Lima",4,43,946521346,NEEDS_WEBSITE,chifa-tac-wha.chifas.todolima.com,"https://wa.me/51946521346?text=Hola%20equipo%20de%20*Chifa%20Tac%20Wha*%20%F0%9F%91%8B%2C%20los%20saluda%20el%20equipo%20de%20*Todo%20Lima*%20(todolima.com).%0A%0AVimos%20que%20son%20uno%20de%20los%20negocios%20con%20mejor%20reputaci%C3%B3n%20en%20Google%20Maps%20en%20*Lima*%20(%E2%AD%90%20*4.0*%20con%2043%20opiniones)%20%C2%A1Felicitaciones%20por%20tan%20buen%20trabajo!%20%F0%9F%91%8F%0A%0ARevisamos%20su%20ficha%20y%20notamos%20que%20*a%C3%BAn%20no%20cuentan%20con%20una%20p%C3%A1gina%20web%20oficial*%20donde%20sus%20clientes%20puedan%20consultar%20sus%20servicios%20y%20agendar%20directamente%20por%20WhatsApp.%0A%0AEn%20*Todo%20Lima*%20creamos%20landing%20pages%20ultrarr%C3%A1pidas%20pensadas%20para%20negocios%20locales%3A%0A%E2%9C%85%20Subdominio%20verificado%3A%20*chifa-tac-wha.chifas.todolima.com*%0A%E2%9C%85%20Bot%C3%B3n%20de%20WhatsApp%20directo%20para%20recibir%20pedidos%20y%20citas%20al%20instante%0A%E2%9C%85%20Mapa%20interactivo%20para%20que%20lleguen%20a%20su%20local%20en%20Lima%0A%E2%9C%85%20Carga%20en%20menos%20de%201%20segundo%20en%20celulares%0A%E2%9C%85%20Ficha%20destacada%20en%20el%20directorio%20todolima.com%0A%0APreparamos%20una%20demostraci%C3%B3n%20sin%20costo%20de%20c%C3%B3mo%20se%20ver%C3%ADa%20la%20web%20de%20*Chifa%20Tac%20Wha*.%20%C2%BFLes%20gustar%C3%ADa%20que%20les%20comparta%20el%20enlace%20de%20prueba%20por%20aqu%C3%AD%3F%20%F0%9F%9A%80"
"VENTAS DE EXTINTORES Fumi Extin Express",fumigacion,"Lima",4,9,962869186,REDESIGN_WEBSITE,ventas-de-extintores-fumi-exti.fumigacion.todolima.com,"https://wa.me/51962869186?text=Hola%20equipo%20de%20*VENTAS%20DE%20EXTINTORES%20Fumi%20Extin%20Express*%20%F0%9F%91%8B%2C%20gusto%20en%20saludarlos.%0A%0ALes%20escribimos%20desde%20*Todo%20Lima*.%20Al%20revisar%20a%20los%20referentes%20de%20*Lima*%20(donde%20ustedes%20destacan%20con%20%E2%AD%90%20*4.0*)%2C%20realizamos%20una%20auditor%C3%ADa%20t%C3%A9cnica%20gratuita%20a%20su%20web%20actual%20(*https%3A%2F%2Fwww.fumigacionesyextintores.pe%2F*).%0A%0ADetectamos%20algunos%20puntos%20cr%C3%ADticos%20que%20podr%C3%ADan%20estar%20frenando%20sus%20consultas%3A%0A%E2%80%A2%20Carece%20de%20meta-descripci%C3%B3n%20optimizada%20para%20b%C3%BAsquedas%20en%20Google.%0A%E2%80%A2%20M%C3%BAltiples%20etiquetas%20H1%20detectadas%20(2)%2C%20diluyendo%20la%20fuerza%20SEO.%0A%E2%80%A2%20No%20tiene%20bot%C3%B3n%20directo%20a%20WhatsApp%20(pierde%20hasta%2060%25%20de%20contactos%20en%20Lima).%0A%0A%F0%9F%91%89%20*Dato%20clave%3A*%20El%2065%25%20de%20usuarios%20en%20Lima%20abandonan%20una%20web%20si%20no%20encuentran%20un%20bot%C3%B3n%20flotante%20de%20WhatsApp%20para%20consultar%20en%20el%20momento.%0A%0A%0APodemos%20modernizar%20su%20web%20para%20que%20cargue%20al%20instante%20y%20multiplique%20sus%20contactos%20por%20WhatsApp.%20%C2%BFLes%20gustar%C3%ADa%20que%20les%20enviemos%20el%20reporte%20t%C3%A9cnico%20completo%3F%20%F0%9F%93%8A"
"Israel Gasfitería",gasfiteros,"Cercado de Lima",4,6,960113932,NEEDS_WEBSITE,israel-gasfiteria.gasfiteros.todolima.com,"https://wa.me/51960113932?text=Hola%20equipo%20de%20*Israel%20Gasfiter%C3%ADa*%20%F0%9F%91%8B%2C%20los%20saluda%20el%20equipo%20de%20*Todo%20Lima*%20(todolima.com).%0A%0AVimos%20que%20son%20uno%20de%20los%20negocios%20con%20mejor%20reputaci%C3%B3n%20en%20Google%20Maps%20en%20*Cercado%20de%20Lima*%20(%E2%AD%90%20*4.0*%20con%206%20opiniones)%20%C2%A1Felicitaciones%20por%20tan%20buen%20trabajo!%20%F0%9F%91%8F%0A%0ARevisamos%20su%20ficha%20y%20notamos%20que%20*a%C3%BAn%20no%20cuentan%20con%20una%20p%C3%A1gina%20web%20oficial*%20donde%20sus%20clientes%20puedan%20consultar%20sus%20servicios%20y%20agendar%20directamente%20por%20WhatsApp.%0A%0AEn%20*Todo%20Lima*%20creamos%20landing%20pages%20ultrarr%C3%A1pidas%20pensadas%20para%20negocios%20locales%3A%0A%E2%9C%85%20Subdominio%20verificado%3A%20*israel-gasfiteria.gasfiteros.todolima.com*%0A%E2%9C%85%20Bot%C3%B3n%20de%20WhatsApp%20directo%20para%20recibir%20pedidos%20y%20citas%20al%20instante%0A%E2%9C%85%20Mapa%20interactivo%20para%20que%20lleguen%20a%20su%20local%20en%20Cercado%20de%20Lima%0A%E2%9C%85%20Carga%20en%20menos%20de%201%20segundo%20en%20celulares%0A%E2%9C%85%20Ficha%20destacada%20en%20el%20directorio%20todolima.com%0A%0APreparamos%20una%20demostraci%C3%B3n%20sin%20costo%20de%20c%C3%B3mo%20se%20ver%C3%ADa%20la%20web%20de%20*Israel%20Gasfiter%C3%ADa*.%20%C2%BFLes%20gustar%C3%ADa%20que%20les%20comparta%20el%20enlace%20de%20prueba%20por%20aqu%C3%AD%3F%20%F0%9F%9A%80"
"Ginecóloga Dra. Karina León Moreyra",ginecologos,"San Martín de Porres",4,8,986113015,REDESIGN_WEBSITE,ginecologa-dra-karina-leon-mor.ginecologos.todolima.com,"https://wa.me/51986113015?text=Hola%20equipo%20de%20*Ginec%C3%B3loga%20Dra.%20Karina%20Le%C3%B3n%20Moreyra*%20%F0%9F%91%8B%2C%20gusto%20en%20saludarlos.%0A%0ALes%20escribimos%20desde%20*Todo%20Lima*.%20Al%20revisar%20a%20los%20referentes%20de%20*San%20Mart%C3%ADn%20de%20Porres*%20(donde%20ustedes%20destacan%20con%20%E2%AD%90%20*4.0*)%2C%20realizamos%20una%20auditor%C3%ADa%20t%C3%A9cnica%20gratuita%20a%20su%20web%20actual%20(*http%3A%2F%2Fmidoctoraginecologa.com%2F*).%0A%0ADetectamos%20algunos%20puntos%20cr%C3%ADticos%20que%20podr%C3%ADan%20estar%20frenando%20sus%20consultas%3A%0A%E2%80%A2%20El%20servidor%20tard%C3%B3%20m%C3%A1s%20de%204s%20en%20responder%20(Timeout).%20El%20sitio%20est%C3%A1%20pr%C3%A1cticamente%20inoperativo%20para%20usuarios%20m%C3%B3viles.%0A%0A%F0%9F%91%89%20*Dato%20clave%3A*%20El%2065%25%20de%20usuarios%20en%20Lima%20abandonan%20una%20web%20si%20no%20encuentran%20un%20bot%C3%B3n%20flotante%20de%20WhatsApp%20para%20consultar%20en%20el%20momento.%0A%F0%9F%91%89%20*Velocidad%3A*%20Su%20web%20tarda%204.0s%20en%20responder%2C%20cuando%20el%20est%C3%A1ndar%20recomendado%20para%20m%C3%B3viles%20es%20menor%20a%201.5s.%0A%0APodemos%20modernizar%20su%20web%20para%20que%20cargue%20al%20instante%20y%20multiplique%20sus%20contactos%20por%20WhatsApp.%20%C2%BFLes%20gustar%C3%ADa%20que%20les%20enviemos%20el%20reporte%20t%C3%A9cnico%20completo%3F%20%F0%9F%93%8A"
"AVL KING sac.",pintores,"Lima",4,2,947284426,NEEDS_WEBSITE,avl-king-sac.pintores.todolima.com,"https://wa.me/51947284426?text=Hola%20equipo%20de%20*AVL%20KING%20sac.*%20%F0%9F%91%8B%2C%20los%20saluda%20el%20equipo%20de%20*Todo%20Lima*%20(todolima.com).%0A%0AVimos%20que%20son%20uno%20de%20los%20negocios%20con%20mejor%20reputaci%C3%B3n%20en%20Google%20Maps%20en%20*Lima*%20(%E2%AD%90%20*4.0*%20con%202%20opiniones)%20%C2%A1Felicitaciones%20por%20tan%20buen%20trabajo!%20%F0%9F%91%8F%0A%0ARevisamos%20su%20ficha%20y%20notamos%20que%20*a%C3%BAn%20no%20cuentan%20con%20una%20p%C3%A1gina%20web%20oficial*%20donde%20sus%20clientes%20puedan%20consultar%20sus%20servicios%20y%20agendar%20directamente%20por%20WhatsApp.%0A%0AEn%20*Todo%20Lima*%20creamos%20landing%20pages%20ultrarr%C3%A1pidas%20pensadas%20para%20negocios%20locales%3A%0A%E2%9C%85%20Subdominio%20verificado%3A%20*avl-king-sac.pintores.todolima.com*%0A%E2%9C%85%20Bot%C3%B3n%20de%20WhatsApp%20directo%20para%20recibir%20pedidos%20y%20citas%20al%20instante%0A%E2%9C%85%20Mapa%20interactivo%20para%20que%20lleguen%20a%20su%20local%20en%20Lima%0A%E2%9C%85%20Carga%20en%20menos%20de%201%20segundo%20en%20celulares%0A%E2%9C%85%20Ficha%20destacada%20en%20el%20directorio%20todolima.com%0A%0APreparamos%20una%20demostraci%C3%B3n%20sin%20costo%20de%20c%C3%B3mo%20se%20ver%C3%ADa%20la%20web%20de%20*AVL%20KING%20sac.*.%20%C2%BFLes%20gustar%C3%ADa%20que%20les%20comparta%20el%20enlace%20de%20prueba%20por%20aqu%C3%AD%3F%20%F0%9F%9A%80"
"Planchado y Pintura “Julio”",pintores,"Lima",4,1,996359695,NEEDS_WEBSITE,planchado-y-pintura-julio.pintores.todolima.com,"https://wa.me/51996359695?text=Hola%20equipo%20de%20*Planchado%20y%20Pintura%20%E2%80%9CJulio%E2%80%9D*%20%F0%9F%91%8B%2C%20los%20saluda%20el%20equipo%20de%20*Todo%20Lima*%20(todolima.com).%0A%0AVimos%20que%20son%20uno%20de%20los%20negocios%20con%20mejor%20reputaci%C3%B3n%20en%20Google%20Maps%20en%20*Lima*%20(%E2%AD%90%20*4.0*%20con%201%20opiniones)%20%C2%A1Felicitaciones%20por%20tan%20buen%20trabajo!%20%F0%9F%91%8F%0A%0ARevisamos%20su%20ficha%20y%20notamos%20que%20*a%C3%BAn%20no%20cuentan%20con%20una%20p%C3%A1gina%20web%20oficial*%20donde%20sus%20clientes%20puedan%20consultar%20sus%20servicios%20y%20agendar%20directamente%20por%20WhatsApp.%0A%0AEn%20*Todo%20Lima*%20creamos%20landing%20pages%20ultrarr%C3%A1pidas%20pensadas%20para%20negocios%20locales%3A%0A%E2%9C%85%20Subdominio%20verificado%3A%20*planchado-y-pintura-julio.pintores.todolima.com*%0A%E2%9C%85%20Bot%C3%B3n%20de%20WhatsApp%20directo%20para%20recibir%20pedidos%20y%20citas%20al%20instante%0A%E2%9C%85%20Mapa%20interactivo%20para%20que%20lleguen%20a%20su%20local%20en%20Lima%0A%E2%9C%85%20Carga%20en%20menos%20de%201%20segundo%20en%20celulares%0A%E2%9C%85%20Ficha%20destacada%20en%20el%20directorio%20todolima.com%0A%0APreparamos%20una%20demostraci%C3%B3n%20sin%20costo%20de%20c%C3%B3mo%20se%20ver%C3%ADa%20la%20web%20de%20*Planchado%20y%20Pintura%20%E2%80%9CJulio%E2%80%9D*.%20%C2%BFLes%20gustar%C3%ADa%20que%20les%20comparta%20el%20enlace%20de%20prueba%20por%20aqu%C3%AD%3F%20%F0%9F%9A%80"
"La Glorietta",pizzerias,"Lima",4,567,973887026,UPGRADE_SOCIAL,la-glorietta.pizzerias.todolima.com,"https://wa.me/51973887026?text=Hola%20equipo%20de%20*La%20Glorietta*%20%F0%9F%91%8B%2C%20les%20escribe%20el%20equipo%20de%20*Todo%20Lima*.%0A%0ARevisamos%20su%20destacada%20presencia%20en%20Google%20Maps%20en%20*Lima*%20(%E2%AD%90%20*4.0*%20estrellas).%20Notamos%20que%20su%20enlace%20de%20contacto%20actual%20es%20un%20perfil%20de%20*Instagram*.%0A%0AMuchos%20clientes%20que%20buscan%20servicios%20en%20Google%20prefieren%20una%20web%20r%C3%A1pida%20donde%20ver%20cat%C3%A1logo%2C%20fotos%20y%20tarifas%20sin%20tener%20que%20entrar%20a%20una%20red%20social%20o%20ver%20distracciones%20de%20la%20competencia.%0A%0A%C2%BFLes%20interesar%C3%ADa%20complementar%20su%20Instagram%20con%20una%20p%C3%A1gina%20web%20oficial%20(*la-glorietta.pizzerias.todolima.com*)%20con%20bot%C3%B3n%20directo%20a%20WhatsApp%20y%20presencia%20prioritaria%20en%20Todo%20Lima%3F%0A%0ATenemos%20una%20maqueta%20lista%20para%20mostrarles%20sin%20compromiso.%20%C2%BFSe%20las%20comparto%20por%20este%20medio%3F%20%F0%9F%93%B2"
"Pollos y Parrillas El Meson Av.peru",pollerias,"San Martín de Porres",4,1094,999942351,NEEDS_WEBSITE,pollos-y-parrillas-el-meson-av.pollerias.todolima.com,"https://wa.me/51999942351?text=Hola%20equipo%20de%20*Pollos%20y%20Parrillas%20El%20Meson%20Av.peru*%20%F0%9F%91%8B%2C%20los%20saluda%20el%20equipo%20de%20*Todo%20Lima*%20(todolima.com).%0A%0AVimos%20que%20son%20uno%20de%20los%20negocios%20con%20mejor%20reputaci%C3%B3n%20en%20Google%20Maps%20en%20*San%20Mart%C3%ADn%20de%20Porres*%20(%E2%AD%90%20*4.0*%20con%201094%20opiniones)%20%C2%A1Felicitaciones%20por%20tan%20buen%20trabajo!%20%F0%9F%91%8F%0A%0ARevisamos%20su%20ficha%20y%20notamos%20que%20*a%C3%BAn%20no%20cuentan%20con%20una%20p%C3%A1gina%20web%20oficial*%20donde%20sus%20clientes%20puedan%20consultar%20sus%20servicios%20y%20agendar%20directamente%20por%20WhatsApp.%0A%0AEn%20*Todo%20Lima*%20creamos%20landing%20pages%20ultrarr%C3%A1pidas%20pensadas%20para%20negocios%20locales%3A%0A%E2%9C%85%20Subdominio%20verificado%3A%20*pollos-y-parrillas-el-meson-av.pollerias.todolima.com*%0A%E2%9C%85%20Bot%C3%B3n%20de%20WhatsApp%20directo%20para%20recibir%20pedidos%20y%20citas%20al%20instante%0A%E2%9C%85%20Mapa%20interactivo%20para%20que%20lleguen%20a%20su%20local%20en%20San%20Mart%C3%ADn%20de%20Porres%0A%E2%9C%85%20Carga%20en%20menos%20de%201%20segundo%20en%20celulares%0A%E2%9C%85%20Ficha%20destacada%20en%20el%20directorio%20todolima.com%0A%0APreparamos%20una%20demostraci%C3%B3n%20sin%20costo%20de%20c%C3%B3mo%20se%20ver%C3%ADa%20la%20web%20de%20*Pollos%20y%20Parrillas%20El%20Meson%20Av.peru*.%20%C2%BFLes%20gustar%C3%ADa%20que%20les%20comparta%20el%20enlace%20de%20prueba%20por%20aqu%C3%AD%3F%20%F0%9F%9A%80"
"Polleria La Perricholi Rimac",pollerias,"Lima",4,714,940227909,NEEDS_WEBSITE,polleria-la-perricholi-rimac.pollerias.todolima.com,"https://wa.me/51940227909?text=Hola%20equipo%20de%20*Polleria%20La%20Perricholi%20Rimac*%20%F0%9F%91%8B%2C%20los%20saluda%20el%20equipo%20de%20*Todo%20Lima*%20(todolima.com).%0A%0AVimos%20que%20son%20uno%20de%20los%20negocios%20con%20mejor%20reputaci%C3%B3n%20en%20Google%20Maps%20en%20*Lima*%20(%E2%AD%90%20*4.0*%20con%20714%20opiniones)%20%C2%A1Felicitaciones%20por%20tan%20buen%20trabajo!%20%F0%9F%91%8F%0A%0ARevisamos%20su%20ficha%20y%20notamos%20que%20*a%C3%BAn%20no%20cuentan%20con%20una%20p%C3%A1gina%20web%20oficial*%20donde%20sus%20clientes%20puedan%20consultar%20sus%20servicios%20y%20agendar%20directamente%20por%20WhatsApp.%0A%0AEn%20*Todo%20Lima*%20creamos%20landing%20pages%20ultrarr%C3%A1pidas%20pensadas%20para%20negocios%20locales%3A%0A%E2%9C%85%20Subdominio%20verificado%3A%20*polleria-la-perricholi-rimac.pollerias.todolima.com*%0A%E2%9C%85%20Bot%C3%B3n%20de%20WhatsApp%20directo%20para%20recibir%20pedidos%20y%20citas%20al%20instante%0A%E2%9C%85%20Mapa%20interactivo%20para%20que%20lleguen%20a%20su%20local%20en%20Lima%0A%E2%9C%85%20Carga%20en%20menos%20de%201%20segundo%20en%20celulares%0A%E2%9C%85%20Ficha%20destacada%20en%20el%20directorio%20todolima.com%0A%0APreparamos%20una%20demostraci%C3%B3n%20sin%20costo%20de%20c%C3%B3mo%20se%20ver%C3%ADa%20la%20web%20de%20*Polleria%20La%20Perricholi%20Rimac*.%20%C2%BFLes%20gustar%C3%ADa%20que%20les%20comparta%20el%20enlace%20de%20prueba%20por%20aqu%C3%AD%3F%20%F0%9F%9A%80"
"Corralito - Pollos y Parrillas",pollerias,"Lima",4,650,973911786,NEEDS_WEBSITE,corralito-pollos-y-parrillas.pollerias.todolima.com,"https://wa.me/51973911786?text=Hola%20equipo%20de%20*Corralito%20-%20Pollos%20y%20Parrillas*%20%F0%9F%91%8B%2C%20los%20saluda%20el%20equipo%20de%20*Todo%20Lima*%20(todolima.com).%0A%0AVimos%20que%20son%20uno%20de%20los%20negocios%20con%20mejor%20reputaci%C3%B3n%20en%20Google%20Maps%20en%20*Lima*%20(%E2%AD%90%20*4.0*%20con%20650%20opiniones)%20%C2%A1Felicitaciones%20por%20tan%20buen%20trabajo!%20%F0%9F%91%8F%0A%0ARevisamos%20su%20ficha%20y%20notamos%20que%20*a%C3%BAn%20no%20cuentan%20con%20una%20p%C3%A1gina%20web%20oficial*%20donde%20sus%20clientes%20puedan%20consultar%20sus%20servicios%20y%20agendar%20directamente%20por%20WhatsApp.%0A%0AEn%20*Todo%20Lima*%20creamos%20landing%20pages%20ultrarr%C3%A1pidas%20pensadas%20para%20negocios%20locales%3A%0A%E2%9C%85%20Subdominio%20verificado%3A%20*corralito-pollos-y-parrillas.pollerias.todolima.com*%0A%E2%9C%85%20Bot%C3%B3n%20de%20WhatsApp%20directo%20para%20recibir%20pedidos%20y%20citas%20al%20instante%0A%E2%9C%85%20Mapa%20interactivo%20para%20que%20lleguen%20a%20su%20local%20en%20Lima%0A%E2%9C%85%20Carga%20en%20menos%20de%201%20segundo%20en%20celulares%0A%E2%9C%85%20Ficha%20destacada%20en%20el%20directorio%20todolima.com%0A%0APreparamos%20una%20demostraci%C3%B3n%20sin%20costo%20de%20c%C3%B3mo%20se%20ver%C3%ADa%20la%20web%20de%20*Corralito%20-%20Pollos%20y%20Parrillas*.%20%C2%BFLes%20gustar%C3%ADa%20que%20les%20comparta%20el%20enlace%20de%20prueba%20por%20aqu%C3%AD%3F%20%F0%9F%9A%80"
"POLLERIA CHICKEN BRASS",pollerias,"Lima",4,402,977666488,NEEDS_WEBSITE,polleria-chicken-brass.pollerias.todolima.com,"https://wa.me/51977666488?text=Hola%20equipo%20de%20*POLLERIA%20CHICKEN%20BRASS*%20%F0%9F%91%8B%2C%20los%20saluda%20el%20equipo%20de%20*Todo%20Lima*%20(todolima.com).%0A%0AVimos%20que%20son%20uno%20de%20los%20negocios%20con%20mejor%20reputaci%C3%B3n%20en%20Google%20Maps%20en%20*Lima*%20(%E2%AD%90%20*4.0*%20con%20402%20opiniones)%20%C2%A1Felicitaciones%20por%20tan%20buen%20trabajo!%20%F0%9F%91%8F%0A%0ARevisamos%20su%20ficha%20y%20notamos%20que%20*a%C3%BAn%20no%20cuentan%20con%20una%20p%C3%A1gina%20web%20oficial*%20donde%20sus%20clientes%20puedan%20consultar%20sus%20servicios%20y%20agendar%20directamente%20por%20WhatsApp.%0A%0AEn%20*Todo%20Lima*%20creamos%20landing%20pages%20ultrarr%C3%A1pidas%20pensadas%20para%20negocios%20locales%3A%0A%E2%9C%85%20Subdominio%20verificado%3A%20*polleria-chicken-brass.pollerias.todolima.com*%0A%E2%9C%85%20Bot%C3%B3n%20de%20WhatsApp%20directo%20para%20recibir%20pedidos%20y%20citas%20al%20instante%0A%E2%9C%85%20Mapa%20interactivo%20para%20que%20lleguen%20a%20su%20local%20en%20Lima%0A%E2%9C%85%20Carga%20en%20menos%20de%201%20segundo%20en%20celulares%0A%E2%9C%85%20Ficha%20destacada%20en%20el%20directorio%20todolima.com%0A%0APreparamos%20una%20demostraci%C3%B3n%20sin%20costo%20de%20c%C3%B3mo%20se%20ver%C3%ADa%20la%20web%20de%20*POLLERIA%20CHICKEN%20BRASS*.%20%C2%BFLes%20gustar%C3%ADa%20que%20les%20comparta%20el%20enlace%20de%20prueba%20por%20aqu%C3%AD%3F%20%F0%9F%9A%80"
"Pollería Y Cevichería Rudy's",pollerias,"Lima",4,294,910324101,NEEDS_WEBSITE,polleria-y-cevicheria-rudy-s.pollerias.todolima.com,"https://wa.me/51910324101?text=Hola%20equipo%20de%20*Poller%C3%ADa%20Y%20Cevicher%C3%ADa%20Rudy's*%20%F0%9F%91%8B%2C%20los%20saluda%20el%20equipo%20de%20*Todo%20Lima*%20(todolima.com).%0A%0AVimos%20que%20son%20uno%20de%20los%20negocios%20con%20mejor%20reputaci%C3%B3n%20en%20Google%20Maps%20en%20*Lima*%20(%E2%AD%90%20*4.0*%20con%20294%20opiniones)%20%C2%A1Felicitaciones%20por%20tan%20buen%20trabajo!%20%F0%9F%91%8F%0A%0ARevisamos%20su%20ficha%20y%20notamos%20que%20*a%C3%BAn%20no%20cuentan%20con%20una%20p%C3%A1gina%20web%20oficial*%20donde%20sus%20clientes%20puedan%20consultar%20sus%20servicios%20y%20agendar%20directamente%20por%20WhatsApp.%0A%0AEn%20*Todo%20Lima*%20creamos%20landing%20pages%20ultrarr%C3%A1pidas%20pensadas%20para%20negocios%20locales%3A%0A%E2%9C%85%20Subdominio%20verificado%3A%20*polleria-y-cevicheria-rudy-s.pollerias.todolima.com*%0A%E2%9C%85%20Bot%C3%B3n%20de%20WhatsApp%20directo%20para%20recibir%20pedidos%20y%20citas%20al%20instante%0A%E2%9C%85%20Mapa%20interactivo%20para%20que%20lleguen%20a%20su%20local%20en%20Lima%0A%E2%9C%85%20Carga%20en%20menos%20de%201%20segundo%20en%20celulares%0A%E2%9C%85%20Ficha%20destacada%20en%20el%20directorio%20todolima.com%0A%0APreparamos%20una%20demostraci%C3%B3n%20sin%20costo%20de%20c%C3%B3mo%20se%20ver%C3%ADa%20la%20web%20de%20*Poller%C3%ADa%20Y%20Cevicher%C3%ADa%20Rudy's*.%20%C2%BFLes%20gustar%C3%ADa%20que%20les%20comparta%20el%20enlace%20de%20prueba%20por%20aqu%C3%AD%3F%20%F0%9F%9A%80"
"Chick + Chicken | Pollos a la brasa",pollerias,"Lima",4,186,956310176,NEEDS_WEBSITE,chick-chicken-pollos-a-la-bras.pollerias.todolima.com,"https://wa.me/51956310176?text=Hola%20equipo%20de%20*Chick%20%2B%20Chicken%20%7C%20Pollos%20a%20la%20brasa*%20%F0%9F%91%8B%2C%20los%20saluda%20el%20equipo%20de%20*Todo%20Lima*%20(todolima.com).%0A%0AVimos%20que%20son%20uno%20de%20los%20negocios%20con%20mejor%20reputaci%C3%B3n%20en%20Google%20Maps%20en%20*Lima*%20(%E2%AD%90%20*4.0*%20con%20186%20opiniones)%20%C2%A1Felicitaciones%20por%20tan%20buen%20trabajo!%20%F0%9F%91%8F%0A%0ARevisamos%20su%20ficha%20y%20notamos%20que%20*a%C3%BAn%20no%20cuentan%20con%20una%20p%C3%A1gina%20web%20oficial*%20donde%20sus%20clientes%20puedan%20consultar%20sus%20servicios%20y%20agendar%20directamente%20por%20WhatsApp.%0A%0AEn%20*Todo%20Lima*%20creamos%20landing%20pages%20ultrarr%C3%A1pidas%20pensadas%20para%20negocios%20locales%3A%0A%E2%9C%85%20Subdominio%20verificado%3A%20*chick-chicken-pollos-a-la-bras.pollerias.todolima.com*%0A%E2%9C%85%20Bot%C3%B3n%20de%20WhatsApp%20directo%20para%20recibir%20pedidos%20y%20citas%20al%20instante%0A%E2%9C%85%20Mapa%20interactivo%20para%20que%20lleguen%20a%20su%20local%20en%20Lima%0A%E2%9C%85%20Carga%20en%20menos%20de%201%20segundo%20en%20celulares%0A%E2%9C%85%20Ficha%20destacada%20en%20el%20directorio%20todolima.com%0A%0APreparamos%20una%20demostraci%C3%B3n%20sin%20costo%20de%20c%C3%B3mo%20se%20ver%C3%ADa%20la%20web%20de%20*Chick%20%2B%20Chicken%20%7C%20Pollos%20a%20la%20brasa*.%20%C2%BFLes%20gustar%C3%ADa%20que%20les%20comparta%20el%20enlace%20de%20prueba%20por%20aqu%C3%AD%3F%20%F0%9F%9A%80"
"Polleria Pipas",pollerias,"Lima",4,164,933918750,NEEDS_WEBSITE,polleria-pipas.pollerias.todolima.com,"https://wa.me/51933918750?text=Hola%20equipo%20de%20*Polleria%20Pipas*%20%F0%9F%91%8B%2C%20los%20saluda%20el%20equipo%20de%20*Todo%20Lima*%20(todolima.com).%0A%0AVimos%20que%20son%20uno%20de%20los%20negocios%20con%20mejor%20reputaci%C3%B3n%20en%20Google%20Maps%20en%20*Lima*%20(%E2%AD%90%20*4.0*%20con%20164%20opiniones)%20%C2%A1Felicitaciones%20por%20tan%20buen%20trabajo!%20%F0%9F%91%8F%0A%0ARevisamos%20su%20ficha%20y%20notamos%20que%20*a%C3%BAn%20no%20cuentan%20con%20una%20p%C3%A1gina%20web%20oficial*%20donde%20sus%20clientes%20puedan%20consultar%20sus%20servicios%20y%20agendar%20directamente%20por%20WhatsApp.%0A%0AEn%20*Todo%20Lima*%20creamos%20landing%20pages%20ultrarr%C3%A1pidas%20pensadas%20para%20negocios%20locales%3A%0A%E2%9C%85%20Subdominio%20verificado%3A%20*polleria-pipas.pollerias.todolima.com*%0A%E2%9C%85%20Bot%C3%B3n%20de%20WhatsApp%20directo%20para%20recibir%20pedidos%20y%20citas%20al%20instante%0A%E2%9C%85%20Mapa%20interactivo%20para%20que%20lleguen%20a%20su%20local%20en%20Lima%0A%E2%9C%85%20Carga%20en%20menos%20de%201%20segundo%20en%20celulares%0A%E2%9C%85%20Ficha%20destacada%20en%20el%20directorio%20todolima.com%0A%0APreparamos%20una%20demostraci%C3%B3n%20sin%20costo%20de%20c%C3%B3mo%20se%20ver%C3%ADa%20la%20web%20de%20*Polleria%20Pipas*.%20%C2%BFLes%20gustar%C3%ADa%20que%20les%20comparta%20el%20enlace%20de%20prueba%20por%20aqu%C3%AD%3F%20%F0%9F%9A%80"
"Pollería ""TiTTí""",pollerias,"San Martín de Porres",4,87,965213490,UPGRADE_SOCIAL,polleria-titti.pollerias.todolima.com,"https://wa.me/51965213490?text=Hola%20equipo%20de%20*Poller%C3%ADa%20%22TiTT%C3%AD%22*%20%F0%9F%91%8B%2C%20les%20escribe%20el%20equipo%20de%20*Todo%20Lima*.%0A%0ARevisamos%20su%20destacada%20presencia%20en%20Google%20Maps%20en%20*San%20Mart%C3%ADn%20de%20Porres*%20(%E2%AD%90%20*4.0*%20estrellas).%20Notamos%20que%20su%20enlace%20de%20contacto%20actual%20es%20un%20perfil%20de%20*Facebook*.%0A%0AMuchos%20clientes%20que%20buscan%20servicios%20en%20Google%20prefieren%20una%20web%20r%C3%A1pida%20donde%20ver%20cat%C3%A1logo%2C%20fotos%20y%20tarifas%20sin%20tener%20que%20entrar%20a%20una%20red%20social%20o%20ver%20distracciones%20de%20la%20competencia.%0A%0A%C2%BFLes%20interesar%C3%ADa%20complementar%20su%20Facebook%20con%20una%20p%C3%A1gina%20web%20oficial%20(*polleria-titti.pollerias.todolima.com*)%20con%20bot%C3%B3n%20directo%20a%20WhatsApp%20y%20presencia%20prioritaria%20en%20Todo%20Lima%3F%0A%0ATenemos%20una%20maqueta%20lista%20para%20mostrarles%20sin%20compromiso.%20%C2%BFSe%20las%20comparto%20por%20este%20medio%3F%20%F0%9F%93%B2"
"Pollos Kadena",pollerias,"Lima",4,35,923034587,NEEDS_WEBSITE,pollos-kadena.pollerias.todolima.com,"https://wa.me/51923034587?text=Hola%20equipo%20de%20*Pollos%20Kadena*%20%F0%9F%91%8B%2C%20los%20saluda%20el%20equipo%20de%20*Todo%20Lima*%20(todolima.com).%0A%0AVimos%20que%20son%20uno%20de%20los%20negocios%20con%20mejor%20reputaci%C3%B3n%20en%20Google%20Maps%20en%20*Lima*%20(%E2%AD%90%20*4.0*%20con%2035%20opiniones)%20%C2%A1Felicitaciones%20por%20tan%20buen%20trabajo!%20%F0%9F%91%8F%0A%0ARevisamos%20su%20ficha%20y%20notamos%20que%20*a%C3%BAn%20no%20cuentan%20con%20una%20p%C3%A1gina%20web%20oficial*%20donde%20sus%20clientes%20puedan%20consultar%20sus%20servicios%20y%20agendar%20directamente%20por%20WhatsApp.%0A%0AEn%20*Todo%20Lima*%20creamos%20landing%20pages%20ultrarr%C3%A1pidas%20pensadas%20para%20negocios%20locales%3A%0A%E2%9C%85%20Subdominio%20verificado%3A%20*pollos-kadena.pollerias.todolima.com*%0A%E2%9C%85%20Bot%C3%B3n%20de%20WhatsApp%20directo%20para%20recibir%20pedidos%20y%20citas%20al%20instante%0A%E2%9C%85%20Mapa%20interactivo%20para%20que%20lleguen%20a%20su%20local%20en%20Lima%0A%E2%9C%85%20Carga%20en%20menos%20de%201%20segundo%20en%20celulares%0A%E2%9C%85%20Ficha%20destacada%20en%20el%20directorio%20todolima.com%0A%0APreparamos%20una%20demostraci%C3%B3n%20sin%20costo%20de%20c%C3%B3mo%20se%20ver%C3%ADa%20la%20web%20de%20*Pollos%20Kadena*.%20%C2%BFLes%20gustar%C3%ADa%20que%20les%20comparta%20el%20enlace%20de%20prueba%20por%20aqu%C3%AD%3F%20%F0%9F%9A%80"
"Coporación Motors",talleres-mecanicos,"Lima",4,53,920861192,REDESIGN_WEBSITE,coporacion-motors.talleres-mecanicos.todolima.com,"https://wa.me/51920861192?text=Hola%20equipo%20de%20*Coporaci%C3%B3n%20Motors*%20%F0%9F%91%8B%2C%20gusto%20en%20saludarlos.%0A%0ALes%20escribimos%20desde%20*Todo%20Lima*.%20Al%20revisar%20a%20los%20referentes%20de%20*Lima*%20(donde%20ustedes%20destacan%20con%20%E2%AD%90%20*4.0*)%2C%20realizamos%20una%20auditor%C3%ADa%20t%C3%A9cnica%20gratuita%20a%20su%20web%20actual%20(*https%3A%2F%2Ftallerautomotrizcorfigasingenieros.com%2F*).%0A%0ADetectamos%20algunos%20puntos%20cr%C3%ADticos%20que%20podr%C3%ADan%20estar%20frenando%20sus%20consultas%3A%0A%E2%80%A2%20El%20servidor%20tard%C3%B3%20m%C3%A1s%20de%204s%20en%20responder%20(Timeout).%20El%20sitio%20est%C3%A1%20pr%C3%A1cticamente%20inoperativo%20para%20usuarios%20m%C3%B3viles.%0A%0A%F0%9F%91%89%20*Dato%20clave%3A*%20El%2065%25%20de%20usuarios%20en%20Lima%20abandonan%20una%20web%20si%20no%20encuentran%20un%20bot%C3%B3n%20flotante%20de%20WhatsApp%20para%20consultar%20en%20el%20momento.%0A%F0%9F%91%89%20*Velocidad%3A*%20Su%20web%20tarda%204.0s%20en%20responder%2C%20cuando%20el%20est%C3%A1ndar%20recomendado%20para%20m%C3%B3viles%20es%20menor%20a%201.5s.%0A%0APodemos%20modernizar%20su%20web%20para%20que%20cargue%20al%20instante%20y%20multiplique%20sus%20contactos%20por%20WhatsApp.%20%C2%BFLes%20gustar%C3%ADa%20que%20les%20enviemos%20el%20reporte%20t%C3%A9cnico%20completo%3F%20%F0%9F%93%8A"
"El Amigo Inmobiliario",agentes-inmobiliarios,"Lima",3.9,397,934483679,NEEDS_WEBSITE,el-amigo-inmobiliario.agentes-inmobiliarios.todolima.com,"https://wa.me/51934483679?text=Hola%20equipo%20de%20*El%20Amigo%20Inmobiliario*%20%F0%9F%91%8B%2C%20los%20saluda%20el%20equipo%20de%20*Todo%20Lima*%20(todolima.com).%0A%0AVimos%20que%20son%20uno%20de%20los%20negocios%20con%20mejor%20reputaci%C3%B3n%20en%20Google%20Maps%20en%20*Lima*%20(%E2%AD%90%20*3.9*%20con%20397%20opiniones)%20%C2%A1Felicitaciones%20por%20tan%20buen%20trabajo!%20%F0%9F%91%8F%0A%0ARevisamos%20su%20ficha%20y%20notamos%20que%20*a%C3%BAn%20no%20cuentan%20con%20una%20p%C3%A1gina%20web%20oficial*%20donde%20sus%20clientes%20puedan%20consultar%20sus%20servicios%20y%20agendar%20directamente%20por%20WhatsApp.%0A%0AEn%20*Todo%20Lima*%20creamos%20landing%20pages%20ultrarr%C3%A1pidas%20pensadas%20para%20negocios%20locales%3A%0A%E2%9C%85%20Subdominio%20verificado%3A%20*el-amigo-inmobiliario.agentes-inmobiliarios.todolima.com*%0A%E2%9C%85%20Bot%C3%B3n%20de%20WhatsApp%20directo%20para%20recibir%20pedidos%20y%20citas%20al%20instante%0A%E2%9C%85%20Mapa%20interactivo%20para%20que%20lleguen%20a%20su%20local%20en%20Lima%0A%E2%9C%85%20Carga%20en%20menos%20de%201%20segundo%20en%20celulares%0A%E2%9C%85%20Ficha%20destacada%20en%20el%20directorio%20todolima.com%0A%0APreparamos%20una%20demostraci%C3%B3n%20sin%20costo%20de%20c%C3%B3mo%20se%20ver%C3%ADa%20la%20web%20de%20*El%20Amigo%20Inmobiliario*.%20%C2%BFLes%20gustar%C3%ADa%20que%20les%20comparta%20el%20enlace%20de%20prueba%20por%20aqu%C3%AD%3F%20%F0%9F%9A%80"
"M&R CAR SERVICE",car-wash,"Lima",3.9,83,936560159,UPGRADE_SOCIAL,m-r-car-service.car-wash.todolima.com,"https://wa.me/51936560159?text=Hola%20equipo%20de%20*M%26R%20CAR%20SERVICE*%20%F0%9F%91%8B%2C%20les%20escribe%20el%20equipo%20de%20*Todo%20Lima*.%0A%0ARevisamos%20su%20destacada%20presencia%20en%20Google%20Maps%20en%20*Lima*%20(%E2%AD%90%20*3.9*%20estrellas).%20Notamos%20que%20su%20enlace%20de%20contacto%20actual%20es%20un%20perfil%20de%20*Facebook*.%0A%0AMuchos%20clientes%20que%20buscan%20servicios%20en%20Google%20prefieren%20una%20web%20r%C3%A1pida%20donde%20ver%20cat%C3%A1logo%2C%20fotos%20y%20tarifas%20sin%20tener%20que%20entrar%20a%20una%20red%20social%20o%20ver%20distracciones%20de%20la%20competencia.%0A%0A%C2%BFLes%20interesar%C3%ADa%20complementar%20su%20Facebook%20con%20una%20p%C3%A1gina%20web%20oficial%20(*m-r-car-service.car-wash.todolima.com*)%20con%20bot%C3%B3n%20directo%20a%20WhatsApp%20y%20presencia%20prioritaria%20en%20Todo%20Lima%3F%0A%0ATenemos%20una%20maqueta%20lista%20para%20mostrarles%20sin%20compromiso.%20%C2%BFSe%20las%20comparto%20por%20este%20medio%3F%20%F0%9F%93%B2"
"CERRAJERIA VASQUEZ",cerrajeros,"Magdalena del Mar",3.9,12,980792708,NEEDS_WEBSITE,cerrajeria-vasquez.cerrajeros.todolima.com,"https://wa.me/51980792708?text=Hola%20equipo%20de%20*CERRAJERIA%20VASQUEZ*%20%F0%9F%91%8B%2C%20los%20saluda%20el%20equipo%20de%20*Todo%20Lima*%20(todolima.com).%0A%0AVimos%20que%20son%20uno%20de%20los%20negocios%20con%20mejor%20reputaci%C3%B3n%20en%20Google%20Maps%20en%20*Magdalena%20del%20Mar*%20(%E2%AD%90%20*3.9*%20con%2012%20opiniones)%20%C2%A1Felicitaciones%20por%20tan%20buen%20trabajo!%20%F0%9F%91%8F%0A%0ARevisamos%20su%20ficha%20y%20notamos%20que%20*a%C3%BAn%20no%20cuentan%20con%20una%20p%C3%A1gina%20web%20oficial*%20donde%20sus%20clientes%20puedan%20consultar%20sus%20servicios%20y%20agendar%20directamente%20por%20WhatsApp.%0A%0AEn%20*Todo%20Lima*%20creamos%20landing%20pages%20ultrarr%C3%A1pidas%20pensadas%20para%20negocios%20locales%3A%0A%E2%9C%85%20Subdominio%20verificado%3A%20*cerrajeria-vasquez.cerrajeros.todolima.com*%0A%E2%9C%85%20Bot%C3%B3n%20de%20WhatsApp%20directo%20para%20recibir%20pedidos%20y%20citas%20al%20instante%0A%E2%9C%85%20Mapa%20interactivo%20para%20que%20lleguen%20a%20su%20local%20en%20Magdalena%20del%20Mar%0A%E2%9C%85%20Carga%20en%20menos%20de%201%20segundo%20en%20celulares%0A%E2%9C%85%20Ficha%20destacada%20en%20el%20directorio%20todolima.com%0A%0APreparamos%20una%20demostraci%C3%B3n%20sin%20costo%20de%20c%C3%B3mo%20se%20ver%C3%ADa%20la%20web%20de%20*CERRAJERIA%20VASQUEZ*.%20%C2%BFLes%20gustar%C3%ADa%20que%20les%20comparta%20el%20enlace%20de%20prueba%20por%20aqu%C3%AD%3F%20%F0%9F%9A%80"
"Restaurante chifa Pinwei",chifas,"Lima",3.9,809,955462029,NEEDS_WEBSITE,restaurante-chifa-pinwei.chifas.todolima.com,"https://wa.me/51955462029?text=Hola%20equipo%20de%20*Restaurante%20chifa%20Pinwei*%20%F0%9F%91%8B%2C%20los%20saluda%20el%20equipo%20de%20*Todo%20Lima*%20(todolima.com).%0A%0AVimos%20que%20son%20uno%20de%20los%20negocios%20con%20mejor%20reputaci%C3%B3n%20en%20Google%20Maps%20en%20*Lima*%20(%E2%AD%90%20*3.9*%20con%20809%20opiniones)%20%C2%A1Felicitaciones%20por%20tan%20buen%20trabajo!%20%F0%9F%91%8F%0A%0ARevisamos%20su%20ficha%20y%20notamos%20que%20*a%C3%BAn%20no%20cuentan%20con%20una%20p%C3%A1gina%20web%20oficial*%20donde%20sus%20clientes%20puedan%20consultar%20sus%20servicios%20y%20agendar%20directamente%20por%20WhatsApp.%0A%0AEn%20*Todo%20Lima*%20creamos%20landing%20pages%20ultrarr%C3%A1pidas%20pensadas%20para%20negocios%20locales%3A%0A%E2%9C%85%20Subdominio%20verificado%3A%20*restaurante-chifa-pinwei.chifas.todolima.com*%0A%E2%9C%85%20Bot%C3%B3n%20de%20WhatsApp%20directo%20para%20recibir%20pedidos%20y%20citas%20al%20instante%0A%E2%9C%85%20Mapa%20interactivo%20para%20que%20lleguen%20a%20su%20local%20en%20Lima%0A%E2%9C%85%20Carga%20en%20menos%20de%201%20segundo%20en%20celulares%0A%E2%9C%85%20Ficha%20destacada%20en%20el%20directorio%20todolima.com%0A%0APreparamos%20una%20demostraci%C3%B3n%20sin%20costo%20de%20c%C3%B3mo%20se%20ver%C3%ADa%20la%20web%20de%20*Restaurante%20chifa%20Pinwei*.%20%C2%BFLes%20gustar%C3%ADa%20que%20les%20comparta%20el%20enlace%20de%20prueba%20por%20aqu%C3%AD%3F%20%F0%9F%9A%80"
"Chifa y Polleria ""El Mandarin"" calle Garcia Naranjo",chifas,"Lima",3.9,117,949057507,NEEDS_WEBSITE,chifa-y-polleria-el-mandarin-c.chifas.todolima.com,"https://wa.me/51949057507?text=Hola%20equipo%20de%20*Chifa%20y%20Polleria%20%22El%20Mandarin%22%20calle%20Garcia%20Naranjo*%20%F0%9F%91%8B%2C%20los%20saluda%20el%20equipo%20de%20*Todo%20Lima*%20(todolima.com).%0A%0AVimos%20que%20son%20uno%20de%20los%20negocios%20con%20mejor%20reputaci%C3%B3n%20en%20Google%20Maps%20en%20*Lima*%20(%E2%AD%90%20*3.9*%20con%20117%20opiniones)%20%C2%A1Felicitaciones%20por%20tan%20buen%20trabajo!%20%F0%9F%91%8F%0A%0ARevisamos%20su%20ficha%20y%20notamos%20que%20*a%C3%BAn%20no%20cuentan%20con%20una%20p%C3%A1gina%20web%20oficial*%20donde%20sus%20clientes%20puedan%20consultar%20sus%20servicios%20y%20agendar%20directamente%20por%20WhatsApp.%0A%0AEn%20*Todo%20Lima*%20creamos%20landing%20pages%20ultrarr%C3%A1pidas%20pensadas%20para%20negocios%20locales%3A%0A%E2%9C%85%20Subdominio%20verificado%3A%20*chifa-y-polleria-el-mandarin-c.chifas.todolima.com*%0A%E2%9C%85%20Bot%C3%B3n%20de%20WhatsApp%20directo%20para%20recibir%20pedidos%20y%20citas%20al%20instante%0A%E2%9C%85%20Mapa%20interactivo%20para%20que%20lleguen%20a%20su%20local%20en%20Lima%0A%E2%9C%85%20Carga%20en%20menos%20de%201%20segundo%20en%20celulares%0A%E2%9C%85%20Ficha%20destacada%20en%20el%20directorio%20todolima.com%0A%0APreparamos%20una%20demostraci%C3%B3n%20sin%20costo%20de%20c%C3%B3mo%20se%20ver%C3%ADa%20la%20web%20de%20*Chifa%20y%20Polleria%20%22El%20Mandarin%22%20calle%20Garcia%20Naranjo*.%20%C2%BFLes%20gustar%C3%ADa%20que%20les%20comparta%20el%20enlace%20de%20prueba%20por%20aqu%C3%AD%3F%20%F0%9F%9A%80"
"Chifa Lui Lei Sede Pueblo Libre",chifas,"Pueblo Libre",3.9,89,923176291,NEEDS_WEBSITE,chifa-lui-lei-sede-pueblo-libr.chifas.todolima.com,"https://wa.me/51923176291?text=Hola%20equipo%20de%20*Chifa%20Lui%20Lei%20Sede%20Pueblo%20Libre*%20%F0%9F%91%8B%2C%20los%20saluda%20el%20equipo%20de%20*Todo%20Lima*%20(todolima.com).%0A%0AVimos%20que%20son%20uno%20de%20los%20negocios%20con%20mejor%20reputaci%C3%B3n%20en%20Google%20Maps%20en%20*Pueblo%20Libre*%20(%E2%AD%90%20*3.9*%20con%2089%20opiniones)%20%C2%A1Felicitaciones%20por%20tan%20buen%20trabajo!%20%F0%9F%91%8F%0A%0ARevisamos%20su%20ficha%20y%20notamos%20que%20*a%C3%BAn%20no%20cuentan%20con%20una%20p%C3%A1gina%20web%20oficial*%20donde%20sus%20clientes%20puedan%20consultar%20sus%20servicios%20y%20agendar%20directamente%20por%20WhatsApp.%0A%0AEn%20*Todo%20Lima*%20creamos%20landing%20pages%20ultrarr%C3%A1pidas%20pensadas%20para%20negocios%20locales%3A%0A%E2%9C%85%20Subdominio%20verificado%3A%20*chifa-lui-lei-sede-pueblo-libr.chifas.todolima.com*%0A%E2%9C%85%20Bot%C3%B3n%20de%20WhatsApp%20directo%20para%20recibir%20pedidos%20y%20citas%20al%20instante%0A%E2%9C%85%20Mapa%20interactivo%20para%20que%20lleguen%20a%20su%20local%20en%20Pueblo%20Libre%0A%E2%9C%85%20Carga%20en%20menos%20de%201%20segundo%20en%20celulares%0A%E2%9C%85%20Ficha%20destacada%20en%20el%20directorio%20todolima.com%0A%0APreparamos%20una%20demostraci%C3%B3n%20sin%20costo%20de%20c%C3%B3mo%20se%20ver%C3%ADa%20la%20web%20de%20*Chifa%20Lui%20Lei%20Sede%20Pueblo%20Libre*.%20%C2%BFLes%20gustar%C3%ADa%20que%20les%20comparta%20el%20enlace%20de%20prueba%20por%20aqu%C3%AD%3F%20%F0%9F%9A%80"
"Chifa Hong Kon",chifas,"Jesús María",3.9,61,992251727,NEEDS_WEBSITE,chifa-hong-kon.chifas.todolima.com,"https://wa.me/51992251727?text=Hola%20equipo%20de%20*Chifa%20Hong%20Kon*%20%F0%9F%91%8B%2C%20los%20saluda%20el%20equipo%20de%20*Todo%20Lima*%20(todolima.com).%0A%0AVimos%20que%20son%20uno%20de%20los%20negocios%20con%20mejor%20reputaci%C3%B3n%20en%20Google%20Maps%20en%20*Jes%C3%BAs%20Mar%C3%ADa*%20(%E2%AD%90%20*3.9*%20con%2061%20opiniones)%20%C2%A1Felicitaciones%20por%20tan%20buen%20trabajo!%20%F0%9F%91%8F%0A%0ARevisamos%20su%20ficha%20y%20notamos%20que%20*a%C3%BAn%20no%20cuentan%20con%20una%20p%C3%A1gina%20web%20oficial*%20donde%20sus%20clientes%20puedan%20consultar%20sus%20servicios%20y%20agendar%20directamente%20por%20WhatsApp.%0A%0AEn%20*Todo%20Lima*%20creamos%20landing%20pages%20ultrarr%C3%A1pidas%20pensadas%20para%20negocios%20locales%3A%0A%E2%9C%85%20Subdominio%20verificado%3A%20*chifa-hong-kon.chifas.todolima.com*%0A%E2%9C%85%20Bot%C3%B3n%20de%20WhatsApp%20directo%20para%20recibir%20pedidos%20y%20citas%20al%20instante%0A%E2%9C%85%20Mapa%20interactivo%20para%20que%20lleguen%20a%20su%20local%20en%20Jes%C3%BAs%20Mar%C3%ADa%0A%E2%9C%85%20Carga%20en%20menos%20de%201%20segundo%20en%20celulares%0A%E2%9C%85%20Ficha%20destacada%20en%20el%20directorio%20todolima.com%0A%0APreparamos%20una%20demostraci%C3%B3n%20sin%20costo%20de%20c%C3%B3mo%20se%20ver%C3%ADa%20la%20web%20de%20*Chifa%20Hong%20Kon*.%20%C2%BFLes%20gustar%C3%ADa%20que%20les%20comparta%20el%20enlace%20de%20prueba%20por%20aqu%C3%AD%3F%20%F0%9F%9A%80"
"Centros de Carrocería R.L planchado y pintura",pintores,"Lima",3.9,26,988347417,NEEDS_WEBSITE,centros-de-carroceria-r-l-plan.pintores.todolima.com,"https://wa.me/51988347417?text=Hola%20equipo%20de%20*Centros%20de%20Carrocer%C3%ADa%20R.L%20planchado%20y%20pintura*%20%F0%9F%91%8B%2C%20los%20saluda%20el%20equipo%20de%20*Todo%20Lima*%20(todolima.com).%0A%0AVimos%20que%20son%20uno%20de%20los%20negocios%20con%20mejor%20reputaci%C3%B3n%20en%20Google%20Maps%20en%20*Lima*%20(%E2%AD%90%20*3.9*%20con%2026%20opiniones)%20%C2%A1Felicitaciones%20por%20tan%20buen%20trabajo!%20%F0%9F%91%8F%0A%0ARevisamos%20su%20ficha%20y%20notamos%20que%20*a%C3%BAn%20no%20cuentan%20con%20una%20p%C3%A1gina%20web%20oficial*%20donde%20sus%20clientes%20puedan%20consultar%20sus%20servicios%20y%20agendar%20directamente%20por%20WhatsApp.%0A%0AEn%20*Todo%20Lima*%20creamos%20landing%20pages%20ultrarr%C3%A1pidas%20pensadas%20para%20negocios%20locales%3A%0A%E2%9C%85%20Subdominio%20verificado%3A%20*centros-de-carroceria-r-l-plan.pintores.todolima.com*%0A%E2%9C%85%20Bot%C3%B3n%20de%20WhatsApp%20directo%20para%20recibir%20pedidos%20y%20citas%20al%20instante%0A%E2%9C%85%20Mapa%20interactivo%20para%20que%20lleguen%20a%20su%20local%20en%20Lima%0A%E2%9C%85%20Carga%20en%20menos%20de%201%20segundo%20en%20celulares%0A%E2%9C%85%20Ficha%20destacada%20en%20el%20directorio%20todolima.com%0A%0APreparamos%20una%20demostraci%C3%B3n%20sin%20costo%20de%20c%C3%B3mo%20se%20ver%C3%ADa%20la%20web%20de%20*Centros%20de%20Carrocer%C3%ADa%20R.L%20planchado%20y%20pintura*.%20%C2%BFLes%20gustar%C3%ADa%20que%20les%20comparta%20el%20enlace%20de%20prueba%20por%20aqu%C3%AD%3F%20%F0%9F%9A%80"
"El Carioco",pollerias,"Breña",3.9,220,991780049,NEEDS_WEBSITE,el-carioco.pollerias.todolima.com,"https://wa.me/51991780049?text=Hola%20equipo%20de%20*El%20Carioco*%20%F0%9F%91%8B%2C%20los%20saluda%20el%20equipo%20de%20*Todo%20Lima*%20(todolima.com).%0A%0AVimos%20que%20son%20uno%20de%20los%20negocios%20con%20mejor%20reputaci%C3%B3n%20en%20Google%20Maps%20en%20*Bre%C3%B1a*%20(%E2%AD%90%20*3.9*%20con%20220%20opiniones)%20%C2%A1Felicitaciones%20por%20tan%20buen%20trabajo!%20%F0%9F%91%8F%0A%0ARevisamos%20su%20ficha%20y%20notamos%20que%20*a%C3%BAn%20no%20cuentan%20con%20una%20p%C3%A1gina%20web%20oficial*%20donde%20sus%20clientes%20puedan%20consultar%20sus%20servicios%20y%20agendar%20directamente%20por%20WhatsApp.%0A%0AEn%20*Todo%20Lima*%20creamos%20landing%20pages%20ultrarr%C3%A1pidas%20pensadas%20para%20negocios%20locales%3A%0A%E2%9C%85%20Subdominio%20verificado%3A%20*el-carioco.pollerias.todolima.com*%0A%E2%9C%85%20Bot%C3%B3n%20de%20WhatsApp%20directo%20para%20recibir%20pedidos%20y%20citas%20al%20instante%0A%E2%9C%85%20Mapa%20interactivo%20para%20que%20lleguen%20a%20su%20local%20en%20Bre%C3%B1a%0A%E2%9C%85%20Carga%20en%20menos%20de%201%20segundo%20en%20celulares%0A%E2%9C%85%20Ficha%20destacada%20en%20el%20directorio%20todolima.com%0A%0APreparamos%20una%20demostraci%C3%B3n%20sin%20costo%20de%20c%C3%B3mo%20se%20ver%C3%ADa%20la%20web%20de%20*El%20Carioco*.%20%C2%BFLes%20gustar%C3%ADa%20que%20les%20comparta%20el%20enlace%20de%20prueba%20por%20aqu%C3%AD%3F%20%F0%9F%9A%80"
"La 49 Carwash",car-wash,"Lima",3.8,85,928106315,NEEDS_WEBSITE,la-49-carwash.car-wash.todolima.com,"https://wa.me/51928106315?text=Hola%20equipo%20de%20*La%2049%20Carwash*%20%F0%9F%91%8B%2C%20los%20saluda%20el%20equipo%20de%20*Todo%20Lima*%20(todolima.com).%0A%0AVimos%20que%20son%20uno%20de%20los%20negocios%20con%20mejor%20reputaci%C3%B3n%20en%20Google%20Maps%20en%20*Lima*%20(%E2%AD%90%20*3.8*%20con%2085%20opiniones)%20%C2%A1Felicitaciones%20por%20tan%20buen%20trabajo!%20%F0%9F%91%8F%0A%0ARevisamos%20su%20ficha%20y%20notamos%20que%20*a%C3%BAn%20no%20cuentan%20con%20una%20p%C3%A1gina%20web%20oficial*%20donde%20sus%20clientes%20puedan%20consultar%20sus%20servicios%20y%20agendar%20directamente%20por%20WhatsApp.%0A%0AEn%20*Todo%20Lima*%20creamos%20landing%20pages%20ultrarr%C3%A1pidas%20pensadas%20para%20negocios%20locales%3A%0A%E2%9C%85%20Subdominio%20verificado%3A%20*la-49-carwash.car-wash.todolima.com*%0A%E2%9C%85%20Bot%C3%B3n%20de%20WhatsApp%20directo%20para%20recibir%20pedidos%20y%20citas%20al%20instante%0A%E2%9C%85%20Mapa%20interactivo%20para%20que%20lleguen%20a%20su%20local%20en%20Lima%0A%E2%9C%85%20Carga%20en%20menos%20de%201%20segundo%20en%20celulares%0A%E2%9C%85%20Ficha%20destacada%20en%20el%20directorio%20todolima.com%0A%0APreparamos%20una%20demostraci%C3%B3n%20sin%20costo%20de%20c%C3%B3mo%20se%20ver%C3%ADa%20la%20web%20de%20*La%2049%20Carwash*.%20%C2%BFLes%20gustar%C3%ADa%20que%20les%20comparta%20el%20enlace%20de%20prueba%20por%20aqu%C3%AD%3F%20%F0%9F%9A%80"
"Pits Perú",car-wash,"Santiago de Surco",3.8,82,923749550,NEEDS_WEBSITE,pits-peru.car-wash.todolima.com,"https://wa.me/51923749550?text=Hola%20equipo%20de%20*Pits%20Per%C3%BA*%20%F0%9F%91%8B%2C%20los%20saluda%20el%20equipo%20de%20*Todo%20Lima*%20(todolima.com).%0A%0AVimos%20que%20son%20uno%20de%20los%20negocios%20con%20mejor%20reputaci%C3%B3n%20en%20Google%20Maps%20en%20*Santiago%20de%20Surco*%20(%E2%AD%90%20*3.8*%20con%2082%20opiniones)%20%C2%A1Felicitaciones%20por%20tan%20buen%20trabajo!%20%F0%9F%91%8F%0A%0ARevisamos%20su%20ficha%20y%20notamos%20que%20*a%C3%BAn%20no%20cuentan%20con%20una%20p%C3%A1gina%20web%20oficial*%20donde%20sus%20clientes%20puedan%20consultar%20sus%20servicios%20y%20agendar%20directamente%20por%20WhatsApp.%0A%0AEn%20*Todo%20Lima*%20creamos%20landing%20pages%20ultrarr%C3%A1pidas%20pensadas%20para%20negocios%20locales%3A%0A%E2%9C%85%20Subdominio%20verificado%3A%20*pits-peru.car-wash.todolima.com*%0A%E2%9C%85%20Bot%C3%B3n%20de%20WhatsApp%20directo%20para%20recibir%20pedidos%20y%20citas%20al%20instante%0A%E2%9C%85%20Mapa%20interactivo%20para%20que%20lleguen%20a%20su%20local%20en%20Santiago%20de%20Surco%0A%E2%9C%85%20Carga%20en%20menos%20de%201%20segundo%20en%20celulares%0A%E2%9C%85%20Ficha%20destacada%20en%20el%20directorio%20todolima.com%0A%0APreparamos%20una%20demostraci%C3%B3n%20sin%20costo%20de%20c%C3%B3mo%20se%20ver%C3%ADa%20la%20web%20de%20*Pits%20Per%C3%BA*.%20%C2%BFLes%20gustar%C3%ADa%20que%20les%20comparta%20el%20enlace%20de%20prueba%20por%20aqu%C3%AD%3F%20%F0%9F%9A%80"
"LLAVES SAAVEDRA Breña",cerrajeros,"Breña",3.8,4,989400377,UPGRADE_SOCIAL,llaves-saavedra-brena.cerrajeros.todolima.com,"https://wa.me/51989400377?text=Hola%20equipo%20de%20*LLAVES%20SAAVEDRA%20Bre%C3%B1a*%20%F0%9F%91%8B%2C%20les%20escribe%20el%20equipo%20de%20*Todo%20Lima*.%0A%0ARevisamos%20su%20destacada%20presencia%20en%20Google%20Maps%20en%20*Bre%C3%B1a*%20(%E2%AD%90%20*3.8*%20estrellas).%20Notamos%20que%20su%20enlace%20de%20contacto%20actual%20es%20un%20perfil%20de%20*Facebook*.%0A%0AMuchos%20clientes%20que%20buscan%20servicios%20en%20Google%20prefieren%20una%20web%20r%C3%A1pida%20donde%20ver%20cat%C3%A1logo%2C%20fotos%20y%20tarifas%20sin%20tener%20que%20entrar%20a%20una%20red%20social%20o%20ver%20distracciones%20de%20la%20competencia.%0A%0A%C2%BFLes%20interesar%C3%ADa%20complementar%20su%20Facebook%20con%20una%20p%C3%A1gina%20web%20oficial%20(*llaves-saavedra-brena.cerrajeros.todolima.com*)%20con%20bot%C3%B3n%20directo%20a%20WhatsApp%20y%20presencia%20prioritaria%20en%20Todo%20Lima%3F%0A%0ATenemos%20una%20maqueta%20lista%20para%20mostrarles%20sin%20compromiso.%20%C2%BFSe%20las%20comparto%20por%20este%20medio%3F%20%F0%9F%93%B2"
"Chino EL MANDARIN - Pollos a la Leña y Chifa",chifas,"Lima",3.8,238,934610963,NEEDS_WEBSITE,chino-el-mandarin-pollos-a-la-.chifas.todolima.com,"https://wa.me/51934610963?text=Hola%20equipo%20de%20*Chino%20EL%20MANDARIN%20-%20Pollos%20a%20la%20Le%C3%B1a%20y%20Chifa*%20%F0%9F%91%8B%2C%20los%20saluda%20el%20equipo%20de%20*Todo%20Lima*%20(todolima.com).%0A%0AVimos%20que%20son%20uno%20de%20los%20negocios%20con%20mejor%20reputaci%C3%B3n%20en%20Google%20Maps%20en%20*Lima*%20(%E2%AD%90%20*3.8*%20con%20238%20opiniones)%20%C2%A1Felicitaciones%20por%20tan%20buen%20trabajo!%20%F0%9F%91%8F%0A%0ARevisamos%20su%20ficha%20y%20notamos%20que%20*a%C3%BAn%20no%20cuentan%20con%20una%20p%C3%A1gina%20web%20oficial*%20donde%20sus%20clientes%20puedan%20consultar%20sus%20servicios%20y%20agendar%20directamente%20por%20WhatsApp.%0A%0AEn%20*Todo%20Lima*%20creamos%20landing%20pages%20ultrarr%C3%A1pidas%20pensadas%20para%20negocios%20locales%3A%0A%E2%9C%85%20Subdominio%20verificado%3A%20*chino-el-mandarin-pollos-a-la-.chifas.todolima.com*%0A%E2%9C%85%20Bot%C3%B3n%20de%20WhatsApp%20directo%20para%20recibir%20pedidos%20y%20citas%20al%20instante%0A%E2%9C%85%20Mapa%20interactivo%20para%20que%20lleguen%20a%20su%20local%20en%20Lima%0A%E2%9C%85%20Carga%20en%20menos%20de%201%20segundo%20en%20celulares%0A%E2%9C%85%20Ficha%20destacada%20en%20el%20directorio%20todolima.com%0A%0APreparamos%20una%20demostraci%C3%B3n%20sin%20costo%20de%20c%C3%B3mo%20se%20ver%C3%ADa%20la%20web%20de%20*Chino%20EL%20MANDARIN%20-%20Pollos%20a%20la%20Le%C3%B1a%20y%20Chifa*.%20%C2%BFLes%20gustar%C3%ADa%20que%20les%20comparta%20el%20enlace%20de%20prueba%20por%20aqu%C3%AD%3F%20%F0%9F%9A%80"
"Chifa Hong Yun",chifas,"Jesús María",3.8,193,963272999,NEEDS_WEBSITE,chifa-hong-yun.chifas.todolima.com,"https://wa.me/51963272999?text=Hola%20equipo%20de%20*Chifa%20Hong%20Yun*%20%F0%9F%91%8B%2C%20los%20saluda%20el%20equipo%20de%20*Todo%20Lima*%20(todolima.com).%0A%0AVimos%20que%20son%20uno%20de%20los%20negocios%20con%20mejor%20reputaci%C3%B3n%20en%20Google%20Maps%20en%20*Jes%C3%BAs%20Mar%C3%ADa*%20(%E2%AD%90%20*3.8*%20con%20193%20opiniones)%20%C2%A1Felicitaciones%20por%20tan%20buen%20trabajo!%20%F0%9F%91%8F%0A%0ARevisamos%20su%20ficha%20y%20notamos%20que%20*a%C3%BAn%20no%20cuentan%20con%20una%20p%C3%A1gina%20web%20oficial*%20donde%20sus%20clientes%20puedan%20consultar%20sus%20servicios%20y%20agendar%20directamente%20por%20WhatsApp.%0A%0AEn%20*Todo%20Lima*%20creamos%20landing%20pages%20ultrarr%C3%A1pidas%20pensadas%20para%20negocios%20locales%3A%0A%E2%9C%85%20Subdominio%20verificado%3A%20*chifa-hong-yun.chifas.todolima.com*%0A%E2%9C%85%20Bot%C3%B3n%20de%20WhatsApp%20directo%20para%20recibir%20pedidos%20y%20citas%20al%20instante%0A%E2%9C%85%20Mapa%20interactivo%20para%20que%20lleguen%20a%20su%20local%20en%20Jes%C3%BAs%20Mar%C3%ADa%0A%E2%9C%85%20Carga%20en%20menos%20de%201%20segundo%20en%20celulares%0A%E2%9C%85%20Ficha%20destacada%20en%20el%20directorio%20todolima.com%0A%0APreparamos%20una%20demostraci%C3%B3n%20sin%20costo%20de%20c%C3%B3mo%20se%20ver%C3%ADa%20la%20web%20de%20*Chifa%20Hong%20Yun*.%20%C2%BFLes%20gustar%C3%ADa%20que%20les%20comparta%20el%20enlace%20de%20prueba%20por%20aqu%C3%AD%3F%20%F0%9F%9A%80"
"Princesas Y Ogros",pintores,"Lima",3.8,5,987627079,UPGRADE_SOCIAL,princesas-y-ogros.pintores.todolima.com,"https://wa.me/51987627079?text=Hola%20equipo%20de%20*Princesas%20Y%20Ogros*%20%F0%9F%91%8B%2C%20les%20escribe%20el%20equipo%20de%20*Todo%20Lima*.%0A%0ARevisamos%20su%20destacada%20presencia%20en%20Google%20Maps%20en%20*Lima*%20(%E2%AD%90%20*3.8*%20estrellas).%20Notamos%20que%20su%20enlace%20de%20contacto%20actual%20es%20un%20perfil%20de%20*Facebook*.%0A%0AMuchos%20clientes%20que%20buscan%20servicios%20en%20Google%20prefieren%20una%20web%20r%C3%A1pida%20donde%20ver%20cat%C3%A1logo%2C%20fotos%20y%20tarifas%20sin%20tener%20que%20entrar%20a%20una%20red%20social%20o%20ver%20distracciones%20de%20la%20competencia.%0A%0A%C2%BFLes%20interesar%C3%ADa%20complementar%20su%20Facebook%20con%20una%20p%C3%A1gina%20web%20oficial%20(*princesas-y-ogros.pintores.todolima.com*)%20con%20bot%C3%B3n%20directo%20a%20WhatsApp%20y%20presencia%20prioritaria%20en%20Todo%20Lima%3F%0A%0ATenemos%20una%20maqueta%20lista%20para%20mostrarles%20sin%20compromiso.%20%C2%BFSe%20las%20comparto%20por%20este%20medio%3F%20%F0%9F%93%B2"
"EJM - Keys",cerrajeros,"Lima",3.7,7,945447254,UPGRADE_SOCIAL,ejm-keys.cerrajeros.todolima.com,"https://wa.me/51945447254?text=Hola%20equipo%20de%20*EJM%20-%20Keys*%20%F0%9F%91%8B%2C%20les%20escribe%20el%20equipo%20de%20*Todo%20Lima*.%0A%0ARevisamos%20su%20destacada%20presencia%20en%20Google%20Maps%20en%20*Lima*%20(%E2%AD%90%20*3.7*%20estrellas).%20Notamos%20que%20su%20enlace%20de%20contacto%20actual%20es%20un%20perfil%20de%20*Facebook*.%0A%0AMuchos%20clientes%20que%20buscan%20servicios%20en%20Google%20prefieren%20una%20web%20r%C3%A1pida%20donde%20ver%20cat%C3%A1logo%2C%20fotos%20y%20tarifas%20sin%20tener%20que%20entrar%20a%20una%20red%20social%20o%20ver%20distracciones%20de%20la%20competencia.%0A%0A%C2%BFLes%20interesar%C3%ADa%20complementar%20su%20Facebook%20con%20una%20p%C3%A1gina%20web%20oficial%20(*ejm-keys.cerrajeros.todolima.com*)%20con%20bot%C3%B3n%20directo%20a%20WhatsApp%20y%20presencia%20prioritaria%20en%20Todo%20Lima%3F%0A%0ATenemos%20una%20maqueta%20lista%20para%20mostrarles%20sin%20compromiso.%20%C2%BFSe%20las%20comparto%20por%20este%20medio%3F%20%F0%9F%93%B2"
"Cerrajería Moisés",cerrajeros,"Breña",3.7,3,955683074,NEEDS_WEBSITE,cerrajeria-moises.cerrajeros.todolima.com,"https://wa.me/51955683074?text=Hola%20equipo%20de%20*Cerrajer%C3%ADa%20Mois%C3%A9s*%20%F0%9F%91%8B%2C%20los%20saluda%20el%20equipo%20de%20*Todo%20Lima*%20(todolima.com).%0A%0AVimos%20que%20son%20uno%20de%20los%20negocios%20con%20mejor%20reputaci%C3%B3n%20en%20Google%20Maps%20en%20*Bre%C3%B1a*%20(%E2%AD%90%20*3.7*%20con%203%20opiniones)%20%C2%A1Felicitaciones%20por%20tan%20buen%20trabajo!%20%F0%9F%91%8F%0A%0ARevisamos%20su%20ficha%20y%20notamos%20que%20*a%C3%BAn%20no%20cuentan%20con%20una%20p%C3%A1gina%20web%20oficial*%20donde%20sus%20clientes%20puedan%20consultar%20sus%20servicios%20y%20agendar%20directamente%20por%20WhatsApp.%0A%0AEn%20*Todo%20Lima*%20creamos%20landing%20pages%20ultrarr%C3%A1pidas%20pensadas%20para%20negocios%20locales%3A%0A%E2%9C%85%20Subdominio%20verificado%3A%20*cerrajeria-moises.cerrajeros.todolima.com*%0A%E2%9C%85%20Bot%C3%B3n%20de%20WhatsApp%20directo%20para%20recibir%20pedidos%20y%20citas%20al%20instante%0A%E2%9C%85%20Mapa%20interactivo%20para%20que%20lleguen%20a%20su%20local%20en%20Bre%C3%B1a%0A%E2%9C%85%20Carga%20en%20menos%20de%201%20segundo%20en%20celulares%0A%E2%9C%85%20Ficha%20destacada%20en%20el%20directorio%20todolima.com%0A%0APreparamos%20una%20demostraci%C3%B3n%20sin%20costo%20de%20c%C3%B3mo%20se%20ver%C3%ADa%20la%20web%20de%20*Cerrajer%C3%ADa%20Mois%C3%A9s*.%20%C2%BFLes%20gustar%C3%ADa%20que%20les%20comparta%20el%20enlace%20de%20prueba%20por%20aqu%C3%AD%3F%20%F0%9F%9A%80"
"Cerrajería Gregory",cerrajeros,"Breña",3.7,3,932923835,NEEDS_WEBSITE,cerrajeria-gregory.cerrajeros.todolima.com,"https://wa.me/51932923835?text=Hola%20equipo%20de%20*Cerrajer%C3%ADa%20Gregory*%20%F0%9F%91%8B%2C%20los%20saluda%20el%20equipo%20de%20*Todo%20Lima*%20(todolima.com).%0A%0AVimos%20que%20son%20uno%20de%20los%20negocios%20con%20mejor%20reputaci%C3%B3n%20en%20Google%20Maps%20en%20*Bre%C3%B1a*%20(%E2%AD%90%20*3.7*%20con%203%20opiniones)%20%C2%A1Felicitaciones%20por%20tan%20buen%20trabajo!%20%F0%9F%91%8F%0A%0ARevisamos%20su%20ficha%20y%20notamos%20que%20*a%C3%BAn%20no%20cuentan%20con%20una%20p%C3%A1gina%20web%20oficial*%20donde%20sus%20clientes%20puedan%20consultar%20sus%20servicios%20y%20agendar%20directamente%20por%20WhatsApp.%0A%0AEn%20*Todo%20Lima*%20creamos%20landing%20pages%20ultrarr%C3%A1pidas%20pensadas%20para%20negocios%20locales%3A%0A%E2%9C%85%20Subdominio%20verificado%3A%20*cerrajeria-gregory.cerrajeros.todolima.com*%0A%E2%9C%85%20Bot%C3%B3n%20de%20WhatsApp%20directo%20para%20recibir%20pedidos%20y%20citas%20al%20instante%0A%E2%9C%85%20Mapa%20interactivo%20para%20que%20lleguen%20a%20su%20local%20en%20Bre%C3%B1a%0A%E2%9C%85%20Carga%20en%20menos%20de%201%20segundo%20en%20celulares%0A%E2%9C%85%20Ficha%20destacada%20en%20el%20directorio%20todolima.com%0A%0APreparamos%20una%20demostraci%C3%B3n%20sin%20costo%20de%20c%C3%B3mo%20se%20ver%C3%ADa%20la%20web%20de%20*Cerrajer%C3%ADa%20Gregory*.%20%C2%BFLes%20gustar%C3%ADa%20que%20les%20comparta%20el%20enlace%20de%20prueba%20por%20aqu%C3%AD%3F%20%F0%9F%9A%80"
"KEY SERVICE",cerrajeros,"Lince",3.7,3,928799322,UPGRADE_SOCIAL,key-service.cerrajeros.todolima.com,"https://wa.me/51928799322?text=Hola%20equipo%20de%20*KEY%20SERVICE*%20%F0%9F%91%8B%2C%20les%20escribe%20el%20equipo%20de%20*Todo%20Lima*.%0A%0ARevisamos%20su%20destacada%20presencia%20en%20Google%20Maps%20en%20*Lince*%20(%E2%AD%90%20*3.7*%20estrellas).%20Notamos%20que%20su%20enlace%20de%20contacto%20actual%20es%20un%20perfil%20de%20*Facebook*.%0A%0AMuchos%20clientes%20que%20buscan%20servicios%20en%20Google%20prefieren%20una%20web%20r%C3%A1pida%20donde%20ver%20cat%C3%A1logo%2C%20fotos%20y%20tarifas%20sin%20tener%20que%20entrar%20a%20una%20red%20social%20o%20ver%20distracciones%20de%20la%20competencia.%0A%0A%C2%BFLes%20interesar%C3%ADa%20complementar%20su%20Facebook%20con%20una%20p%C3%A1gina%20web%20oficial%20(*key-service.cerrajeros.todolima.com*)%20con%20bot%C3%B3n%20directo%20a%20WhatsApp%20y%20presencia%20prioritaria%20en%20Todo%20Lima%3F%0A%0ATenemos%20una%20maqueta%20lista%20para%20mostrarles%20sin%20compromiso.%20%C2%BFSe%20las%20comparto%20por%20este%20medio%3F%20%F0%9F%93%B2"
"CERRAJERIA URRUTIA",cerrajeros,"Lima",3.7,3,992930019,NEEDS_WEBSITE,cerrajeria-urrutia.cerrajeros.todolima.com,"https://wa.me/51992930019?text=Hola%20equipo%20de%20*CERRAJERIA%20URRUTIA*%20%F0%9F%91%8B%2C%20los%20saluda%20el%20equipo%20de%20*Todo%20Lima*%20(todolima.com).%0A%0AVimos%20que%20son%20uno%20de%20los%20negocios%20con%20mejor%20reputaci%C3%B3n%20en%20Google%20Maps%20en%20*Lima*%20(%E2%AD%90%20*3.7*%20con%203%20opiniones)%20%C2%A1Felicitaciones%20por%20tan%20buen%20trabajo!%20%F0%9F%91%8F%0A%0ARevisamos%20su%20ficha%20y%20notamos%20que%20*a%C3%BAn%20no%20cuentan%20con%20una%20p%C3%A1gina%20web%20oficial*%20donde%20sus%20clientes%20puedan%20consultar%20sus%20servicios%20y%20agendar%20directamente%20por%20WhatsApp.%0A%0AEn%20*Todo%20Lima*%20creamos%20landing%20pages%20ultrarr%C3%A1pidas%20pensadas%20para%20negocios%20locales%3A%0A%E2%9C%85%20Subdominio%20verificado%3A%20*cerrajeria-urrutia.cerrajeros.todolima.com*%0A%E2%9C%85%20Bot%C3%B3n%20de%20WhatsApp%20directo%20para%20recibir%20pedidos%20y%20citas%20al%20instante%0A%E2%9C%85%20Mapa%20interactivo%20para%20que%20lleguen%20a%20su%20local%20en%20Lima%0A%E2%9C%85%20Carga%20en%20menos%20de%201%20segundo%20en%20celulares%0A%E2%9C%85%20Ficha%20destacada%20en%20el%20directorio%20todolima.com%0A%0APreparamos%20una%20demostraci%C3%B3n%20sin%20costo%20de%20c%C3%B3mo%20se%20ver%C3%ADa%20la%20web%20de%20*CERRAJERIA%20URRUTIA*.%20%C2%BFLes%20gustar%C3%ADa%20que%20les%20comparta%20el%20enlace%20de%20prueba%20por%20aqu%C3%AD%3F%20%F0%9F%9A%80"
"Chifa Long Wa - Sede Lince",chifas,"Lince",3.7,472,977673460,REDESIGN_WEBSITE,chifa-long-wa-sede-lince.chifas.todolima.com,"https://wa.me/51977673460?text=Hola%20equipo%20de%20*Chifa%20Long%20Wa%20-%20Sede%20Lince*%20%F0%9F%91%8B%2C%20gusto%20en%20saludarlos.%0A%0ALes%20escribimos%20desde%20*Todo%20Lima*.%20Al%20revisar%20a%20los%20referentes%20de%20*Lince*%20(donde%20ustedes%20destacan%20con%20%E2%AD%90%20*3.7*)%2C%20realizamos%20una%20auditor%C3%ADa%20t%C3%A9cnica%20gratuita%20a%20su%20web%20actual%20(*http%3A%2F%2Fwww.chifalongwa.com%2F*).%0A%0ADetectamos%20algunos%20puntos%20cr%C3%ADticos%20que%20podr%C3%ADan%20estar%20frenando%20sus%20consultas%3A%0A%E2%80%A2%20URL%20inv%C3%A1lida%20o%20no%20registrada.%0A%0A%F0%9F%91%89%20*Dato%20clave%3A*%20El%2065%25%20de%20usuarios%20en%20Lima%20abandonan%20una%20web%20si%20no%20encuentran%20un%20bot%C3%B3n%20flotante%20de%20WhatsApp%20para%20consultar%20en%20el%20momento.%0A%0A%0APodemos%20modernizar%20su%20web%20para%20que%20cargue%20al%20instante%20y%20multiplique%20sus%20contactos%20por%20WhatsApp.%20%C2%BFLes%20gustar%C3%ADa%20que%20les%20enviemos%20el%20reporte%20t%C3%A9cnico%20completo%3F%20%F0%9F%93%8A"
"Chifa Wey",chifas,"Breña",3.7,183,993999628,NEEDS_WEBSITE,chifa-wey.chifas.todolima.com,"https://wa.me/51993999628?text=Hola%20equipo%20de%20*Chifa%20Wey*%20%F0%9F%91%8B%2C%20los%20saluda%20el%20equipo%20de%20*Todo%20Lima*%20(todolima.com).%0A%0AVimos%20que%20son%20uno%20de%20los%20negocios%20con%20mejor%20reputaci%C3%B3n%20en%20Google%20Maps%20en%20*Bre%C3%B1a*%20(%E2%AD%90%20*3.7*%20con%20183%20opiniones)%20%C2%A1Felicitaciones%20por%20tan%20buen%20trabajo!%20%F0%9F%91%8F%0A%0ARevisamos%20su%20ficha%20y%20notamos%20que%20*a%C3%BAn%20no%20cuentan%20con%20una%20p%C3%A1gina%20web%20oficial*%20donde%20sus%20clientes%20puedan%20consultar%20sus%20servicios%20y%20agendar%20directamente%20por%20WhatsApp.%0A%0AEn%20*Todo%20Lima*%20creamos%20landing%20pages%20ultrarr%C3%A1pidas%20pensadas%20para%20negocios%20locales%3A%0A%E2%9C%85%20Subdominio%20verificado%3A%20*chifa-wey.chifas.todolima.com*%0A%E2%9C%85%20Bot%C3%B3n%20de%20WhatsApp%20directo%20para%20recibir%20pedidos%20y%20citas%20al%20instante%0A%E2%9C%85%20Mapa%20interactivo%20para%20que%20lleguen%20a%20su%20local%20en%20Bre%C3%B1a%0A%E2%9C%85%20Carga%20en%20menos%20de%201%20segundo%20en%20celulares%0A%E2%9C%85%20Ficha%20destacada%20en%20el%20directorio%20todolima.com%0A%0APreparamos%20una%20demostraci%C3%B3n%20sin%20costo%20de%20c%C3%B3mo%20se%20ver%C3%ADa%20la%20web%20de%20*Chifa%20Wey*.%20%C2%BFLes%20gustar%C3%ADa%20que%20les%20comparta%20el%20enlace%20de%20prueba%20por%20aqu%C3%AD%3F%20%F0%9F%9A%80"
"Multiservicios Técnicos JD",gasfiteros,"Lince",3.7,3,906455981,REDESIGN_WEBSITE,multiservicios-tecnicos-jd.gasfiteros.todolima.com,"https://wa.me/51906455981?text=Hola%20equipo%20de%20*Multiservicios%20T%C3%A9cnicos%20JD*%20%F0%9F%91%8B%2C%20gusto%20en%20saludarlos.%0A%0ALes%20escribimos%20desde%20*Todo%20Lima*.%20Al%20revisar%20a%20los%20referentes%20de%20*Lince*%20(donde%20ustedes%20destacan%20con%20%E2%AD%90%20*3.7*)%2C%20realizamos%20una%20auditor%C3%ADa%20t%C3%A9cnica%20gratuita%20a%20su%20web%20actual%20(*http%3A%2F%2Fgasfiterosenlima.com%2F*).%0A%0ADetectamos%20algunos%20puntos%20cr%C3%ADticos%20que%20podr%C3%ADan%20estar%20frenando%20sus%20consultas%3A%0A%E2%80%A2%20Carece%20de%20meta-descripci%C3%B3n%20optimizada%20para%20b%C3%BAsquedas%20en%20Google.%0A%E2%80%A2%20No%20tiene%20bot%C3%B3n%20directo%20a%20WhatsApp%20(pierde%20hasta%2060%25%20de%20contactos%20en%20Lima).%0A%0A%F0%9F%91%89%20*Dato%20clave%3A*%20El%2065%25%20de%20usuarios%20en%20Lima%20abandonan%20una%20web%20si%20no%20encuentran%20un%20bot%C3%B3n%20flotante%20de%20WhatsApp%20para%20consultar%20en%20el%20momento.%0A%0A%0APodemos%20modernizar%20su%20web%20para%20que%20cargue%20al%20instante%20y%20multiplique%20sus%20contactos%20por%20WhatsApp.%20%C2%BFLes%20gustar%C3%ADa%20que%20les%20enviemos%20el%20reporte%20t%C3%A9cnico%20completo%3F%20%F0%9F%93%8A"
"Taller Mecanico a domicilio",talleres-mecanicos,"Lima",3.7,10,966740108,REDESIGN_WEBSITE,taller-mecanico-a-domicilio.talleres-mecanicos.todolima.com,"https://wa.me/51966740108?text=Hola%20equipo%20de%20*Taller%20Mecanico%20a%20domicilio*%20%F0%9F%91%8B%2C%20gusto%20en%20saludarlos.%0A%0ALes%20escribimos%20desde%20*Todo%20Lima*.%20Al%20revisar%20a%20los%20referentes%20de%20*Lima*%20(donde%20ustedes%20destacan%20con%20%E2%AD%90%20*3.7*)%2C%20realizamos%20una%20auditor%C3%ADa%20t%C3%A9cnica%20gratuita%20a%20su%20web%20actual%20(*http%3A%2F%2Fmecanicosadomicilio.com%2F*).%0A%0ADetectamos%20algunos%20puntos%20cr%C3%ADticos%20que%20podr%C3%ADan%20estar%20frenando%20sus%20consultas%3A%0A%E2%80%A2%20El%20servidor%20tard%C3%B3%20m%C3%A1s%20de%204s%20en%20responder%20(Timeout).%20El%20sitio%20est%C3%A1%20pr%C3%A1cticamente%20inoperativo%20para%20usuarios%20m%C3%B3viles.%0A%0A%F0%9F%91%89%20*Dato%20clave%3A*%20El%2065%25%20de%20usuarios%20en%20Lima%20abandonan%20una%20web%20si%20no%20encuentran%20un%20bot%C3%B3n%20flotante%20de%20WhatsApp%20para%20consultar%20en%20el%20momento.%0A%F0%9F%91%89%20*Velocidad%3A*%20Su%20web%20tarda%204.0s%20en%20responder%2C%20cuando%20el%20est%C3%A1ndar%20recomendado%20para%20m%C3%B3viles%20es%20menor%20a%201.5s.%0A%0APodemos%20modernizar%20su%20web%20para%20que%20cargue%20al%20instante%20y%20multiplique%20sus%20contactos%20por%20WhatsApp.%20%C2%BFLes%20gustar%C3%ADa%20que%20les%20enviemos%20el%20reporte%20t%C3%A9cnico%20completo%3F%20%F0%9F%93%8A"
"Auxilio mecánico 24 horas WILMER",auxilio-mecanico,"San Miguel",3.6,27,938106372,NEEDS_WEBSITE,auxilio-mecanico-24-horas-wilm.auxilio-mecanico.todolima.com,"https://wa.me/51938106372?text=Hola%20equipo%20de%20*Auxilio%20mec%C3%A1nico%2024%20horas%20WILMER*%20%F0%9F%91%8B%2C%20los%20saluda%20el%20equipo%20de%20*Todo%20Lima*%20(todolima.com).%0A%0AVimos%20que%20son%20uno%20de%20los%20negocios%20con%20mejor%20reputaci%C3%B3n%20en%20Google%20Maps%20en%20*San%20Miguel*%20(%E2%AD%90%20*3.6*%20con%2027%20opiniones)%20%C2%A1Felicitaciones%20por%20tan%20buen%20trabajo!%20%F0%9F%91%8F%0A%0ARevisamos%20su%20ficha%20y%20notamos%20que%20*a%C3%BAn%20no%20cuentan%20con%20una%20p%C3%A1gina%20web%20oficial*%20donde%20sus%20clientes%20puedan%20consultar%20sus%20servicios%20y%20agendar%20directamente%20por%20WhatsApp.%0A%0AEn%20*Todo%20Lima*%20creamos%20landing%20pages%20ultrarr%C3%A1pidas%20pensadas%20para%20negocios%20locales%3A%0A%E2%9C%85%20Subdominio%20verificado%3A%20*auxilio-mecanico-24-horas-wilm.auxilio-mecanico.todolima.com*%0A%E2%9C%85%20Bot%C3%B3n%20de%20WhatsApp%20directo%20para%20recibir%20pedidos%20y%20citas%20al%20instante%0A%E2%9C%85%20Mapa%20interactivo%20para%20que%20lleguen%20a%20su%20local%20en%20San%20Miguel%0A%E2%9C%85%20Carga%20en%20menos%20de%201%20segundo%20en%20celulares%0A%E2%9C%85%20Ficha%20destacada%20en%20el%20directorio%20todolima.com%0A%0APreparamos%20una%20demostraci%C3%B3n%20sin%20costo%20de%20c%C3%B3mo%20se%20ver%C3%ADa%20la%20web%20de%20*Auxilio%20mec%C3%A1nico%2024%20horas%20WILMER*.%20%C2%BFLes%20gustar%C3%ADa%20que%20les%20comparta%20el%20enlace%20de%20prueba%20por%20aqu%C3%AD%3F%20%F0%9F%9A%80"
"Team Car Wash Perú",car-wash,"Lince",3.6,16,918348439,NEEDS_WEBSITE,team-car-wash-peru.car-wash.todolima.com,"https://wa.me/51918348439?text=Hola%20equipo%20de%20*Team%20Car%20Wash%20Per%C3%BA*%20%F0%9F%91%8B%2C%20los%20saluda%20el%20equipo%20de%20*Todo%20Lima*%20(todolima.com).%0A%0AVimos%20que%20son%20uno%20de%20los%20negocios%20con%20mejor%20reputaci%C3%B3n%20en%20Google%20Maps%20en%20*Lince*%20(%E2%AD%90%20*3.6*%20con%2016%20opiniones)%20%C2%A1Felicitaciones%20por%20tan%20buen%20trabajo!%20%F0%9F%91%8F%0A%0ARevisamos%20su%20ficha%20y%20notamos%20que%20*a%C3%BAn%20no%20cuentan%20con%20una%20p%C3%A1gina%20web%20oficial*%20donde%20sus%20clientes%20puedan%20consultar%20sus%20servicios%20y%20agendar%20directamente%20por%20WhatsApp.%0A%0AEn%20*Todo%20Lima*%20creamos%20landing%20pages%20ultrarr%C3%A1pidas%20pensadas%20para%20negocios%20locales%3A%0A%E2%9C%85%20Subdominio%20verificado%3A%20*team-car-wash-peru.car-wash.todolima.com*%0A%E2%9C%85%20Bot%C3%B3n%20de%20WhatsApp%20directo%20para%20recibir%20pedidos%20y%20citas%20al%20instante%0A%E2%9C%85%20Mapa%20interactivo%20para%20que%20lleguen%20a%20su%20local%20en%20Lince%0A%E2%9C%85%20Carga%20en%20menos%20de%201%20segundo%20en%20celulares%0A%E2%9C%85%20Ficha%20destacada%20en%20el%20directorio%20todolima.com%0A%0APreparamos%20una%20demostraci%C3%B3n%20sin%20costo%20de%20c%C3%B3mo%20se%20ver%C3%ADa%20la%20web%20de%20*Team%20Car%20Wash%20Per%C3%BA*.%20%C2%BFLes%20gustar%C3%ADa%20que%20les%20comparta%20el%20enlace%20de%20prueba%20por%20aqu%C3%AD%3F%20%F0%9F%9A%80"
"Rose Catering & Eventos",catering,"Cercado de Lima",3.6,13,947171002,NEEDS_WEBSITE,rose-catering-eventos.catering.todolima.com,"https://wa.me/51947171002?text=Hola%20equipo%20de%20*Rose%20Catering%20%26%20Eventos*%20%F0%9F%91%8B%2C%20los%20saluda%20el%20equipo%20de%20*Todo%20Lima*%20(todolima.com).%0A%0AVimos%20que%20son%20uno%20de%20los%20negocios%20con%20mejor%20reputaci%C3%B3n%20en%20Google%20Maps%20en%20*Cercado%20de%20Lima*%20(%E2%AD%90%20*3.6*%20con%2013%20opiniones)%20%C2%A1Felicitaciones%20por%20tan%20buen%20trabajo!%20%F0%9F%91%8F%0A%0ARevisamos%20su%20ficha%20y%20notamos%20que%20*a%C3%BAn%20no%20cuentan%20con%20una%20p%C3%A1gina%20web%20oficial*%20donde%20sus%20clientes%20puedan%20consultar%20sus%20servicios%20y%20agendar%20directamente%20por%20WhatsApp.%0A%0AEn%20*Todo%20Lima*%20creamos%20landing%20pages%20ultrarr%C3%A1pidas%20pensadas%20para%20negocios%20locales%3A%0A%E2%9C%85%20Subdominio%20verificado%3A%20*rose-catering-eventos.catering.todolima.com*%0A%E2%9C%85%20Bot%C3%B3n%20de%20WhatsApp%20directo%20para%20recibir%20pedidos%20y%20citas%20al%20instante%0A%E2%9C%85%20Mapa%20interactivo%20para%20que%20lleguen%20a%20su%20local%20en%20Cercado%20de%20Lima%0A%E2%9C%85%20Carga%20en%20menos%20de%201%20segundo%20en%20celulares%0A%E2%9C%85%20Ficha%20destacada%20en%20el%20directorio%20todolima.com%0A%0APreparamos%20una%20demostraci%C3%B3n%20sin%20costo%20de%20c%C3%B3mo%20se%20ver%C3%ADa%20la%20web%20de%20*Rose%20Catering%20%26%20Eventos*.%20%C2%BFLes%20gustar%C3%ADa%20que%20les%20comparta%20el%20enlace%20de%20prueba%20por%20aqu%C3%AD%3F%20%F0%9F%9A%80"
"Carpintería Ramos",carpinteros,"Breña",3.5,8,982408881,REDESIGN_WEBSITE,carpinteria-ramos.carpinteros.todolima.com,"https://wa.me/51982408881?text=Hola%20equipo%20de%20*Carpinter%C3%ADa%20Ramos*%20%F0%9F%91%8B%2C%20gusto%20en%20saludarlos.%0A%0ALes%20escribimos%20desde%20*Todo%20Lima*.%20Al%20revisar%20a%20los%20referentes%20de%20*Bre%C3%B1a*%20(donde%20ustedes%20destacan%20con%20%E2%AD%90%20*3.5*)%2C%20realizamos%20una%20auditor%C3%ADa%20t%C3%A9cnica%20gratuita%20a%20su%20web%20actual%20(*https%3A%2F%2Fcarpinteriaramosperu.com%2F*).%0A%0ADetectamos%20algunos%20puntos%20cr%C3%ADticos%20que%20podr%C3%ADan%20estar%20frenando%20sus%20consultas%3A%0A%E2%80%A2%20El%20servidor%20tard%C3%B3%20m%C3%A1s%20de%204s%20en%20responder%20(Timeout).%20El%20sitio%20est%C3%A1%20pr%C3%A1cticamente%20inoperativo%20para%20usuarios%20m%C3%B3viles.%0A%0A%F0%9F%91%89%20*Dato%20clave%3A*%20El%2065%25%20de%20usuarios%20en%20Lima%20abandonan%20una%20web%20si%20no%20encuentran%20un%20bot%C3%B3n%20flotante%20de%20WhatsApp%20para%20consultar%20en%20el%20momento.%0A%F0%9F%91%89%20*Velocidad%3A*%20Su%20web%20tarda%204.0s%20en%20responder%2C%20cuando%20el%20est%C3%A1ndar%20recomendado%20para%20m%C3%B3viles%20es%20menor%20a%201.5s.%0A%0APodemos%20modernizar%20su%20web%20para%20que%20cargue%20al%20instante%20y%20multiplique%20sus%20contactos%20por%20WhatsApp.%20%C2%BFLes%20gustar%C3%ADa%20que%20les%20enviemos%20el%20reporte%20t%C3%A9cnico%20completo%3F%20%F0%9F%93%8A"
"Chifa Top Sabor",chifas,"Lima",3.5,454,940222181,NEEDS_WEBSITE,chifa-top-sabor.chifas.todolima.com,"https://wa.me/51940222181?text=Hola%20equipo%20de%20*Chifa%20Top%20Sabor*%20%F0%9F%91%8B%2C%20los%20saluda%20el%20equipo%20de%20*Todo%20Lima*%20(todolima.com).%0A%0AVimos%20que%20son%20uno%20de%20los%20negocios%20con%20mejor%20reputaci%C3%B3n%20en%20Google%20Maps%20en%20*Lima*%20(%E2%AD%90%20*3.5*%20con%20454%20opiniones)%20%C2%A1Felicitaciones%20por%20tan%20buen%20trabajo!%20%F0%9F%91%8F%0A%0ARevisamos%20su%20ficha%20y%20notamos%20que%20*a%C3%BAn%20no%20cuentan%20con%20una%20p%C3%A1gina%20web%20oficial*%20donde%20sus%20clientes%20puedan%20consultar%20sus%20servicios%20y%20agendar%20directamente%20por%20WhatsApp.%0A%0AEn%20*Todo%20Lima*%20creamos%20landing%20pages%20ultrarr%C3%A1pidas%20pensadas%20para%20negocios%20locales%3A%0A%E2%9C%85%20Subdominio%20verificado%3A%20*chifa-top-sabor.chifas.todolima.com*%0A%E2%9C%85%20Bot%C3%B3n%20de%20WhatsApp%20directo%20para%20recibir%20pedidos%20y%20citas%20al%20instante%0A%E2%9C%85%20Mapa%20interactivo%20para%20que%20lleguen%20a%20su%20local%20en%20Lima%0A%E2%9C%85%20Carga%20en%20menos%20de%201%20segundo%20en%20celulares%0A%E2%9C%85%20Ficha%20destacada%20en%20el%20directorio%20todolima.com%0A%0APreparamos%20una%20demostraci%C3%B3n%20sin%20costo%20de%20c%C3%B3mo%20se%20ver%C3%ADa%20la%20web%20de%20*Chifa%20Top%20Sabor*.%20%C2%BFLes%20gustar%C3%ADa%20que%20les%20comparta%20el%20enlace%20de%20prueba%20por%20aqu%C3%AD%3F%20%F0%9F%9A%80"
"Laboratorios Integrados",ginecologos,"Lince",3.5,11,997160739,REDESIGN_WEBSITE,laboratorios-integrados.ginecologos.todolima.com,"https://wa.me/51997160739?text=Hola%20equipo%20de%20*Laboratorios%20Integrados*%20%F0%9F%91%8B%2C%20gusto%20en%20saludarlos.%0A%0ALes%20escribimos%20desde%20*Todo%20Lima*.%20Al%20revisar%20a%20los%20referentes%20de%20*Lince*%20(donde%20ustedes%20destacan%20con%20%E2%AD%90%20*3.5*)%2C%20realizamos%20una%20auditor%C3%ADa%20t%C3%A9cnica%20gratuita%20a%20su%20web%20actual%20(*http%3A%2F%2Fwww.labintegrados.com%2F*).%0A%0ADetectamos%20algunos%20puntos%20cr%C3%ADticos%20que%20podr%C3%ADan%20estar%20frenando%20sus%20consultas%3A%0A%E2%80%A2%20Tiempo%20de%20carga%20lento%20(2597ms).%20En%20m%C3%B3viles%20el%20usuario%20abandona%20tras%203%20segundos.%0A%E2%80%A2%20Carece%20de%20meta-descripci%C3%B3n%20optimizada%20para%20b%C3%BAsquedas%20en%20Google.%0A%E2%80%A2%20Sin%20etiqueta%20de%20t%C3%ADtulo%20principal%20H1%20para%20posicionamiento%20org%C3%A1nico.%0A%0A%0A%0A%0APodemos%20modernizar%20su%20web%20para%20que%20cargue%20al%20instante%20y%20multiplique%20sus%20contactos%20por%20WhatsApp.%20%C2%BFLes%20gustar%C3%ADa%20que%20les%20enviemos%20el%20reporte%20t%C3%A9cnico%20completo%3F%20%F0%9F%93%8A"
"MANUEL GASFITERIA Y TERMAS",gasfiteros,"Lima",3.4,5,991805469,NEEDS_WEBSITE,manuel-gasfiteria-y-termas.gasfiteros.todolima.com,"https://wa.me/51991805469?text=Hola%20equipo%20de%20*MANUEL%20GASFITERIA%20Y%20TERMAS*%20%F0%9F%91%8B%2C%20los%20saluda%20el%20equipo%20de%20*Todo%20Lima*%20(todolima.com).%0A%0AVimos%20que%20son%20uno%20de%20los%20negocios%20con%20mejor%20reputaci%C3%B3n%20en%20Google%20Maps%20en%20*Lima*%20(%E2%AD%90%20*3.4*%20con%205%20opiniones)%20%C2%A1Felicitaciones%20por%20tan%20buen%20trabajo!%20%F0%9F%91%8F%0A%0ARevisamos%20su%20ficha%20y%20notamos%20que%20*a%C3%BAn%20no%20cuentan%20con%20una%20p%C3%A1gina%20web%20oficial*%20donde%20sus%20clientes%20puedan%20consultar%20sus%20servicios%20y%20agendar%20directamente%20por%20WhatsApp.%0A%0AEn%20*Todo%20Lima*%20creamos%20landing%20pages%20ultrarr%C3%A1pidas%20pensadas%20para%20negocios%20locales%3A%0A%E2%9C%85%20Subdominio%20verificado%3A%20*manuel-gasfiteria-y-termas.gasfiteros.todolima.com*%0A%E2%9C%85%20Bot%C3%B3n%20de%20WhatsApp%20directo%20para%20recibir%20pedidos%20y%20citas%20al%20instante%0A%E2%9C%85%20Mapa%20interactivo%20para%20que%20lleguen%20a%20su%20local%20en%20Lima%0A%E2%9C%85%20Carga%20en%20menos%20de%201%20segundo%20en%20celulares%0A%E2%9C%85%20Ficha%20destacada%20en%20el%20directorio%20todolima.com%0A%0APreparamos%20una%20demostraci%C3%B3n%20sin%20costo%20de%20c%C3%B3mo%20se%20ver%C3%ADa%20la%20web%20de%20*MANUEL%20GASFITERIA%20Y%20TERMAS*.%20%C2%BFLes%20gustar%C3%ADa%20que%20les%20comparta%20el%20enlace%20de%20prueba%20por%20aqu%C3%AD%3F%20%F0%9F%9A%80"
"Carpintero Alvarado",carpinteros,"Lince",3.3,7,980329306,NEEDS_WEBSITE,carpintero-alvarado.carpinteros.todolima.com,"https://wa.me/51980329306?text=Hola%20equipo%20de%20*Carpintero%20Alvarado*%20%F0%9F%91%8B%2C%20los%20saluda%20el%20equipo%20de%20*Todo%20Lima*%20(todolima.com).%0A%0AVimos%20que%20son%20uno%20de%20los%20negocios%20con%20mejor%20reputaci%C3%B3n%20en%20Google%20Maps%20en%20*Lince*%20(%E2%AD%90%20*3.3*%20con%207%20opiniones)%20%C2%A1Felicitaciones%20por%20tan%20buen%20trabajo!%20%F0%9F%91%8F%0A%0ARevisamos%20su%20ficha%20y%20notamos%20que%20*a%C3%BAn%20no%20cuentan%20con%20una%20p%C3%A1gina%20web%20oficial*%20donde%20sus%20clientes%20puedan%20consultar%20sus%20servicios%20y%20agendar%20directamente%20por%20WhatsApp.%0A%0AEn%20*Todo%20Lima*%20creamos%20landing%20pages%20ultrarr%C3%A1pidas%20pensadas%20para%20negocios%20locales%3A%0A%E2%9C%85%20Subdominio%20verificado%3A%20*carpintero-alvarado.carpinteros.todolima.com*%0A%E2%9C%85%20Bot%C3%B3n%20de%20WhatsApp%20directo%20para%20recibir%20pedidos%20y%20citas%20al%20instante%0A%E2%9C%85%20Mapa%20interactivo%20para%20que%20lleguen%20a%20su%20local%20en%20Lince%0A%E2%9C%85%20Carga%20en%20menos%20de%201%20segundo%20en%20celulares%0A%E2%9C%85%20Ficha%20destacada%20en%20el%20directorio%20todolima.com%0A%0APreparamos%20una%20demostraci%C3%B3n%20sin%20costo%20de%20c%C3%B3mo%20se%20ver%C3%ADa%20la%20web%20de%20*Carpintero%20Alvarado*.%20%C2%BFLes%20gustar%C3%ADa%20que%20les%20comparta%20el%20enlace%20de%20prueba%20por%20aqu%C3%AD%3F%20%F0%9F%9A%80"
"Carpintería “Chambi”",carpinteros,"San Borja",3.1,9,945119373,NEEDS_WEBSITE,carpinteria-chambi.carpinteros.todolima.com,"https://wa.me/51945119373?text=Hola%20equipo%20de%20*Carpinter%C3%ADa%20%E2%80%9CChambi%E2%80%9D*%20%F0%9F%91%8B%2C%20los%20saluda%20el%20equipo%20de%20*Todo%20Lima*%20(todolima.com).%0A%0AVimos%20que%20son%20uno%20de%20los%20negocios%20con%20mejor%20reputaci%C3%B3n%20en%20Google%20Maps%20en%20*San%20Borja*%20(%E2%AD%90%20*3.1*%20con%209%20opiniones)%20%C2%A1Felicitaciones%20por%20tan%20buen%20trabajo!%20%F0%9F%91%8F%0A%0ARevisamos%20su%20ficha%20y%20notamos%20que%20*a%C3%BAn%20no%20cuentan%20con%20una%20p%C3%A1gina%20web%20oficial*%20donde%20sus%20clientes%20puedan%20consultar%20sus%20servicios%20y%20agendar%20directamente%20por%20WhatsApp.%0A%0AEn%20*Todo%20Lima*%20creamos%20landing%20pages%20ultrarr%C3%A1pidas%20pensadas%20para%20negocios%20locales%3A%0A%E2%9C%85%20Subdominio%20verificado%3A%20*carpinteria-chambi.carpinteros.todolima.com*%0A%E2%9C%85%20Bot%C3%B3n%20de%20WhatsApp%20directo%20para%20recibir%20pedidos%20y%20citas%20al%20instante%0A%E2%9C%85%20Mapa%20interactivo%20para%20que%20lleguen%20a%20su%20local%20en%20San%20Borja%0A%E2%9C%85%20Carga%20en%20menos%20de%201%20segundo%20en%20celulares%0A%E2%9C%85%20Ficha%20destacada%20en%20el%20directorio%20todolima.com%0A%0APreparamos%20una%20demostraci%C3%B3n%20sin%20costo%20de%20c%C3%B3mo%20se%20ver%C3%ADa%20la%20web%20de%20*Carpinter%C3%ADa%20%E2%80%9CChambi%E2%80%9D*.%20%C2%BFLes%20gustar%C3%ADa%20que%20les%20comparta%20el%20enlace%20de%20prueba%20por%20aqu%C3%AD%3F%20%F0%9F%9A%80"
"Maderera - Carpinteria Chipana",carpinteros,"Magdalena del Mar",3.1,9,931544312,NEEDS_WEBSITE,maderera-carpinteria-chipana.carpinteros.todolima.com,"https://wa.me/51931544312?text=Hola%20equipo%20de%20*Maderera%20-%20Carpinteria%20Chipana*%20%F0%9F%91%8B%2C%20los%20saluda%20el%20equipo%20de%20*Todo%20Lima*%20(todolima.com).%0A%0AVimos%20que%20son%20uno%20de%20los%20negocios%20con%20mejor%20reputaci%C3%B3n%20en%20Google%20Maps%20en%20*Magdalena%20del%20Mar*%20(%E2%AD%90%20*3.1*%20con%209%20opiniones)%20%C2%A1Felicitaciones%20por%20tan%20buen%20trabajo!%20%F0%9F%91%8F%0A%0ARevisamos%20su%20ficha%20y%20notamos%20que%20*a%C3%BAn%20no%20cuentan%20con%20una%20p%C3%A1gina%20web%20oficial*%20donde%20sus%20clientes%20puedan%20consultar%20sus%20servicios%20y%20agendar%20directamente%20por%20WhatsApp.%0A%0AEn%20*Todo%20Lima*%20creamos%20landing%20pages%20ultrarr%C3%A1pidas%20pensadas%20para%20negocios%20locales%3A%0A%E2%9C%85%20Subdominio%20verificado%3A%20*maderera-carpinteria-chipana.carpinteros.todolima.com*%0A%E2%9C%85%20Bot%C3%B3n%20de%20WhatsApp%20directo%20para%20recibir%20pedidos%20y%20citas%20al%20instante%0A%E2%9C%85%20Mapa%20interactivo%20para%20que%20lleguen%20a%20su%20local%20en%20Magdalena%20del%20Mar%0A%E2%9C%85%20Carga%20en%20menos%20de%201%20segundo%20en%20celulares%0A%E2%9C%85%20Ficha%20destacada%20en%20el%20directorio%20todolima.com%0A%0APreparamos%20una%20demostraci%C3%B3n%20sin%20costo%20de%20c%C3%B3mo%20se%20ver%C3%ADa%20la%20web%20de%20*Maderera%20-%20Carpinteria%20Chipana*.%20%C2%BFLes%20gustar%C3%ADa%20que%20les%20comparta%20el%20enlace%20de%20prueba%20por%20aqu%C3%AD%3F%20%F0%9F%9A%80"
"MELAMINA TABLEROS INCEMAR",carpinteros,"Ate",3,2,924083393,REDESIGN_WEBSITE,melamina-tableros-incemar.carpinteros.todolima.com,"https://wa.me/51924083393?text=Hola%20equipo%20de%20*MELAMINA%20TABLEROS%20INCEMAR*%20%F0%9F%91%8B%2C%20gusto%20en%20saludarlos.%0A%0ALes%20escribimos%20desde%20*Todo%20Lima*.%20Al%20revisar%20a%20los%20referentes%20de%20*Ate*%20(donde%20ustedes%20destacan%20con%20%E2%AD%90%20*3.0*)%2C%20realizamos%20una%20auditor%C3%ADa%20t%C3%A9cnica%20gratuita%20a%20su%20web%20actual%20(*https%3A%2F%2Ftablerosincemar.com%2F*).%0A%0ADetectamos%20algunos%20puntos%20cr%C3%ADticos%20que%20podr%C3%ADan%20estar%20frenando%20sus%20consultas%3A%0A%E2%80%A2%20Error%20de%20conexi%C3%B3n%20al%20cargar%20la%20p%C3%A1gina%3A%20fetch%20failed.%20El%20sitio%20se%20encuentra%20ca%C3%ADdo%20o%20inaccesible.%0A%0A%F0%9F%91%89%20*Dato%20clave%3A*%20El%2065%25%20de%20usuarios%20en%20Lima%20abandonan%20una%20web%20si%20no%20encuentran%20un%20bot%C3%B3n%20flotante%20de%20WhatsApp%20para%20consultar%20en%20el%20momento.%0A%0A%0APodemos%20modernizar%20su%20web%20para%20que%20cargue%20al%20instante%20y%20multiplique%20sus%20contactos%20por%20WhatsApp.%20%C2%BFLes%20gustar%C3%ADa%20que%20les%20enviemos%20el%20reporte%20t%C3%A9cnico%20completo%3F%20%F0%9F%93%8A"
"Carpintería y Ebanistería Aponte",carpinteros,"Lima",3,2,971222279,NEEDS_WEBSITE,carpinteria-y-ebanisteria-apon.carpinteros.todolima.com,"https://wa.me/51971222279?text=Hola%20equipo%20de%20*Carpinter%C3%ADa%20y%20Ebanister%C3%ADa%20Aponte*%20%F0%9F%91%8B%2C%20los%20saluda%20el%20equipo%20de%20*Todo%20Lima*%20(todolima.com).%0A%0AVimos%20que%20son%20uno%20de%20los%20negocios%20con%20mejor%20reputaci%C3%B3n%20en%20Google%20Maps%20en%20*Lima*%20(%E2%AD%90%20*3.0*%20con%202%20opiniones)%20%C2%A1Felicitaciones%20por%20tan%20buen%20trabajo!%20%F0%9F%91%8F%0A%0ARevisamos%20su%20ficha%20y%20notamos%20que%20*a%C3%BAn%20no%20cuentan%20con%20una%20p%C3%A1gina%20web%20oficial*%20donde%20sus%20clientes%20puedan%20consultar%20sus%20servicios%20y%20agendar%20directamente%20por%20WhatsApp.%0A%0AEn%20*Todo%20Lima*%20creamos%20landing%20pages%20ultrarr%C3%A1pidas%20pensadas%20para%20negocios%20locales%3A%0A%E2%9C%85%20Subdominio%20verificado%3A%20*carpinteria-y-ebanisteria-apon.carpinteros.todolima.com*%0A%E2%9C%85%20Bot%C3%B3n%20de%20WhatsApp%20directo%20para%20recibir%20pedidos%20y%20citas%20al%20instante%0A%E2%9C%85%20Mapa%20interactivo%20para%20que%20lleguen%20a%20su%20local%20en%20Lima%0A%E2%9C%85%20Carga%20en%20menos%20de%201%20segundo%20en%20celulares%0A%E2%9C%85%20Ficha%20destacada%20en%20el%20directorio%20todolima.com%0A%0APreparamos%20una%20demostraci%C3%B3n%20sin%20costo%20de%20c%C3%B3mo%20se%20ver%C3%ADa%20la%20web%20de%20*Carpinter%C3%ADa%20y%20Ebanister%C3%ADa%20Aponte*.%20%C2%BFLes%20gustar%C3%ADa%20que%20les%20comparta%20el%20enlace%20de%20prueba%20por%20aqu%C3%AD%3F%20%F0%9F%9A%80"
"Control Remoto Avila",cerrajeros,"San Isidro",3,2,996360695,NEEDS_WEBSITE,control-remoto-avila.cerrajeros.todolima.com,"https://wa.me/51996360695?text=Hola%20equipo%20de%20*Control%20Remoto%20Avila*%20%F0%9F%91%8B%2C%20los%20saluda%20el%20equipo%20de%20*Todo%20Lima*%20(todolima.com).%0A%0AVimos%20que%20son%20uno%20de%20los%20negocios%20con%20mejor%20reputaci%C3%B3n%20en%20Google%20Maps%20en%20*San%20Isidro*%20(%E2%AD%90%20*3.0*%20con%202%20opiniones)%20%C2%A1Felicitaciones%20por%20tan%20buen%20trabajo!%20%F0%9F%91%8F%0A%0ARevisamos%20su%20ficha%20y%20notamos%20que%20*a%C3%BAn%20no%20cuentan%20con%20una%20p%C3%A1gina%20web%20oficial*%20donde%20sus%20clientes%20puedan%20consultar%20sus%20servicios%20y%20agendar%20directamente%20por%20WhatsApp.%0A%0AEn%20*Todo%20Lima*%20creamos%20landing%20pages%20ultrarr%C3%A1pidas%20pensadas%20para%20negocios%20locales%3A%0A%E2%9C%85%20Subdominio%20verificado%3A%20*control-remoto-avila.cerrajeros.todolima.com*%0A%E2%9C%85%20Bot%C3%B3n%20de%20WhatsApp%20directo%20para%20recibir%20pedidos%20y%20citas%20al%20instante%0A%E2%9C%85%20Mapa%20interactivo%20para%20que%20lleguen%20a%20su%20local%20en%20San%20Isidro%0A%E2%9C%85%20Carga%20en%20menos%20de%201%20segundo%20en%20celulares%0A%E2%9C%85%20Ficha%20destacada%20en%20el%20directorio%20todolima.com%0A%0APreparamos%20una%20demostraci%C3%B3n%20sin%20costo%20de%20c%C3%B3mo%20se%20ver%C3%ADa%20la%20web%20de%20*Control%20Remoto%20Avila*.%20%C2%BFLes%20gustar%C3%ADa%20que%20les%20comparta%20el%20enlace%20de%20prueba%20por%20aqu%C3%AD%3F%20%F0%9F%9A%80"
"Gasfiteros vyp",gasfiteros,"Los Olivos",3,302,924849085,REDESIGN_WEBSITE,gasfiteros-vyp.gasfiteros.todolima.com,"https://wa.me/51924849085?text=Hola%20equipo%20de%20*Gasfiteros%20vyp*%20%F0%9F%91%8B%2C%20gusto%20en%20saludarlos.%0A%0ALes%20escribimos%20desde%20*Todo%20Lima*.%20Al%20revisar%20a%20los%20referentes%20de%20*Los%20Olivos*%20(donde%20ustedes%20destacan%20con%20%E2%AD%90%20*3.0*)%2C%20realizamos%20una%20auditor%C3%ADa%20t%C3%A9cnica%20gratuita%20a%20su%20web%20actual%20(*http%3A%2F%2Fwww.gasfiterosdelima.com%2F*).%0A%0ADetectamos%20algunos%20puntos%20cr%C3%ADticos%20que%20podr%C3%ADan%20estar%20frenando%20sus%20consultas%3A%0A%E2%80%A2%20M%C3%BAltiples%20etiquetas%20H1%20detectadas%20(2)%2C%20diluyendo%20la%20fuerza%20SEO.%0A%E2%80%A2%20No%20tiene%20bot%C3%B3n%20directo%20a%20WhatsApp%20(pierde%20hasta%2060%25%20de%20contactos%20en%20Lima).%0A%E2%80%A2%20Tel%C3%A9fono%20en%20texto%20plano%3A%20el%20cliente%20no%20puede%20llamar%20con%20un%20solo%20toque%20desde%20el%20celular.%0A%0A%F0%9F%91%89%20*Dato%20clave%3A*%20El%2065%25%20de%20usuarios%20en%20Lima%20abandonan%20una%20web%20si%20no%20encuentran%20un%20bot%C3%B3n%20flotante%20de%20WhatsApp%20para%20consultar%20en%20el%20momento.%0A%0A%0APodemos%20modernizar%20su%20web%20para%20que%20cargue%20al%20instante%20y%20multiplique%20sus%20contactos%20por%20WhatsApp.%20%C2%BFLes%20gustar%C3%ADa%20que%20les%20enviemos%20el%20reporte%20t%C3%A9cnico%20completo%3F%20%F0%9F%93%8A"
"GASFITERO ELECTRICISTA ALBAÑIL",gasfiteros,"Los Olivos",3,302,963794169,UPGRADE_SOCIAL,gasfitero-electricista-albanil.gasfiteros.todolima.com,"https://wa.me/51963794169?text=Hola%20equipo%20de%20*GASFITERO%20ELECTRICISTA%20ALBA%C3%91IL*%20%F0%9F%91%8B%2C%20les%20escribe%20el%20equipo%20de%20*Todo%20Lima*.%0A%0ARevisamos%20su%20destacada%20presencia%20en%20Google%20Maps%20en%20*Los%20Olivos*%20(%E2%AD%90%20*3.0*%20estrellas).%20Notamos%20que%20su%20enlace%20de%20contacto%20actual%20es%20un%20perfil%20de%20*WhatsApp%20Directo*.%0A%0AMuchos%20clientes%20que%20buscan%20servicios%20en%20Google%20prefieren%20una%20web%20r%C3%A1pida%20donde%20ver%20cat%C3%A1logo%2C%20fotos%20y%20tarifas%20sin%20tener%20que%20entrar%20a%20una%20red%20social%20o%20ver%20distracciones%20de%20la%20competencia.%0A%0A%C2%BFLes%20interesar%C3%ADa%20complementar%20su%20WhatsApp%20Directo%20con%20una%20p%C3%A1gina%20web%20oficial%20(*gasfitero-electricista-albanil.gasfiteros.todolima.com*)%20con%20bot%C3%B3n%20directo%20a%20WhatsApp%20y%20presencia%20prioritaria%20en%20Todo%20Lima%3F%0A%0ATenemos%20una%20maqueta%20lista%20para%20mostrarles%20sin%20compromiso.%20%C2%BFSe%20las%20comparto%20por%20este%20medio%3F%20%F0%9F%93%B2"
"Lp soluciones gasfiteria y acabados SAC",gasfiteros,"San Juan de Lurigancho",3,2,930166917,REDESIGN_WEBSITE,lp-soluciones-gasfiteria-y-aca.gasfiteros.todolima.com,"https://wa.me/51930166917?text=Hola%20equipo%20de%20*Lp%20soluciones%20gasfiteria%20y%20acabados%20SAC*%20%F0%9F%91%8B%2C%20gusto%20en%20saludarlos.%0A%0ALes%20escribimos%20desde%20*Todo%20Lima*.%20Al%20revisar%20a%20los%20referentes%20de%20*San%20Juan%20de%20Lurigancho*%20(donde%20ustedes%20destacan%20con%20%E2%AD%90%20*3.0*)%2C%20realizamos%20una%20auditor%C3%ADa%20t%C3%A9cnica%20gratuita%20a%20su%20web%20actual%20(*http%3A%2F%2Fwww.lpsolucionesperu.com%2F*).%0A%0ADetectamos%20algunos%20puntos%20cr%C3%ADticos%20que%20podr%C3%ADan%20estar%20frenando%20sus%20consultas%3A%0A%E2%80%A2%20Tiempo%20de%20carga%20lento%20(3648ms).%20En%20m%C3%B3viles%20el%20usuario%20abandona%20tras%203%20segundos.%0A%E2%80%A2%20T%C3%ADtulo%20SEO%20con%20longitud%20mejorable%20(85%20caracteres).%0A%E2%80%A2%20Carece%20de%20meta-descripci%C3%B3n%20optimizada%20para%20b%C3%BAsquedas%20en%20Google.%0A%0A%F0%9F%91%89%20*Dato%20clave%3A*%20El%2065%25%20de%20usuarios%20en%20Lima%20abandonan%20una%20web%20si%20no%20encuentran%20un%20bot%C3%B3n%20flotante%20de%20WhatsApp%20para%20consultar%20en%20el%20momento.%0A%F0%9F%91%89%20*Velocidad%3A*%20Su%20web%20tarda%203.6s%20en%20responder%2C%20cuando%20el%20est%C3%A1ndar%20recomendado%20para%20m%C3%B3viles%20es%20menor%20a%201.5s.%0A%0APodemos%20modernizar%20su%20web%20para%20que%20cargue%20al%20instante%20y%20multiplique%20sus%20contactos%20por%20WhatsApp.%20%C2%BFLes%20gustar%C3%ADa%20que%20les%20enviemos%20el%20reporte%20t%C3%A9cnico%20completo%3F%20%F0%9F%93%8A"
"Mundo Pintura Breña - Codelpa Perú",pintores,"Breña",3,1,946495057,NEEDS_WEBSITE,mundo-pintura-brena-codelpa-pe.pintores.todolima.com,"https://wa.me/51946495057?text=Hola%20equipo%20de%20*Mundo%20Pintura%20Bre%C3%B1a%20-%20Codelpa%20Per%C3%BA*%20%F0%9F%91%8B%2C%20los%20saluda%20el%20equipo%20de%20*Todo%20Lima*%20(todolima.com).%0A%0AVimos%20que%20son%20uno%20de%20los%20negocios%20con%20mejor%20reputaci%C3%B3n%20en%20Google%20Maps%20en%20*Bre%C3%B1a*%20(%E2%AD%90%20*3.0*%20con%201%20opiniones)%20%C2%A1Felicitaciones%20por%20tan%20buen%20trabajo!%20%F0%9F%91%8F%0A%0ARevisamos%20su%20ficha%20y%20notamos%20que%20*a%C3%BAn%20no%20cuentan%20con%20una%20p%C3%A1gina%20web%20oficial*%20donde%20sus%20clientes%20puedan%20consultar%20sus%20servicios%20y%20agendar%20directamente%20por%20WhatsApp.%0A%0AEn%20*Todo%20Lima*%20creamos%20landing%20pages%20ultrarr%C3%A1pidas%20pensadas%20para%20negocios%20locales%3A%0A%E2%9C%85%20Subdominio%20verificado%3A%20*mundo-pintura-brena-codelpa-pe.pintores.todolima.com*%0A%E2%9C%85%20Bot%C3%B3n%20de%20WhatsApp%20directo%20para%20recibir%20pedidos%20y%20citas%20al%20instante%0A%E2%9C%85%20Mapa%20interactivo%20para%20que%20lleguen%20a%20su%20local%20en%20Bre%C3%B1a%0A%E2%9C%85%20Carga%20en%20menos%20de%201%20segundo%20en%20celulares%0A%E2%9C%85%20Ficha%20destacada%20en%20el%20directorio%20todolima.com%0A%0APreparamos%20una%20demostraci%C3%B3n%20sin%20costo%20de%20c%C3%B3mo%20se%20ver%C3%ADa%20la%20web%20de%20*Mundo%20Pintura%20Bre%C3%B1a%20-%20Codelpa%20Per%C3%BA*.%20%C2%BFLes%20gustar%C3%ADa%20que%20les%20comparta%20el%20enlace%20de%20prueba%20por%20aqu%C3%AD%3F%20%F0%9F%9A%80"
"Carpinteria Mandujano",carpinteros,"Breña",2.9,10,979860538,UPGRADE_SOCIAL,carpinteria-mandujano.carpinteros.todolima.com,"https://wa.me/51979860538?text=Hola%20equipo%20de%20*Carpinteria%20Mandujano*%20%F0%9F%91%8B%2C%20les%20escribe%20el%20equipo%20de%20*Todo%20Lima*.%0A%0ARevisamos%20su%20destacada%20presencia%20en%20Google%20Maps%20en%20*Bre%C3%B1a*%20(%E2%AD%90%20*2.9*%20estrellas).%20Notamos%20que%20su%20enlace%20de%20contacto%20actual%20es%20un%20perfil%20de%20*Facebook*.%0A%0AMuchos%20clientes%20que%20buscan%20servicios%20en%20Google%20prefieren%20una%20web%20r%C3%A1pida%20donde%20ver%20cat%C3%A1logo%2C%20fotos%20y%20tarifas%20sin%20tener%20que%20entrar%20a%20una%20red%20social%20o%20ver%20distracciones%20de%20la%20competencia.%0A%0A%C2%BFLes%20interesar%C3%ADa%20complementar%20su%20Facebook%20con%20una%20p%C3%A1gina%20web%20oficial%20(*carpinteria-mandujano.carpinteros.todolima.com*)%20con%20bot%C3%B3n%20directo%20a%20WhatsApp%20y%20presencia%20prioritaria%20en%20Todo%20Lima%3F%0A%0ATenemos%20una%20maqueta%20lista%20para%20mostrarles%20sin%20compromiso.%20%C2%BFSe%20las%20comparto%20por%20este%20medio%3F%20%F0%9F%93%B2"
"Carpintería Ramírez",carpinteros,"Jesús María",2.7,3,974703502,NEEDS_WEBSITE,carpinteria-ramirez.carpinteros.todolima.com,"https://wa.me/51974703502?text=Hola%20equipo%20de%20*Carpinter%C3%ADa%20Ram%C3%ADrez*%20%F0%9F%91%8B%2C%20los%20saluda%20el%20equipo%20de%20*Todo%20Lima*%20(todolima.com).%0A%0AVimos%20que%20son%20uno%20de%20los%20negocios%20con%20mejor%20reputaci%C3%B3n%20en%20Google%20Maps%20en%20*Jes%C3%BAs%20Mar%C3%ADa*%20(%E2%AD%90%20*2.7*%20con%203%20opiniones)%20%C2%A1Felicitaciones%20por%20tan%20buen%20trabajo!%20%F0%9F%91%8F%0A%0ARevisamos%20su%20ficha%20y%20notamos%20que%20*a%C3%BAn%20no%20cuentan%20con%20una%20p%C3%A1gina%20web%20oficial*%20donde%20sus%20clientes%20puedan%20consultar%20sus%20servicios%20y%20agendar%20directamente%20por%20WhatsApp.%0A%0AEn%20*Todo%20Lima*%20creamos%20landing%20pages%20ultrarr%C3%A1pidas%20pensadas%20para%20negocios%20locales%3A%0A%E2%9C%85%20Subdominio%20verificado%3A%20*carpinteria-ramirez.carpinteros.todolima.com*%0A%E2%9C%85%20Bot%C3%B3n%20de%20WhatsApp%20directo%20para%20recibir%20pedidos%20y%20citas%20al%20instante%0A%E2%9C%85%20Mapa%20interactivo%20para%20que%20lleguen%20a%20su%20local%20en%20Jes%C3%BAs%20Mar%C3%ADa%0A%E2%9C%85%20Carga%20en%20menos%20de%201%20segundo%20en%20celulares%0A%E2%9C%85%20Ficha%20destacada%20en%20el%20directorio%20todolima.com%0A%0APreparamos%20una%20demostraci%C3%B3n%20sin%20costo%20de%20c%C3%B3mo%20se%20ver%C3%ADa%20la%20web%20de%20*Carpinter%C3%ADa%20Ram%C3%ADrez*.%20%C2%BFLes%20gustar%C3%ADa%20que%20les%20comparta%20el%20enlace%20de%20prueba%20por%20aqu%C3%AD%3F%20%F0%9F%9A%80"
"Servicio Tecnico de Lavadoras en Lima",reparacion-lavadoras,"Lima",2.7,3,999649402,NEEDS_WEBSITE,servicio-tecnico-de-lavadoras-.reparacion-lavadoras.todolima.com,"https://wa.me/51999649402?text=Hola%20equipo%20de%20*Servicio%20Tecnico%20de%20Lavadoras%20en%20Lima*%20%F0%9F%91%8B%2C%20los%20saluda%20el%20equipo%20de%20*Todo%20Lima*%20(todolima.com).%0A%0AVimos%20que%20son%20uno%20de%20los%20negocios%20con%20mejor%20reputaci%C3%B3n%20en%20Google%20Maps%20en%20*Lima*%20(%E2%AD%90%20*2.7*%20con%203%20opiniones)%20%C2%A1Felicitaciones%20por%20tan%20buen%20trabajo!%20%F0%9F%91%8F%0A%0ARevisamos%20su%20ficha%20y%20notamos%20que%20*a%C3%BAn%20no%20cuentan%20con%20una%20p%C3%A1gina%20web%20oficial*%20donde%20sus%20clientes%20puedan%20consultar%20sus%20servicios%20y%20agendar%20directamente%20por%20WhatsApp.%0A%0AEn%20*Todo%20Lima*%20creamos%20landing%20pages%20ultrarr%C3%A1pidas%20pensadas%20para%20negocios%20locales%3A%0A%E2%9C%85%20Subdominio%20verificado%3A%20*servicio-tecnico-de-lavadoras-.reparacion-lavadoras.todolima.com*%0A%E2%9C%85%20Bot%C3%B3n%20de%20WhatsApp%20directo%20para%20recibir%20pedidos%20y%20citas%20al%20instante%0A%E2%9C%85%20Mapa%20interactivo%20para%20que%20lleguen%20a%20su%20local%20en%20Lima%0A%E2%9C%85%20Carga%20en%20menos%20de%201%20segundo%20en%20celulares%0A%E2%9C%85%20Ficha%20destacada%20en%20el%20directorio%20todolima.com%0A%0APreparamos%20una%20demostraci%C3%B3n%20sin%20costo%20de%20c%C3%B3mo%20se%20ver%C3%ADa%20la%20web%20de%20*Servicio%20Tecnico%20de%20Lavadoras%20en%20Lima*.%20%C2%BFLes%20gustar%C3%ADa%20que%20les%20comparta%20el%20enlace%20de%20prueba%20por%20aqu%C3%AD%3F%20%F0%9F%9A%80"
"SERVICIO TÉCNICO DE LAVADORAS Y REFRIGERADORAS PALOMINO",reparacion-refrigeradoras,"Lima",2.7,3,945863418,NEEDS_WEBSITE,servicio-tecnico-de-lavadoras-.reparacion-refrigeradoras.todolima.com,"https://wa.me/51945863418?text=Hola%20equipo%20de%20*SERVICIO%20T%C3%89CNICO%20DE%20LAVADORAS%20Y%20REFRIGERADORAS%20PALOMINO*%20%F0%9F%91%8B%2C%20los%20saluda%20el%20equipo%20de%20*Todo%20Lima*%20(todolima.com).%0A%0AVimos%20que%20son%20uno%20de%20los%20negocios%20con%20mejor%20reputaci%C3%B3n%20en%20Google%20Maps%20en%20*Lima*%20(%E2%AD%90%20*2.7*%20con%203%20opiniones)%20%C2%A1Felicitaciones%20por%20tan%20buen%20trabajo!%20%F0%9F%91%8F%0A%0ARevisamos%20su%20ficha%20y%20notamos%20que%20*a%C3%BAn%20no%20cuentan%20con%20una%20p%C3%A1gina%20web%20oficial*%20donde%20sus%20clientes%20puedan%20consultar%20sus%20servicios%20y%20agendar%20directamente%20por%20WhatsApp.%0A%0AEn%20*Todo%20Lima*%20creamos%20landing%20pages%20ultrarr%C3%A1pidas%20pensadas%20para%20negocios%20locales%3A%0A%E2%9C%85%20Subdominio%20verificado%3A%20*servicio-tecnico-de-lavadoras-.reparacion-refrigeradoras.todolima.com*%0A%E2%9C%85%20Bot%C3%B3n%20de%20WhatsApp%20directo%20para%20recibir%20pedidos%20y%20citas%20al%20instante%0A%E2%9C%85%20Mapa%20interactivo%20para%20que%20lleguen%20a%20su%20local%20en%20Lima%0A%E2%9C%85%20Carga%20en%20menos%20de%201%20segundo%20en%20celulares%0A%E2%9C%85%20Ficha%20destacada%20en%20el%20directorio%20todolima.com%0A%0APreparamos%20una%20demostraci%C3%B3n%20sin%20costo%20de%20c%C3%B3mo%20se%20ver%C3%ADa%20la%20web%20de%20*SERVICIO%20T%C3%89CNICO%20DE%20LAVADORAS%20Y%20REFRIGERADORAS%20PALOMINO*.%20%C2%BFLes%20gustar%C3%ADa%20que%20les%20comparta%20el%20enlace%20de%20prueba%20por%20aqu%C3%AD%3F%20%F0%9F%9A%80"
"Carpintería Xiana",carpinteros,"Miraflores",2.6,5,941450600,UPGRADE_SOCIAL,carpinteria-xiana.carpinteros.todolima.com,"https://wa.me/51941450600?text=Hola%20equipo%20de%20*Carpinter%C3%ADa%20Xiana*%20%F0%9F%91%8B%2C%20les%20escribe%20el%20equipo%20de%20*Todo%20Lima*.%0A%0ARevisamos%20su%20destacada%20presencia%20en%20Google%20Maps%20en%20*Miraflores*%20(%E2%AD%90%20*2.6*%20estrellas).%20Notamos%20que%20su%20enlace%20de%20contacto%20actual%20es%20un%20perfil%20de%20*Facebook*.%0A%0AMuchos%20clientes%20que%20buscan%20servicios%20en%20Google%20prefieren%20una%20web%20r%C3%A1pida%20donde%20ver%20cat%C3%A1logo%2C%20fotos%20y%20tarifas%20sin%20tener%20que%20entrar%20a%20una%20red%20social%20o%20ver%20distracciones%20de%20la%20competencia.%0A%0A%C2%BFLes%20interesar%C3%ADa%20complementar%20su%20Facebook%20con%20una%20p%C3%A1gina%20web%20oficial%20(*carpinteria-xiana.carpinteros.todolima.com*)%20con%20bot%C3%B3n%20directo%20a%20WhatsApp%20y%20presencia%20prioritaria%20en%20Todo%20Lima%3F%0A%0ATenemos%20una%20maqueta%20lista%20para%20mostrarles%20sin%20compromiso.%20%C2%BFSe%20las%20comparto%20por%20este%20medio%3F%20%F0%9F%93%B2"
"AGUA CONSTRUCCION Y SANEAMIENTO SAC",gasfiteros,"San Juan de Lurigancho",2.6,5,953705539,NEEDS_WEBSITE,agua-construccion-y-saneamient.gasfiteros.todolima.com,"https://wa.me/51953705539?text=Hola%20equipo%20de%20*AGUA%20CONSTRUCCION%20Y%20SANEAMIENTO%20SAC*%20%F0%9F%91%8B%2C%20los%20saluda%20el%20equipo%20de%20*Todo%20Lima*%20(todolima.com).%0A%0AVimos%20que%20son%20uno%20de%20los%20negocios%20con%20mejor%20reputaci%C3%B3n%20en%20Google%20Maps%20en%20*San%20Juan%20de%20Lurigancho*%20(%E2%AD%90%20*2.6*%20con%205%20opiniones)%20%C2%A1Felicitaciones%20por%20tan%20buen%20trabajo!%20%F0%9F%91%8F%0A%0ARevisamos%20su%20ficha%20y%20notamos%20que%20*a%C3%BAn%20no%20cuentan%20con%20una%20p%C3%A1gina%20web%20oficial*%20donde%20sus%20clientes%20puedan%20consultar%20sus%20servicios%20y%20agendar%20directamente%20por%20WhatsApp.%0A%0AEn%20*Todo%20Lima*%20creamos%20landing%20pages%20ultrarr%C3%A1pidas%20pensadas%20para%20negocios%20locales%3A%0A%E2%9C%85%20Subdominio%20verificado%3A%20*agua-construccion-y-saneamient.gasfiteros.todolima.com*%0A%E2%9C%85%20Bot%C3%B3n%20de%20WhatsApp%20directo%20para%20recibir%20pedidos%20y%20citas%20al%20instante%0A%E2%9C%85%20Mapa%20interactivo%20para%20que%20lleguen%20a%20su%20local%20en%20San%20Juan%20de%20Lurigancho%0A%E2%9C%85%20Carga%20en%20menos%20de%201%20segundo%20en%20celulares%0A%E2%9C%85%20Ficha%20destacada%20en%20el%20directorio%20todolima.com%0A%0APreparamos%20una%20demostraci%C3%B3n%20sin%20costo%20de%20c%C3%B3mo%20se%20ver%C3%ADa%20la%20web%20de%20*AGUA%20CONSTRUCCION%20Y%20SANEAMIENTO%20SAC*.%20%C2%BFLes%20gustar%C3%ADa%20que%20les%20comparta%20el%20enlace%20de%20prueba%20por%20aqu%C3%AD%3F%20%F0%9F%9A%80"
"Servicio de Gasfitero - Innova Servicios Generales",gasfiteros,"Magdalena del Mar",2.5,258,924966907,REDESIGN_WEBSITE,servicio-de-gasfitero-innova-s.gasfiteros.todolima.com,"https://wa.me/51924966907?text=Hola%20equipo%20de%20*Servicio%20de%20Gasfitero%20-%20Innova%20Servicios%20Generales*%20%F0%9F%91%8B%2C%20gusto%20en%20saludarlos.%0A%0ALes%20escribimos%20desde%20*Todo%20Lima*.%20Al%20revisar%20a%20los%20referentes%20de%20*Magdalena%20del%20Mar*%20(donde%20ustedes%20destacan%20con%20%E2%AD%90%20*2.5*)%2C%20realizamos%20una%20auditor%C3%ADa%20t%C3%A9cnica%20gratuita%20a%20su%20web%20actual%20(*https%3A%2F%2Fwww.serviciodegasfitero.com%2F*).%0A%0ADetectamos%20algunos%20puntos%20cr%C3%ADticos%20que%20podr%C3%ADan%20estar%20frenando%20sus%20consultas%3A%0A%E2%80%A2%20Error%20de%20conexi%C3%B3n%20al%20cargar%20la%20p%C3%A1gina%3A%20fetch%20failed.%20El%20sitio%20se%20encuentra%20ca%C3%ADdo%20o%20inaccesible.%0A%0A%F0%9F%91%89%20*Dato%20clave%3A*%20El%2065%25%20de%20usuarios%20en%20Lima%20abandonan%20una%20web%20si%20no%20encuentran%20un%20bot%C3%B3n%20flotante%20de%20WhatsApp%20para%20consultar%20en%20el%20momento.%0A%0A%0APodemos%20modernizar%20su%20web%20para%20que%20cargue%20al%20instante%20y%20multiplique%20sus%20contactos%20por%20WhatsApp.%20%C2%BFLes%20gustar%C3%ADa%20que%20les%20enviemos%20el%20reporte%20t%C3%A9cnico%20completo%3F%20%F0%9F%93%8A"
"PRONTOGRÚAS",auxilio-mecanico,"Santiago de Surco",2.3,3,951202229,REDESIGN_WEBSITE,prontogruas.auxilio-mecanico.todolima.com,"https://wa.me/51951202229?text=Hola%20equipo%20de%20*PRONTOGR%C3%9AAS*%20%F0%9F%91%8B%2C%20gusto%20en%20saludarlos.%0A%0ALes%20escribimos%20desde%20*Todo%20Lima*.%20Al%20revisar%20a%20los%20referentes%20de%20*Santiago%20de%20Surco*%20(donde%20ustedes%20destacan%20con%20%E2%AD%90%20*2.3*)%2C%20realizamos%20una%20auditor%C3%ADa%20t%C3%A9cnica%20gratuita%20a%20su%20web%20actual%20(*http%3A%2F%2Fwww.prontogruas.com%2F*).%0A%0ADetectamos%20algunos%20puntos%20cr%C3%ADticos%20que%20podr%C3%ADan%20estar%20frenando%20sus%20consultas%3A%0A%E2%80%A2%20No%20tiene%20etiqueta%20viewport%3A%20se%20ve%20diminuto%20y%20roto%20en%20tel%C3%A9fonos%20celulares.%0A%E2%80%A2%20No%20tiene%20etiqueta%20%3Ctitle%3E%3A%20Google%20no%20puede%20indexar%20el%20negocio%20correctamente.%0A%E2%80%A2%20Carece%20de%20meta-descripci%C3%B3n%20optimizada%20para%20b%C3%BAsquedas%20en%20Google.%0A%0A%F0%9F%91%89%20*Dato%20clave%3A*%20El%2065%25%20de%20usuarios%20en%20Lima%20abandonan%20una%20web%20si%20no%20encuentran%20un%20bot%C3%B3n%20flotante%20de%20WhatsApp%20para%20consultar%20en%20el%20momento.%0A%0A%0APodemos%20modernizar%20su%20web%20para%20que%20cargue%20al%20instante%20y%20multiplique%20sus%20contactos%20por%20WhatsApp.%20%C2%BFLes%20gustar%C3%ADa%20que%20les%20enviemos%20el%20reporte%20t%C3%A9cnico%20completo%3F%20%F0%9F%93%8A"
"Carpinteria y Melamina",carpinteros,"Lince",2.3,6,964820818,NEEDS_WEBSITE,carpinteria-y-melamina.carpinteros.todolima.com,"https://wa.me/51964820818?text=Hola%20equipo%20de%20*Carpinteria%20y%20Melamina*%20%F0%9F%91%8B%2C%20los%20saluda%20el%20equipo%20de%20*Todo%20Lima*%20(todolima.com).%0A%0AVimos%20que%20son%20uno%20de%20los%20negocios%20con%20mejor%20reputaci%C3%B3n%20en%20Google%20Maps%20en%20*Lince*%20(%E2%AD%90%20*2.3*%20con%206%20opiniones)%20%C2%A1Felicitaciones%20por%20tan%20buen%20trabajo!%20%F0%9F%91%8F%0A%0ARevisamos%20su%20ficha%20y%20notamos%20que%20*a%C3%BAn%20no%20cuentan%20con%20una%20p%C3%A1gina%20web%20oficial*%20donde%20sus%20clientes%20puedan%20consultar%20sus%20servicios%20y%20agendar%20directamente%20por%20WhatsApp.%0A%0AEn%20*Todo%20Lima*%20creamos%20landing%20pages%20ultrarr%C3%A1pidas%20pensadas%20para%20negocios%20locales%3A%0A%E2%9C%85%20Subdominio%20verificado%3A%20*carpinteria-y-melamina.carpinteros.todolima.com*%0A%E2%9C%85%20Bot%C3%B3n%20de%20WhatsApp%20directo%20para%20recibir%20pedidos%20y%20citas%20al%20instante%0A%E2%9C%85%20Mapa%20interactivo%20para%20que%20lleguen%20a%20su%20local%20en%20Lince%0A%E2%9C%85%20Carga%20en%20menos%20de%201%20segundo%20en%20celulares%0A%E2%9C%85%20Ficha%20destacada%20en%20el%20directorio%20todolima.com%0A%0APreparamos%20una%20demostraci%C3%B3n%20sin%20costo%20de%20c%C3%B3mo%20se%20ver%C3%ADa%20la%20web%20de%20*Carpinteria%20y%20Melamina*.%20%C2%BFLes%20gustar%C3%ADa%20que%20les%20comparta%20el%20enlace%20de%20prueba%20por%20aqu%C3%AD%3F%20%F0%9F%9A%80"
"Carpintería Jhonnatan",carpinteros,"Lince",2,11,999700743,NEEDS_WEBSITE,carpinteria-jhonnatan.carpinteros.todolima.com,"https://wa.me/51999700743?text=Hola%20equipo%20de%20*Carpinter%C3%ADa%20Jhonnatan*%20%F0%9F%91%8B%2C%20los%20saluda%20el%20equipo%20de%20*Todo%20Lima*%20(todolima.com).%0A%0AVimos%20que%20son%20uno%20de%20los%20negocios%20con%20mejor%20reputaci%C3%B3n%20en%20Google%20Maps%20en%20*Lince*%20(%E2%AD%90%20*2.0*%20con%2011%20opiniones)%20%C2%A1Felicitaciones%20por%20tan%20buen%20trabajo!%20%F0%9F%91%8F%0A%0ARevisamos%20su%20ficha%20y%20notamos%20que%20*a%C3%BAn%20no%20cuentan%20con%20una%20p%C3%A1gina%20web%20oficial*%20donde%20sus%20clientes%20puedan%20consultar%20sus%20servicios%20y%20agendar%20directamente%20por%20WhatsApp.%0A%0AEn%20*Todo%20Lima*%20creamos%20landing%20pages%20ultrarr%C3%A1pidas%20pensadas%20para%20negocios%20locales%3A%0A%E2%9C%85%20Subdominio%20verificado%3A%20*carpinteria-jhonnatan.carpinteros.todolima.com*%0A%E2%9C%85%20Bot%C3%B3n%20de%20WhatsApp%20directo%20para%20recibir%20pedidos%20y%20citas%20al%20instante%0A%E2%9C%85%20Mapa%20interactivo%20para%20que%20lleguen%20a%20su%20local%20en%20Lince%0A%E2%9C%85%20Carga%20en%20menos%20de%201%20segundo%20en%20celulares%0A%E2%9C%85%20Ficha%20destacada%20en%20el%20directorio%20todolima.com%0A%0APreparamos%20una%20demostraci%C3%B3n%20sin%20costo%20de%20c%C3%B3mo%20se%20ver%C3%ADa%20la%20web%20de%20*Carpinter%C3%ADa%20Jhonnatan*.%20%C2%BFLes%20gustar%C3%ADa%20que%20les%20comparta%20el%20enlace%20de%20prueba%20por%20aqu%C3%AD%3F%20%F0%9F%9A%80"
"Carpintería y Parquet Audrey",carpinteros,"Lima",2,1,934840895,NEEDS_WEBSITE,carpinteria-y-parquet-audrey.carpinteros.todolima.com,"https://wa.me/51934840895?text=Hola%20equipo%20de%20*Carpinter%C3%ADa%20y%20Parquet%20Audrey*%20%F0%9F%91%8B%2C%20los%20saluda%20el%20equipo%20de%20*Todo%20Lima*%20(todolima.com).%0A%0AVimos%20que%20son%20uno%20de%20los%20negocios%20con%20mejor%20reputaci%C3%B3n%20en%20Google%20Maps%20en%20*Lima*%20(%E2%AD%90%20*2.0*%20con%201%20opiniones)%20%C2%A1Felicitaciones%20por%20tan%20buen%20trabajo!%20%F0%9F%91%8F%0A%0ARevisamos%20su%20ficha%20y%20notamos%20que%20*a%C3%BAn%20no%20cuentan%20con%20una%20p%C3%A1gina%20web%20oficial*%20donde%20sus%20clientes%20puedan%20consultar%20sus%20servicios%20y%20agendar%20directamente%20por%20WhatsApp.%0A%0AEn%20*Todo%20Lima*%20creamos%20landing%20pages%20ultrarr%C3%A1pidas%20pensadas%20para%20negocios%20locales%3A%0A%E2%9C%85%20Subdominio%20verificado%3A%20*carpinteria-y-parquet-audrey.carpinteros.todolima.com*%0A%E2%9C%85%20Bot%C3%B3n%20de%20WhatsApp%20directo%20para%20recibir%20pedidos%20y%20citas%20al%20instante%0A%E2%9C%85%20Mapa%20interactivo%20para%20que%20lleguen%20a%20su%20local%20en%20Lima%0A%E2%9C%85%20Carga%20en%20menos%20de%201%20segundo%20en%20celulares%0A%E2%9C%85%20Ficha%20destacada%20en%20el%20directorio%20todolima.com%0A%0APreparamos%20una%20demostraci%C3%B3n%20sin%20costo%20de%20c%C3%B3mo%20se%20ver%C3%ADa%20la%20web%20de%20*Carpinter%C3%ADa%20y%20Parquet%20Audrey*.%20%C2%BFLes%20gustar%C3%ADa%20que%20les%20comparta%20el%20enlace%20de%20prueba%20por%20aqu%C3%AD%3F%20%F0%9F%9A%80"
"Gasfiteria Lozano(En el Agustino y Lima)",gasfiteros,"El Agustino",2,202,998676554,NEEDS_WEBSITE,gasfiteria-lozano-en-el-agusti.gasfiteros.todolima.com,"https://wa.me/51998676554?text=Hola%20equipo%20de%20*Gasfiteria%20Lozano(En%20el%20Agustino%20y%20Lima)*%20%F0%9F%91%8B%2C%20los%20saluda%20el%20equipo%20de%20*Todo%20Lima*%20(todolima.com).%0A%0AVimos%20que%20son%20uno%20de%20los%20negocios%20con%20mejor%20reputaci%C3%B3n%20en%20Google%20Maps%20en%20*El%20Agustino*%20(%E2%AD%90%20*2.0*%20con%20202%20opiniones)%20%C2%A1Felicitaciones%20por%20tan%20buen%20trabajo!%20%F0%9F%91%8F%0A%0ARevisamos%20su%20ficha%20y%20notamos%20que%20*a%C3%BAn%20no%20cuentan%20con%20una%20p%C3%A1gina%20web%20oficial*%20donde%20sus%20clientes%20puedan%20consultar%20sus%20servicios%20y%20agendar%20directamente%20por%20WhatsApp.%0A%0AEn%20*Todo%20Lima*%20creamos%20landing%20pages%20ultrarr%C3%A1pidas%20pensadas%20para%20negocios%20locales%3A%0A%E2%9C%85%20Subdominio%20verificado%3A%20*gasfiteria-lozano-en-el-agusti.gasfiteros.todolima.com*%0A%E2%9C%85%20Bot%C3%B3n%20de%20WhatsApp%20directo%20para%20recibir%20pedidos%20y%20citas%20al%20instante%0A%E2%9C%85%20Mapa%20interactivo%20para%20que%20lleguen%20a%20su%20local%20en%20El%20Agustino%0A%E2%9C%85%20Carga%20en%20menos%20de%201%20segundo%20en%20celulares%0A%E2%9C%85%20Ficha%20destacada%20en%20el%20directorio%20todolima.com%0A%0APreparamos%20una%20demostraci%C3%B3n%20sin%20costo%20de%20c%C3%B3mo%20se%20ver%C3%ADa%20la%20web%20de%20*Gasfiteria%20Lozano(En%20el%20Agustino%20y%20Lima)*.%20%C2%BFLes%20gustar%C3%ADa%20que%20les%20comparta%20el%20enlace%20de%20prueba%20por%20aqu%C3%AD%3F%20%F0%9F%9A%80"
"ABALTEC PERÚ",gasfiteros,"Lince",1.4,9,971746445,NEEDS_WEBSITE,abaltec-peru.gasfiteros.todolima.com,"https://wa.me/51971746445?text=Hola%20equipo%20de%20*ABALTEC%20PER%C3%9A*%20%F0%9F%91%8B%2C%20los%20saluda%20el%20equipo%20de%20*Todo%20Lima*%20(todolima.com).%0A%0AVimos%20que%20son%20uno%20de%20los%20negocios%20con%20mejor%20reputaci%C3%B3n%20en%20Google%20Maps%20en%20*Lince*%20(%E2%AD%90%20*1.4*%20con%209%20opiniones)%20%C2%A1Felicitaciones%20por%20tan%20buen%20trabajo!%20%F0%9F%91%8F%0A%0ARevisamos%20su%20ficha%20y%20notamos%20que%20*a%C3%BAn%20no%20cuentan%20con%20una%20p%C3%A1gina%20web%20oficial*%20donde%20sus%20clientes%20puedan%20consultar%20sus%20servicios%20y%20agendar%20directamente%20por%20WhatsApp.%0A%0AEn%20*Todo%20Lima*%20creamos%20landing%20pages%20ultrarr%C3%A1pidas%20pensadas%20para%20negocios%20locales%3A%0A%E2%9C%85%20Subdominio%20verificado%3A%20*abaltec-peru.gasfiteros.todolima.com*%0A%E2%9C%85%20Bot%C3%B3n%20de%20WhatsApp%20directo%20para%20recibir%20pedidos%20y%20citas%20al%20instante%0A%E2%9C%85%20Mapa%20interactivo%20para%20que%20lleguen%20a%20su%20local%20en%20Lince%0A%E2%9C%85%20Carga%20en%20menos%20de%201%20segundo%20en%20celulares%0A%E2%9C%85%20Ficha%20destacada%20en%20el%20directorio%20todolima.com%0A%0APreparamos%20una%20demostraci%C3%B3n%20sin%20costo%20de%20c%C3%B3mo%20se%20ver%C3%ADa%20la%20web%20de%20*ABALTEC%20PER%C3%9A*.%20%C2%BFLes%20gustar%C3%ADa%20que%20les%20comparta%20el%20enlace%20de%20prueba%20por%20aqu%C3%AD%3F%20%F0%9F%9A%80"
"Carpinteria Velasquez",carpinteros,"Lima",1,2,997432199,NEEDS_WEBSITE,carpinteria-velasquez.carpinteros.todolima.com,"https://wa.me/51997432199?text=Hola%20equipo%20de%20*Carpinteria%20Velasquez*%20%F0%9F%91%8B%2C%20los%20saluda%20el%20equipo%20de%20*Todo%20Lima*%20(todolima.com).%0A%0AVimos%20que%20son%20uno%20de%20los%20negocios%20con%20mejor%20reputaci%C3%B3n%20en%20Google%20Maps%20en%20*Lima*%20(%E2%AD%90%20*1.0*%20con%202%20opiniones)%20%C2%A1Felicitaciones%20por%20tan%20buen%20trabajo!%20%F0%9F%91%8F%0A%0ARevisamos%20su%20ficha%20y%20notamos%20que%20*a%C3%BAn%20no%20cuentan%20con%20una%20p%C3%A1gina%20web%20oficial*%20donde%20sus%20clientes%20puedan%20consultar%20sus%20servicios%20y%20agendar%20directamente%20por%20WhatsApp.%0A%0AEn%20*Todo%20Lima*%20creamos%20landing%20pages%20ultrarr%C3%A1pidas%20pensadas%20para%20negocios%20locales%3A%0A%E2%9C%85%20Subdominio%20verificado%3A%20*carpinteria-velasquez.carpinteros.todolima.com*%0A%E2%9C%85%20Bot%C3%B3n%20de%20WhatsApp%20directo%20para%20recibir%20pedidos%20y%20citas%20al%20instante%0A%E2%9C%85%20Mapa%20interactivo%20para%20que%20lleguen%20a%20su%20local%20en%20Lima%0A%E2%9C%85%20Carga%20en%20menos%20de%201%20segundo%20en%20celulares%0A%E2%9C%85%20Ficha%20destacada%20en%20el%20directorio%20todolima.com%0A%0APreparamos%20una%20demostraci%C3%B3n%20sin%20costo%20de%20c%C3%B3mo%20se%20ver%C3%ADa%20la%20web%20de%20*Carpinteria%20Velasquez*.%20%C2%BFLes%20gustar%C3%ADa%20que%20les%20comparta%20el%20enlace%20de%20prueba%20por%20aqu%C3%AD%3F%20%F0%9F%9A%80"
"L & S Servicios Generales",carpinteros,"Lima",1,1,962786300,NEEDS_WEBSITE,l-s-servicios-generales.carpinteros.todolima.com,"https://wa.me/51962786300?text=Hola%20equipo%20de%20*L%20%26%20S%20Servicios%20Generales*%20%F0%9F%91%8B%2C%20los%20saluda%20el%20equipo%20de%20*Todo%20Lima*%20(todolima.com).%0A%0AVimos%20que%20son%20uno%20de%20los%20negocios%20con%20mejor%20reputaci%C3%B3n%20en%20Google%20Maps%20en%20*Lima*%20(%E2%AD%90%20*1.0*%20con%201%20opiniones)%20%C2%A1Felicitaciones%20por%20tan%20buen%20trabajo!%20%F0%9F%91%8F%0A%0ARevisamos%20su%20ficha%20y%20notamos%20que%20*a%C3%BAn%20no%20cuentan%20con%20una%20p%C3%A1gina%20web%20oficial*%20donde%20sus%20clientes%20puedan%20consultar%20sus%20servicios%20y%20agendar%20directamente%20por%20WhatsApp.%0A%0AEn%20*Todo%20Lima*%20creamos%20landing%20pages%20ultrarr%C3%A1pidas%20pensadas%20para%20negocios%20locales%3A%0A%E2%9C%85%20Subdominio%20verificado%3A%20*l-s-servicios-generales.carpinteros.todolima.com*%0A%E2%9C%85%20Bot%C3%B3n%20de%20WhatsApp%20directo%20para%20recibir%20pedidos%20y%20citas%20al%20instante%0A%E2%9C%85%20Mapa%20interactivo%20para%20que%20lleguen%20a%20su%20local%20en%20Lima%0A%E2%9C%85%20Carga%20en%20menos%20de%201%20segundo%20en%20celulares%0A%E2%9C%85%20Ficha%20destacada%20en%20el%20directorio%20todolima.com%0A%0APreparamos%20una%20demostraci%C3%B3n%20sin%20costo%20de%20c%C3%B3mo%20se%20ver%C3%ADa%20la%20web%20de%20*L%20%26%20S%20Servicios%20Generales*.%20%C2%BFLes%20gustar%C3%ADa%20que%20les%20comparta%20el%20enlace%20de%20prueba%20por%20aqu%C3%AD%3F%20%F0%9F%9A%80"
"Estructuras perez",cerrajeros,"Ate",1,1,980504882,NEEDS_WEBSITE,estructuras-perez.cerrajeros.todolima.com,"https://wa.me/51980504882?text=Hola%20equipo%20de%20*Estructuras%20perez*%20%F0%9F%91%8B%2C%20los%20saluda%20el%20equipo%20de%20*Todo%20Lima*%20(todolima.com).%0A%0AVimos%20que%20son%20uno%20de%20los%20negocios%20con%20mejor%20reputaci%C3%B3n%20en%20Google%20Maps%20en%20*Ate*%20(%E2%AD%90%20*1.0*%20con%201%20opiniones)%20%C2%A1Felicitaciones%20por%20tan%20buen%20trabajo!%20%F0%9F%91%8F%0A%0ARevisamos%20su%20ficha%20y%20notamos%20que%20*a%C3%BAn%20no%20cuentan%20con%20una%20p%C3%A1gina%20web%20oficial*%20donde%20sus%20clientes%20puedan%20consultar%20sus%20servicios%20y%20agendar%20directamente%20por%20WhatsApp.%0A%0AEn%20*Todo%20Lima*%20creamos%20landing%20pages%20ultrarr%C3%A1pidas%20pensadas%20para%20negocios%20locales%3A%0A%E2%9C%85%20Subdominio%20verificado%3A%20*estructuras-perez.cerrajeros.todolima.com*%0A%E2%9C%85%20Bot%C3%B3n%20de%20WhatsApp%20directo%20para%20recibir%20pedidos%20y%20citas%20al%20instante%0A%E2%9C%85%20Mapa%20interactivo%20para%20que%20lleguen%20a%20su%20local%20en%20Ate%0A%E2%9C%85%20Carga%20en%20menos%20de%201%20segundo%20en%20celulares%0A%E2%9C%85%20Ficha%20destacada%20en%20el%20directorio%20todolima.com%0A%0APreparamos%20una%20demostraci%C3%B3n%20sin%20costo%20de%20c%C3%B3mo%20se%20ver%C3%ADa%20la%20web%20de%20*Estructuras%20perez*.%20%C2%BFLes%20gustar%C3%ADa%20que%20les%20comparta%20el%20enlace%20de%20prueba%20por%20aqu%C3%AD%3F%20%F0%9F%9A%80"
"Cerrajeria christian",cerrajeros,"Magdalena del Mar",1,1,986004278,NEEDS_WEBSITE,cerrajeria-christian.cerrajeros.todolima.com,"https://wa.me/51986004278?text=Hola%20equipo%20de%20*Cerrajeria%20christian*%20%F0%9F%91%8B%2C%20los%20saluda%20el%20equipo%20de%20*Todo%20Lima*%20(todolima.com).%0A%0AVimos%20que%20son%20uno%20de%20los%20negocios%20con%20mejor%20reputaci%C3%B3n%20en%20Google%20Maps%20en%20*Magdalena%20del%20Mar*%20(%E2%AD%90%20*1.0*%20con%201%20opiniones)%20%C2%A1Felicitaciones%20por%20tan%20buen%20trabajo!%20%F0%9F%91%8F%0A%0ARevisamos%20su%20ficha%20y%20notamos%20que%20*a%C3%BAn%20no%20cuentan%20con%20una%20p%C3%A1gina%20web%20oficial*%20donde%20sus%20clientes%20puedan%20consultar%20sus%20servicios%20y%20agendar%20directamente%20por%20WhatsApp.%0A%0AEn%20*Todo%20Lima*%20creamos%20landing%20pages%20ultrarr%C3%A1pidas%20pensadas%20para%20negocios%20locales%3A%0A%E2%9C%85%20Subdominio%20verificado%3A%20*cerrajeria-christian.cerrajeros.todolima.com*%0A%E2%9C%85%20Bot%C3%B3n%20de%20WhatsApp%20directo%20para%20recibir%20pedidos%20y%20citas%20al%20instante%0A%E2%9C%85%20Mapa%20interactivo%20para%20que%20lleguen%20a%20su%20local%20en%20Magdalena%20del%20Mar%0A%E2%9C%85%20Carga%20en%20menos%20de%201%20segundo%20en%20celulares%0A%E2%9C%85%20Ficha%20destacada%20en%20el%20directorio%20todolima.com%0A%0APreparamos%20una%20demostraci%C3%B3n%20sin%20costo%20de%20c%C3%B3mo%20se%20ver%C3%ADa%20la%20web%20de%20*Cerrajeria%20christian*.%20%C2%BFLes%20gustar%C3%ADa%20que%20les%20comparta%20el%20enlace%20de%20prueba%20por%20aqu%C3%AD%3F%20%F0%9F%9A%80"
"Gasfiteros & Servicios Generales Lumasa",gasfiteros,"Lima",1,101,947879253,NEEDS_WEBSITE,gasfiteros-servicios-generales.gasfiteros.todolima.com,"https://wa.me/51947879253?text=Hola%20equipo%20de%20*Gasfiteros%20%26%20Servicios%20Generales%20Lumasa*%20%F0%9F%91%8B%2C%20los%20saluda%20el%20equipo%20de%20*Todo%20Lima*%20(todolima.com).%0A%0AVimos%20que%20son%20uno%20de%20los%20negocios%20con%20mejor%20reputaci%C3%B3n%20en%20Google%20Maps%20en%20*Lima*%20(%E2%AD%90%20*1.0*%20con%20101%20opiniones)%20%C2%A1Felicitaciones%20por%20tan%20buen%20trabajo!%20%F0%9F%91%8F%0A%0ARevisamos%20su%20ficha%20y%20notamos%20que%20*a%C3%BAn%20no%20cuentan%20con%20una%20p%C3%A1gina%20web%20oficial*%20donde%20sus%20clientes%20puedan%20consultar%20sus%20servicios%20y%20agendar%20directamente%20por%20WhatsApp.%0A%0AEn%20*Todo%20Lima*%20creamos%20landing%20pages%20ultrarr%C3%A1pidas%20pensadas%20para%20negocios%20locales%3A%0A%E2%9C%85%20Subdominio%20verificado%3A%20*gasfiteros-servicios-generales.gasfiteros.todolima.com*%0A%E2%9C%85%20Bot%C3%B3n%20de%20WhatsApp%20directo%20para%20recibir%20pedidos%20y%20citas%20al%20instante%0A%E2%9C%85%20Mapa%20interactivo%20para%20que%20lleguen%20a%20su%20local%20en%20Lima%0A%E2%9C%85%20Carga%20en%20menos%20de%201%20segundo%20en%20celulares%0A%E2%9C%85%20Ficha%20destacada%20en%20el%20directorio%20todolima.com%0A%0APreparamos%20una%20demostraci%C3%B3n%20sin%20costo%20de%20c%C3%B3mo%20se%20ver%C3%ADa%20la%20web%20de%20*Gasfiteros%20%26%20Servicios%20Generales%20Lumasa*.%20%C2%BFLes%20gustar%C3%ADa%20que%20les%20comparta%20el%20enlace%20de%20prueba%20por%20aqu%C3%AD%3F%20%F0%9F%9A%80"
"Servicios Generales Morales - Gasfiteros Fumigación y Pintores",gasfiteros,"Lima",1,101,999893552,NEEDS_WEBSITE,servicios-generales-morales-ga.gasfiteros.todolima.com,"https://wa.me/51999893552?text=Hola%20equipo%20de%20*Servicios%20Generales%20Morales%20-%20Gasfiteros%20Fumigaci%C3%B3n%20y%20Pintores*%20%F0%9F%91%8B%2C%20los%20saluda%20el%20equipo%20de%20*Todo%20Lima*%20(todolima.com).%0A%0AVimos%20que%20son%20uno%20de%20los%20negocios%20con%20mejor%20reputaci%C3%B3n%20en%20Google%20Maps%20en%20*Lima*%20(%E2%AD%90%20*1.0*%20con%20101%20opiniones)%20%C2%A1Felicitaciones%20por%20tan%20buen%20trabajo!%20%F0%9F%91%8F%0A%0ARevisamos%20su%20ficha%20y%20notamos%20que%20*a%C3%BAn%20no%20cuentan%20con%20una%20p%C3%A1gina%20web%20oficial*%20donde%20sus%20clientes%20puedan%20consultar%20sus%20servicios%20y%20agendar%20directamente%20por%20WhatsApp.%0A%0AEn%20*Todo%20Lima*%20creamos%20landing%20pages%20ultrarr%C3%A1pidas%20pensadas%20para%20negocios%20locales%3A%0A%E2%9C%85%20Subdominio%20verificado%3A%20*servicios-generales-morales-ga.gasfiteros.todolima.com*%0A%E2%9C%85%20Bot%C3%B3n%20de%20WhatsApp%20directo%20para%20recibir%20pedidos%20y%20citas%20al%20instante%0A%E2%9C%85%20Mapa%20interactivo%20para%20que%20lleguen%20a%20su%20local%20en%20Lima%0A%E2%9C%85%20Carga%20en%20menos%20de%201%20segundo%20en%20celulares%0A%E2%9C%85%20Ficha%20destacada%20en%20el%20directorio%20todolima.com%0A%0APreparamos%20una%20demostraci%C3%B3n%20sin%20costo%20de%20c%C3%B3mo%20se%20ver%C3%ADa%20la%20web%20de%20*Servicios%20Generales%20Morales%20-%20Gasfiteros%20Fumigaci%C3%B3n%20y%20Pintores*.%20%C2%BFLes%20gustar%C3%ADa%20que%20les%20comparta%20el%20enlace%20de%20prueba%20por%20aqu%C3%AD%3F%20%F0%9F%9A%80"
"Gasfitería San Borja-Servicio de Gasfitero, Albañil, Electricista",gasfiteros,"Lima",1,1,998905372,REDESIGN_WEBSITE,gasfiteria-san-borja-servicio-.gasfiteros.todolima.com,"https://wa.me/51998905372?text=Hola%20equipo%20de%20*Gasfiter%C3%ADa%20San%20Borja-Servicio%20de%20Gasfitero%2C%20Alba%C3%B1il%2C%20Electricista*%20%F0%9F%91%8B%2C%20gusto%20en%20saludarlos.%0A%0ALes%20escribimos%20desde%20*Todo%20Lima*.%20Al%20revisar%20a%20los%20referentes%20de%20*Lima*%20(donde%20ustedes%20destacan%20con%20%E2%AD%90%20*1.0*)%2C%20realizamos%20una%20auditor%C3%ADa%20t%C3%A9cnica%20gratuita%20a%20su%20web%20actual%20(*https%3A%2F%2Fwww.guiaperu.pe%2FGasfiter%25C3%25ADaSanBorja*).%0A%0ADetectamos%20algunos%20puntos%20cr%C3%ADticos%20que%20podr%C3%ADan%20estar%20frenando%20sus%20consultas%3A%0A%E2%80%A2%20C%C3%B3digo%20de%20respuesta%20HTTP%20an%C3%B3malo%3A%20404.%0A%E2%80%A2%20No%20tiene%20bot%C3%B3n%20directo%20a%20WhatsApp%20(pierde%20hasta%2060%25%20de%20contactos%20en%20Lima).%0A%E2%80%A2%20Tel%C3%A9fono%20en%20texto%20plano%3A%20el%20cliente%20no%20puede%20llamar%20con%20un%20solo%20toque%20desde%20el%20celular.%0A%0A%F0%9F%91%89%20*Dato%20clave%3A*%20El%2065%25%20de%20usuarios%20en%20Lima%20abandonan%20una%20web%20si%20no%20encuentran%20un%20bot%C3%B3n%20flotante%20de%20WhatsApp%20para%20consultar%20en%20el%20momento.%0A%0A%0APodemos%20modernizar%20su%20web%20para%20que%20cargue%20al%20instante%20y%20multiplique%20sus%20contactos%20por%20WhatsApp.%20%C2%BFLes%20gustar%C3%ADa%20que%20les%20enviemos%20el%20reporte%20t%C3%A9cnico%20completo%3F%20%F0%9F%93%8A"
"Albañil gasfitero electricista pintor",gasfiteros,"Los Olivos",1,1,959132393,UPGRADE_SOCIAL,albanil-gasfitero-electricista.gasfiteros.todolima.com,"https://wa.me/51959132393?text=Hola%20equipo%20de%20*Alba%C3%B1il%20gasfitero%20electricista%20pintor*%20%F0%9F%91%8B%2C%20les%20escribe%20el%20equipo%20de%20*Todo%20Lima*.%0A%0ARevisamos%20su%20destacada%20presencia%20en%20Google%20Maps%20en%20*Los%20Olivos*%20(%E2%AD%90%20*1.0*%20estrellas).%20Notamos%20que%20su%20enlace%20de%20contacto%20actual%20es%20un%20perfil%20de%20*WhatsApp%20Directo*.%0A%0AMuchos%20clientes%20que%20buscan%20servicios%20en%20Google%20prefieren%20una%20web%20r%C3%A1pida%20donde%20ver%20cat%C3%A1logo%2C%20fotos%20y%20tarifas%20sin%20tener%20que%20entrar%20a%20una%20red%20social%20o%20ver%20distracciones%20de%20la%20competencia.%0A%0A%C2%BFLes%20interesar%C3%ADa%20complementar%20su%20WhatsApp%20Directo%20con%20una%20p%C3%A1gina%20web%20oficial%20(*albanil-gasfitero-electricista.gasfiteros.todolima.com*)%20con%20bot%C3%B3n%20directo%20a%20WhatsApp%20y%20presencia%20prioritaria%20en%20Todo%20Lima%3F%0A%0ATenemos%20una%20maqueta%20lista%20para%20mostrarles%20sin%20compromiso.%20%C2%BFSe%20las%20comparto%20por%20este%20medio%3F%20%F0%9F%93%B2"
"Bombas de agua AGUSA mantenimiento",gasfiteros,"La Molina",1,1,906311186,REDESIGN_WEBSITE,bombas-de-agua-agusa-mantenimi.gasfiteros.todolima.com,"https://wa.me/51906311186?text=Hola%20equipo%20de%20*Bombas%20de%20agua%20AGUSA%20mantenimiento*%20%F0%9F%91%8B%2C%20gusto%20en%20saludarlos.%0A%0ALes%20escribimos%20desde%20*Todo%20Lima*.%20Al%20revisar%20a%20los%20referentes%20de%20*La%20Molina*%20(donde%20ustedes%20destacan%20con%20%E2%AD%90%20*1.0*)%2C%20realizamos%20una%20auditor%C3%ADa%20t%C3%A9cnica%20gratuita%20a%20su%20web%20actual%20(*http%3A%2F%2Fwww.bombasdeaguaenlima.net.pe%2F*).%0A%0ADetectamos%20algunos%20puntos%20cr%C3%ADticos%20que%20podr%C3%ADan%20estar%20frenando%20sus%20consultas%3A%0A%E2%80%A2%20El%20servidor%20tard%C3%B3%20m%C3%A1s%20de%204s%20en%20responder%20(Timeout).%20El%20sitio%20est%C3%A1%20pr%C3%A1cticamente%20inoperativo%20para%20usuarios%20m%C3%B3viles.%0A%0A%F0%9F%91%89%20*Dato%20clave%3A*%20El%2065%25%20de%20usuarios%20en%20Lima%20abandonan%20una%20web%20si%20no%20encuentran%20un%20bot%C3%B3n%20flotante%20de%20WhatsApp%20para%20consultar%20en%20el%20momento.%0A%F0%9F%91%89%20*Velocidad%3A*%20Su%20web%20tarda%204.0s%20en%20responder%2C%20cuando%20el%20est%C3%A1ndar%20recomendado%20para%20m%C3%B3viles%20es%20menor%20a%201.5s.%0A%0APodemos%20modernizar%20su%20web%20para%20que%20cargue%20al%20instante%20y%20multiplique%20sus%20contactos%20por%20WhatsApp.%20%C2%BFLes%20gustar%C3%ADa%20que%20les%20enviemos%20el%20reporte%20t%C3%A9cnico%20completo%3F%20%F0%9F%93%8A"
"Taller de llanteria",llanterias,"La Molina",1,1,940554067,NEEDS_WEBSITE,taller-de-llanteria.llanterias.todolima.com,"https://wa.me/51940554067?text=Hola%20equipo%20de%20*Taller%20de%20llanteria*%20%F0%9F%91%8B%2C%20los%20saluda%20el%20equipo%20de%20*Todo%20Lima*%20(todolima.com).%0A%0AVimos%20que%20son%20uno%20de%20los%20negocios%20con%20mejor%20reputaci%C3%B3n%20en%20Google%20Maps%20en%20*La%20Molina*%20(%E2%AD%90%20*1.0*%20con%201%20opiniones)%20%C2%A1Felicitaciones%20por%20tan%20buen%20trabajo!%20%F0%9F%91%8F%0A%0ARevisamos%20su%20ficha%20y%20notamos%20que%20*a%C3%BAn%20no%20cuentan%20con%20una%20p%C3%A1gina%20web%20oficial*%20donde%20sus%20clientes%20puedan%20consultar%20sus%20servicios%20y%20agendar%20directamente%20por%20WhatsApp.%0A%0AEn%20*Todo%20Lima*%20creamos%20landing%20pages%20ultrarr%C3%A1pidas%20pensadas%20para%20negocios%20locales%3A%0A%E2%9C%85%20Subdominio%20verificado%3A%20*taller-de-llanteria.llanterias.todolima.com*%0A%E2%9C%85%20Bot%C3%B3n%20de%20WhatsApp%20directo%20para%20recibir%20pedidos%20y%20citas%20al%20instante%0A%E2%9C%85%20Mapa%20interactivo%20para%20que%20lleguen%20a%20su%20local%20en%20La%20Molina%0A%E2%9C%85%20Carga%20en%20menos%20de%201%20segundo%20en%20celulares%0A%E2%9C%85%20Ficha%20destacada%20en%20el%20directorio%20todolima.com%0A%0APreparamos%20una%20demostraci%C3%B3n%20sin%20costo%20de%20c%C3%B3mo%20se%20ver%C3%ADa%20la%20web%20de%20*Taller%20de%20llanteria*.%20%C2%BFLes%20gustar%C3%ADa%20que%20les%20comparta%20el%20enlace%20de%20prueba%20por%20aqu%C3%AD%3F%20%F0%9F%9A%80"
"L & S Servicios Generales",pintores,"Lima",1,1,962786300,NEEDS_WEBSITE,l-s-servicios-generales.pintores.todolima.com,"https://wa.me/51962786300?text=Hola%20equipo%20de%20*L%20%26%20S%20Servicios%20Generales*%20%F0%9F%91%8B%2C%20los%20saluda%20el%20equipo%20de%20*Todo%20Lima*%20(todolima.com).%0A%0AVimos%20que%20son%20uno%20de%20los%20negocios%20con%20mejor%20reputaci%C3%B3n%20en%20Google%20Maps%20en%20*Lima*%20(%E2%AD%90%20*1.0*%20con%201%20opiniones)%20%C2%A1Felicitaciones%20por%20tan%20buen%20trabajo!%20%F0%9F%91%8F%0A%0ARevisamos%20su%20ficha%20y%20notamos%20que%20*a%C3%BAn%20no%20cuentan%20con%20una%20p%C3%A1gina%20web%20oficial*%20donde%20sus%20clientes%20puedan%20consultar%20sus%20servicios%20y%20agendar%20directamente%20por%20WhatsApp.%0A%0AEn%20*Todo%20Lima*%20creamos%20landing%20pages%20ultrarr%C3%A1pidas%20pensadas%20para%20negocios%20locales%3A%0A%E2%9C%85%20Subdominio%20verificado%3A%20*l-s-servicios-generales.pintores.todolima.com*%0A%E2%9C%85%20Bot%C3%B3n%20de%20WhatsApp%20directo%20para%20recibir%20pedidos%20y%20citas%20al%20instante%0A%E2%9C%85%20Mapa%20interactivo%20para%20que%20lleguen%20a%20su%20local%20en%20Lima%0A%E2%9C%85%20Carga%20en%20menos%20de%201%20segundo%20en%20celulares%0A%E2%9C%85%20Ficha%20destacada%20en%20el%20directorio%20todolima.com%0A%0APreparamos%20una%20demostraci%C3%B3n%20sin%20costo%20de%20c%C3%B3mo%20se%20ver%C3%ADa%20la%20web%20de%20*L%20%26%20S%20Servicios%20Generales*.%20%C2%BFLes%20gustar%C3%ADa%20que%20les%20comparta%20el%20enlace%20de%20prueba%20por%20aqu%C3%AD%3F%20%F0%9F%9A%80"
"Pinturas Cpp Tekno Vencedor.Distribuidor.",pintores,"San Martín de Porres",1,1,995528192,REDESIGN_WEBSITE,pinturas-cpp-tekno-vencedor-di.pintores.todolima.com,"https://wa.me/51995528192?text=Hola%20equipo%20de%20*Pinturas%20Cpp%20Tekno%20Vencedor.Distribuidor.*%20%F0%9F%91%8B%2C%20gusto%20en%20saludarlos.%0A%0ALes%20escribimos%20desde%20*Todo%20Lima*.%20Al%20revisar%20a%20los%20referentes%20de%20*San%20Mart%C3%ADn%20de%20Porres*%20(donde%20ustedes%20destacan%20con%20%E2%AD%90%20*1.0*)%2C%20realizamos%20una%20auditor%C3%ADa%20t%C3%A9cnica%20gratuita%20a%20su%20web%20actual%20(*https%3A%2F%2Fproductoscppteknovencedor.negocio.site%2F*).%0A%0ADetectamos%20algunos%20puntos%20cr%C3%ADticos%20que%20podr%C3%ADan%20estar%20frenando%20sus%20consultas%3A%0A%E2%80%A2%20C%C3%B3digo%20de%20respuesta%20HTTP%20an%C3%B3malo%3A%20404.%0A%E2%80%A2%20No%20tiene%20etiqueta%20viewport%3A%20se%20ve%20diminuto%20y%20roto%20en%20tel%C3%A9fonos%20celulares.%0A%E2%80%A2%20Carece%20de%20meta-descripci%C3%B3n%20optimizada%20para%20b%C3%BAsquedas%20en%20Google.%0A%0A%F0%9F%91%89%20*Dato%20clave%3A*%20El%2065%25%20de%20usuarios%20en%20Lima%20abandonan%20una%20web%20si%20no%20encuentran%20un%20bot%C3%B3n%20flotante%20de%20WhatsApp%20para%20consultar%20en%20el%20momento.%0A%0A%0APodemos%20modernizar%20su%20web%20para%20que%20cargue%20al%20instante%20y%20multiplique%20sus%20contactos%20por%20WhatsApp.%20%C2%BFLes%20gustar%C3%ADa%20que%20les%20enviemos%20el%20reporte%20t%C3%A9cnico%20completo%3F%20%F0%9F%93%8A"
"Cia Inmobiliaria",agentes-inmobiliarios,"Lima",,0,912170855,NEEDS_WEBSITE,cia-inmobiliaria.agentes-inmobiliarios.todolima.com,"https://wa.me/51912170855?text=Hola%20equipo%20de%20*Cia%20Inmobiliaria*%20%F0%9F%91%8B%2C%20los%20saluda%20el%20equipo%20de%20*Todo%20Lima*%20(todolima.com).%0A%0AVimos%20que%20son%20uno%20de%20los%20negocios%20con%20mejor%20reputaci%C3%B3n%20en%20Google%20Maps%20en%20*Lima*%20(%E2%AD%90%20*5.0*%20con%20excelentes%20opiniones)%20%C2%A1Felicitaciones%20por%20tan%20buen%20trabajo!%20%F0%9F%91%8F%0A%0ARevisamos%20su%20ficha%20y%20notamos%20que%20*a%C3%BAn%20no%20cuentan%20con%20una%20p%C3%A1gina%20web%20oficial*%20donde%20sus%20clientes%20puedan%20consultar%20sus%20servicios%20y%20agendar%20directamente%20por%20WhatsApp.%0A%0AEn%20*Todo%20Lima*%20creamos%20landing%20pages%20ultrarr%C3%A1pidas%20pensadas%20para%20negocios%20locales%3A%0A%E2%9C%85%20Subdominio%20verificado%3A%20*cia-inmobiliaria.agentes-inmobiliarios.todolima.com*%0A%E2%9C%85%20Bot%C3%B3n%20de%20WhatsApp%20directo%20para%20recibir%20pedidos%20y%20citas%20al%20instante%0A%E2%9C%85%20Mapa%20interactivo%20para%20que%20lleguen%20a%20su%20local%20en%20Lima%0A%E2%9C%85%20Carga%20en%20menos%20de%201%20segundo%20en%20celulares%0A%E2%9C%85%20Ficha%20destacada%20en%20el%20directorio%20todolima.com%0A%0APreparamos%20una%20demostraci%C3%B3n%20sin%20costo%20de%20c%C3%B3mo%20se%20ver%C3%ADa%20la%20web%20de%20*Cia%20Inmobiliaria*.%20%C2%BFLes%20gustar%C3%ADa%20que%20les%20comparta%20el%20enlace%20de%20prueba%20por%20aqu%C3%AD%3F%20%F0%9F%9A%80"
"Servicio de grúa San Anita",auxilio-mecanico,"Santa Anita",,0,930186545,REDESIGN_WEBSITE,servicio-de-grua-san-anita.auxilio-mecanico.todolima.com,"https://wa.me/51930186545?text=Hola%20equipo%20de%20*Servicio%20de%20gr%C3%BAa%20San%20Anita*%20%F0%9F%91%8B%2C%20gusto%20en%20saludarlos.%0A%0ALes%20escribimos%20desde%20*Todo%20Lima*.%20Al%20revisar%20a%20los%20referentes%20de%20*Santa%20Anita*%20(donde%20ustedes%20destacan%20con%20%E2%AD%90%20*5.0*)%2C%20realizamos%20una%20auditor%C3%ADa%20t%C3%A9cnica%20gratuita%20a%20su%20web%20actual%20(*https%3A%2F%2Fservicio-de-gruas.com%2Fsanta-anita%2F*).%0A%0ADetectamos%20algunos%20puntos%20cr%C3%ADticos%20que%20podr%C3%ADan%20estar%20frenando%20sus%20consultas%3A%0A%E2%80%A2%20C%C3%B3digo%20de%20respuesta%20HTTP%20an%C3%B3malo%3A%20500.%0A%E2%80%A2%20Tiempo%20de%20carga%20lento%20(2627ms).%20En%20m%C3%B3viles%20el%20usuario%20abandona%20tras%203%20segundos.%0A%E2%80%A2%20Carece%20de%20meta-descripci%C3%B3n%20optimizada%20para%20b%C3%BAsquedas%20en%20Google.%0A%0A%F0%9F%91%89%20*Dato%20clave%3A*%20El%2065%25%20de%20usuarios%20en%20Lima%20abandonan%20una%20web%20si%20no%20encuentran%20un%20bot%C3%B3n%20flotante%20de%20WhatsApp%20para%20consultar%20en%20el%20momento.%0A%0A%0APodemos%20modernizar%20su%20web%20para%20que%20cargue%20al%20instante%20y%20multiplique%20sus%20contactos%20por%20WhatsApp.%20%C2%BFLes%20gustar%C3%ADa%20que%20les%20enviemos%20el%20reporte%20t%C3%A9cnico%20completo%3F%20%F0%9F%93%8A"
"Corporación LOAYZA trabajos en madera y melamina",carpinteros,"Lima",,0,980414385,NEEDS_WEBSITE,corporacion-loayza-trabajos-en.carpinteros.todolima.com,"https://wa.me/51980414385?text=Hola%20equipo%20de%20*Corporaci%C3%B3n%20LOAYZA%20trabajos%20en%20madera%20y%20melamina*%20%F0%9F%91%8B%2C%20los%20saluda%20el%20equipo%20de%20*Todo%20Lima*%20(todolima.com).%0A%0AVimos%20que%20son%20uno%20de%20los%20negocios%20con%20mejor%20reputaci%C3%B3n%20en%20Google%20Maps%20en%20*Lima*%20(%E2%AD%90%20*5.0*%20con%20excelentes%20opiniones)%20%C2%A1Felicitaciones%20por%20tan%20buen%20trabajo!%20%F0%9F%91%8F%0A%0ARevisamos%20su%20ficha%20y%20notamos%20que%20*a%C3%BAn%20no%20cuentan%20con%20una%20p%C3%A1gina%20web%20oficial*%20donde%20sus%20clientes%20puedan%20consultar%20sus%20servicios%20y%20agendar%20directamente%20por%20WhatsApp.%0A%0AEn%20*Todo%20Lima*%20creamos%20landing%20pages%20ultrarr%C3%A1pidas%20pensadas%20para%20negocios%20locales%3A%0A%E2%9C%85%20Subdominio%20verificado%3A%20*corporacion-loayza-trabajos-en.carpinteros.todolima.com*%0A%E2%9C%85%20Bot%C3%B3n%20de%20WhatsApp%20directo%20para%20recibir%20pedidos%20y%20citas%20al%20instante%0A%E2%9C%85%20Mapa%20interactivo%20para%20que%20lleguen%20a%20su%20local%20en%20Lima%0A%E2%9C%85%20Carga%20en%20menos%20de%201%20segundo%20en%20celulares%0A%E2%9C%85%20Ficha%20destacada%20en%20el%20directorio%20todolima.com%0A%0APreparamos%20una%20demostraci%C3%B3n%20sin%20costo%20de%20c%C3%B3mo%20se%20ver%C3%ADa%20la%20web%20de%20*Corporaci%C3%B3n%20LOAYZA%20trabajos%20en%20madera%20y%20melamina*.%20%C2%BFLes%20gustar%C3%ADa%20que%20les%20comparta%20el%20enlace%20de%20prueba%20por%20aqu%C3%AD%3F%20%F0%9F%9A%80"
"Sermetur servicios metalicos Ureta",carpinteros,"Ate",,0,989941683,REDESIGN_WEBSITE,sermetur-servicios-metalicos-u.carpinteros.todolima.com,"https://wa.me/51989941683?text=Hola%20equipo%20de%20*Sermetur%20servicios%20metalicos%20Ureta*%20%F0%9F%91%8B%2C%20gusto%20en%20saludarlos.%0A%0ALes%20escribimos%20desde%20*Todo%20Lima*.%20Al%20revisar%20a%20los%20referentes%20de%20*Ate*%20(donde%20ustedes%20destacan%20con%20%E2%AD%90%20*5.0*)%2C%20realizamos%20una%20auditor%C3%ADa%20t%C3%A9cnica%20gratuita%20a%20su%20web%20actual%20(*https%3A%2F%2Fsermetur-servicios-metalicos-ureta.ueniweb.com%2F%3Futm_campaign%3Dgmb*).%0A%0ADetectamos%20algunos%20puntos%20cr%C3%ADticos%20que%20podr%C3%ADan%20estar%20frenando%20sus%20consultas%3A%0A%E2%80%A2%20Sin%20etiqueta%20de%20t%C3%ADtulo%20principal%20H1%20para%20posicionamiento%20org%C3%A1nico.%0A%E2%80%A2%20No%20tiene%20bot%C3%B3n%20directo%20a%20WhatsApp%20(pierde%20hasta%2060%25%20de%20contactos%20en%20Lima).%0A%E2%80%A2%20Tel%C3%A9fono%20en%20texto%20plano%3A%20el%20cliente%20no%20puede%20llamar%20con%20un%20solo%20toque%20desde%20el%20celular.%0A%0A%F0%9F%91%89%20*Dato%20clave%3A*%20El%2065%25%20de%20usuarios%20en%20Lima%20abandonan%20una%20web%20si%20no%20encuentran%20un%20bot%C3%B3n%20flotante%20de%20WhatsApp%20para%20consultar%20en%20el%20momento.%0A%0A%0APodemos%20modernizar%20su%20web%20para%20que%20cargue%20al%20instante%20y%20multiplique%20sus%20contactos%20por%20WhatsApp.%20%C2%BFLes%20gustar%C3%ADa%20que%20les%20enviemos%20el%20reporte%20t%C3%A9cnico%20completo%3F%20%F0%9F%93%8A"
"M&M Construcciones Generales",carpinteros,"Lima",,0,964743274,REDESIGN_WEBSITE,m-m-construcciones-generales.carpinteros.todolima.com,"https://wa.me/51964743274?text=Hola%20equipo%20de%20*M%26M%20Construcciones%20Generales*%20%F0%9F%91%8B%2C%20gusto%20en%20saludarlos.%0A%0ALes%20escribimos%20desde%20*Todo%20Lima*.%20Al%20revisar%20a%20los%20referentes%20de%20*Lima*%20(donde%20ustedes%20destacan%20con%20%E2%AD%90%20*5.0*)%2C%20realizamos%20una%20auditor%C3%ADa%20t%C3%A9cnica%20gratuita%20a%20su%20web%20actual%20(*http%3A%2F%2Fwww.construccionesgenerales.com.pe%2F*).%0A%0ADetectamos%20algunos%20puntos%20cr%C3%ADticos%20que%20podr%C3%ADan%20estar%20frenando%20sus%20consultas%3A%0A%E2%80%A2%20Tiempo%20de%20carga%20lento%20(3185ms).%20En%20m%C3%B3viles%20el%20usuario%20abandona%20tras%203%20segundos.%0A%E2%80%A2%20Carece%20de%20meta-descripci%C3%B3n%20optimizada%20para%20b%C3%BAsquedas%20en%20Google.%0A%E2%80%A2%20Sin%20etiqueta%20de%20t%C3%ADtulo%20principal%20H1%20para%20posicionamiento%20org%C3%A1nico.%0A%0A%F0%9F%91%89%20*Dato%20clave%3A*%20El%2065%25%20de%20usuarios%20en%20Lima%20abandonan%20una%20web%20si%20no%20encuentran%20un%20bot%C3%B3n%20flotante%20de%20WhatsApp%20para%20consultar%20en%20el%20momento.%0A%F0%9F%91%89%20*Velocidad%3A*%20Su%20web%20tarda%203.2s%20en%20responder%2C%20cuando%20el%20est%C3%A1ndar%20recomendado%20para%20m%C3%B3viles%20es%20menor%20a%201.5s.%0A%0APodemos%20modernizar%20su%20web%20para%20que%20cargue%20al%20instante%20y%20multiplique%20sus%20contactos%20por%20WhatsApp.%20%C2%BFLes%20gustar%C3%ADa%20que%20les%20enviemos%20el%20reporte%20t%C3%A9cnico%20completo%3F%20%F0%9F%93%8A"
"ZSM inversiones",carpinteros,"Ate",,0,995577336,NEEDS_WEBSITE,zsm-inversiones.carpinteros.todolima.com,"https://wa.me/51995577336?text=Hola%20equipo%20de%20*ZSM%20inversiones*%20%F0%9F%91%8B%2C%20los%20saluda%20el%20equipo%20de%20*Todo%20Lima*%20(todolima.com).%0A%0AVimos%20que%20son%20uno%20de%20los%20negocios%20con%20mejor%20reputaci%C3%B3n%20en%20Google%20Maps%20en%20*Ate*%20(%E2%AD%90%20*5.0*%20con%20excelentes%20opiniones)%20%C2%A1Felicitaciones%20por%20tan%20buen%20trabajo!%20%F0%9F%91%8F%0A%0ARevisamos%20su%20ficha%20y%20notamos%20que%20*a%C3%BAn%20no%20cuentan%20con%20una%20p%C3%A1gina%20web%20oficial*%20donde%20sus%20clientes%20puedan%20consultar%20sus%20servicios%20y%20agendar%20directamente%20por%20WhatsApp.%0A%0AEn%20*Todo%20Lima*%20creamos%20landing%20pages%20ultrarr%C3%A1pidas%20pensadas%20para%20negocios%20locales%3A%0A%E2%9C%85%20Subdominio%20verificado%3A%20*zsm-inversiones.carpinteros.todolima.com*%0A%E2%9C%85%20Bot%C3%B3n%20de%20WhatsApp%20directo%20para%20recibir%20pedidos%20y%20citas%20al%20instante%0A%E2%9C%85%20Mapa%20interactivo%20para%20que%20lleguen%20a%20su%20local%20en%20Ate%0A%E2%9C%85%20Carga%20en%20menos%20de%201%20segundo%20en%20celulares%0A%E2%9C%85%20Ficha%20destacada%20en%20el%20directorio%20todolima.com%0A%0APreparamos%20una%20demostraci%C3%B3n%20sin%20costo%20de%20c%C3%B3mo%20se%20ver%C3%ADa%20la%20web%20de%20*ZSM%20inversiones*.%20%C2%BFLes%20gustar%C3%ADa%20que%20les%20comparta%20el%20enlace%20de%20prueba%20por%20aqu%C3%AD%3F%20%F0%9F%9A%80"
"CARPINTERÍA PACOMBIA",carpinteros,"Lima",,0,992603498,NEEDS_WEBSITE,carpinteria-pacombia.carpinteros.todolima.com,"https://wa.me/51992603498?text=Hola%20equipo%20de%20*CARPINTER%C3%8DA%20PACOMBIA*%20%F0%9F%91%8B%2C%20los%20saluda%20el%20equipo%20de%20*Todo%20Lima*%20(todolima.com).%0A%0AVimos%20que%20son%20uno%20de%20los%20negocios%20con%20mejor%20reputaci%C3%B3n%20en%20Google%20Maps%20en%20*Lima*%20(%E2%AD%90%20*5.0*%20con%20excelentes%20opiniones)%20%C2%A1Felicitaciones%20por%20tan%20buen%20trabajo!%20%F0%9F%91%8F%0A%0ARevisamos%20su%20ficha%20y%20notamos%20que%20*a%C3%BAn%20no%20cuentan%20con%20una%20p%C3%A1gina%20web%20oficial*%20donde%20sus%20clientes%20puedan%20consultar%20sus%20servicios%20y%20agendar%20directamente%20por%20WhatsApp.%0A%0AEn%20*Todo%20Lima*%20creamos%20landing%20pages%20ultrarr%C3%A1pidas%20pensadas%20para%20negocios%20locales%3A%0A%E2%9C%85%20Subdominio%20verificado%3A%20*carpinteria-pacombia.carpinteros.todolima.com*%0A%E2%9C%85%20Bot%C3%B3n%20de%20WhatsApp%20directo%20para%20recibir%20pedidos%20y%20citas%20al%20instante%0A%E2%9C%85%20Mapa%20interactivo%20para%20que%20lleguen%20a%20su%20local%20en%20Lima%0A%E2%9C%85%20Carga%20en%20menos%20de%201%20segundo%20en%20celulares%0A%E2%9C%85%20Ficha%20destacada%20en%20el%20directorio%20todolima.com%0A%0APreparamos%20una%20demostraci%C3%B3n%20sin%20costo%20de%20c%C3%B3mo%20se%20ver%C3%ADa%20la%20web%20de%20*CARPINTER%C3%8DA%20PACOMBIA*.%20%C2%BFLes%20gustar%C3%ADa%20que%20les%20comparta%20el%20enlace%20de%20prueba%20por%20aqu%C3%AD%3F%20%F0%9F%9A%80"
"Carpintería y Ebanistería ""YENNER""",carpinteros,"Lima",,0,992949321,NEEDS_WEBSITE,carpinteria-y-ebanisteria-yenn.carpinteros.todolima.com,"https://wa.me/51992949321?text=Hola%20equipo%20de%20*Carpinter%C3%ADa%20y%20Ebanister%C3%ADa%20%22YENNER%22*%20%F0%9F%91%8B%2C%20los%20saluda%20el%20equipo%20de%20*Todo%20Lima*%20(todolima.com).%0A%0AVimos%20que%20son%20uno%20de%20los%20negocios%20con%20mejor%20reputaci%C3%B3n%20en%20Google%20Maps%20en%20*Lima*%20(%E2%AD%90%20*5.0*%20con%20excelentes%20opiniones)%20%C2%A1Felicitaciones%20por%20tan%20buen%20trabajo!%20%F0%9F%91%8F%0A%0ARevisamos%20su%20ficha%20y%20notamos%20que%20*a%C3%BAn%20no%20cuentan%20con%20una%20p%C3%A1gina%20web%20oficial*%20donde%20sus%20clientes%20puedan%20consultar%20sus%20servicios%20y%20agendar%20directamente%20por%20WhatsApp.%0A%0AEn%20*Todo%20Lima*%20creamos%20landing%20pages%20ultrarr%C3%A1pidas%20pensadas%20para%20negocios%20locales%3A%0A%E2%9C%85%20Subdominio%20verificado%3A%20*carpinteria-y-ebanisteria-yenn.carpinteros.todolima.com*%0A%E2%9C%85%20Bot%C3%B3n%20de%20WhatsApp%20directo%20para%20recibir%20pedidos%20y%20citas%20al%20instante%0A%E2%9C%85%20Mapa%20interactivo%20para%20que%20lleguen%20a%20su%20local%20en%20Lima%0A%E2%9C%85%20Carga%20en%20menos%20de%201%20segundo%20en%20celulares%0A%E2%9C%85%20Ficha%20destacada%20en%20el%20directorio%20todolima.com%0A%0APreparamos%20una%20demostraci%C3%B3n%20sin%20costo%20de%20c%C3%B3mo%20se%20ver%C3%ADa%20la%20web%20de%20*Carpinter%C3%ADa%20y%20Ebanister%C3%ADa%20%22YENNER%22*.%20%C2%BFLes%20gustar%C3%ADa%20que%20les%20comparta%20el%20enlace%20de%20prueba%20por%20aqu%C3%AD%3F%20%F0%9F%9A%80"
"Ebanisteria Pepe",carpinteros,"Ate",,0,974776142,NEEDS_WEBSITE,ebanisteria-pepe.carpinteros.todolima.com,"https://wa.me/51974776142?text=Hola%20equipo%20de%20*Ebanisteria%20Pepe*%20%F0%9F%91%8B%2C%20los%20saluda%20el%20equipo%20de%20*Todo%20Lima*%20(todolima.com).%0A%0AVimos%20que%20son%20uno%20de%20los%20negocios%20con%20mejor%20reputaci%C3%B3n%20en%20Google%20Maps%20en%20*Ate*%20(%E2%AD%90%20*5.0*%20con%20excelentes%20opiniones)%20%C2%A1Felicitaciones%20por%20tan%20buen%20trabajo!%20%F0%9F%91%8F%0A%0ARevisamos%20su%20ficha%20y%20notamos%20que%20*a%C3%BAn%20no%20cuentan%20con%20una%20p%C3%A1gina%20web%20oficial*%20donde%20sus%20clientes%20puedan%20consultar%20sus%20servicios%20y%20agendar%20directamente%20por%20WhatsApp.%0A%0AEn%20*Todo%20Lima*%20creamos%20landing%20pages%20ultrarr%C3%A1pidas%20pensadas%20para%20negocios%20locales%3A%0A%E2%9C%85%20Subdominio%20verificado%3A%20*ebanisteria-pepe.carpinteros.todolima.com*%0A%E2%9C%85%20Bot%C3%B3n%20de%20WhatsApp%20directo%20para%20recibir%20pedidos%20y%20citas%20al%20instante%0A%E2%9C%85%20Mapa%20interactivo%20para%20que%20lleguen%20a%20su%20local%20en%20Ate%0A%E2%9C%85%20Carga%20en%20menos%20de%201%20segundo%20en%20celulares%0A%E2%9C%85%20Ficha%20destacada%20en%20el%20directorio%20todolima.com%0A%0APreparamos%20una%20demostraci%C3%B3n%20sin%20costo%20de%20c%C3%B3mo%20se%20ver%C3%ADa%20la%20web%20de%20*Ebanisteria%20Pepe*.%20%C2%BFLes%20gustar%C3%ADa%20que%20les%20comparta%20el%20enlace%20de%20prueba%20por%20aqu%C3%AD%3F%20%F0%9F%9A%80"
"G&R FORESTAL EIRL",carpinteros,"Lima",,0,917534610,NEEDS_WEBSITE,g-r-forestal-eirl.carpinteros.todolima.com,"https://wa.me/51917534610?text=Hola%20equipo%20de%20*G%26R%20FORESTAL%20EIRL*%20%F0%9F%91%8B%2C%20los%20saluda%20el%20equipo%20de%20*Todo%20Lima*%20(todolima.com).%0A%0AVimos%20que%20son%20uno%20de%20los%20negocios%20con%20mejor%20reputaci%C3%B3n%20en%20Google%20Maps%20en%20*Lima*%20(%E2%AD%90%20*5.0*%20con%20excelentes%20opiniones)%20%C2%A1Felicitaciones%20por%20tan%20buen%20trabajo!%20%F0%9F%91%8F%0A%0ARevisamos%20su%20ficha%20y%20notamos%20que%20*a%C3%BAn%20no%20cuentan%20con%20una%20p%C3%A1gina%20web%20oficial*%20donde%20sus%20clientes%20puedan%20consultar%20sus%20servicios%20y%20agendar%20directamente%20por%20WhatsApp.%0A%0AEn%20*Todo%20Lima*%20creamos%20landing%20pages%20ultrarr%C3%A1pidas%20pensadas%20para%20negocios%20locales%3A%0A%E2%9C%85%20Subdominio%20verificado%3A%20*g-r-forestal-eirl.carpinteros.todolima.com*%0A%E2%9C%85%20Bot%C3%B3n%20de%20WhatsApp%20directo%20para%20recibir%20pedidos%20y%20citas%20al%20instante%0A%E2%9C%85%20Mapa%20interactivo%20para%20que%20lleguen%20a%20su%20local%20en%20Lima%0A%E2%9C%85%20Carga%20en%20menos%20de%201%20segundo%20en%20celulares%0A%E2%9C%85%20Ficha%20destacada%20en%20el%20directorio%20todolima.com%0A%0APreparamos%20una%20demostraci%C3%B3n%20sin%20costo%20de%20c%C3%B3mo%20se%20ver%C3%ADa%20la%20web%20de%20*G%26R%20FORESTAL%20EIRL*.%20%C2%BFLes%20gustar%C3%ADa%20que%20les%20comparta%20el%20enlace%20de%20prueba%20por%20aqu%C3%AD%3F%20%F0%9F%9A%80"
"Puertas Y Chapas",carpinteros,"Lima",,0,901760995,NEEDS_WEBSITE,puertas-y-chapas.carpinteros.todolima.com,"https://wa.me/51901760995?text=Hola%20equipo%20de%20*Puertas%20Y%20Chapas*%20%F0%9F%91%8B%2C%20los%20saluda%20el%20equipo%20de%20*Todo%20Lima*%20(todolima.com).%0A%0AVimos%20que%20son%20uno%20de%20los%20negocios%20con%20mejor%20reputaci%C3%B3n%20en%20Google%20Maps%20en%20*Lima*%20(%E2%AD%90%20*5.0*%20con%20excelentes%20opiniones)%20%C2%A1Felicitaciones%20por%20tan%20buen%20trabajo!%20%F0%9F%91%8F%0A%0ARevisamos%20su%20ficha%20y%20notamos%20que%20*a%C3%BAn%20no%20cuentan%20con%20una%20p%C3%A1gina%20web%20oficial*%20donde%20sus%20clientes%20puedan%20consultar%20sus%20servicios%20y%20agendar%20directamente%20por%20WhatsApp.%0A%0AEn%20*Todo%20Lima*%20creamos%20landing%20pages%20ultrarr%C3%A1pidas%20pensadas%20para%20negocios%20locales%3A%0A%E2%9C%85%20Subdominio%20verificado%3A%20*puertas-y-chapas.carpinteros.todolima.com*%0A%E2%9C%85%20Bot%C3%B3n%20de%20WhatsApp%20directo%20para%20recibir%20pedidos%20y%20citas%20al%20instante%0A%E2%9C%85%20Mapa%20interactivo%20para%20que%20lleguen%20a%20su%20local%20en%20Lima%0A%E2%9C%85%20Carga%20en%20menos%20de%201%20segundo%20en%20celulares%0A%E2%9C%85%20Ficha%20destacada%20en%20el%20directorio%20todolima.com%0A%0APreparamos%20una%20demostraci%C3%B3n%20sin%20costo%20de%20c%C3%B3mo%20se%20ver%C3%ADa%20la%20web%20de%20*Puertas%20Y%20Chapas*.%20%C2%BFLes%20gustar%C3%ADa%20que%20les%20comparta%20el%20enlace%20de%20prueba%20por%20aqu%C3%AD%3F%20%F0%9F%9A%80"
"MELAMINA Y ACCESORIOS CAMILA",carpinteros,"Lima",,0,973505906,NEEDS_WEBSITE,melamina-y-accesorios-camila.carpinteros.todolima.com,"https://wa.me/51973505906?text=Hola%20equipo%20de%20*MELAMINA%20Y%20ACCESORIOS%20CAMILA*%20%F0%9F%91%8B%2C%20los%20saluda%20el%20equipo%20de%20*Todo%20Lima*%20(todolima.com).%0A%0AVimos%20que%20son%20uno%20de%20los%20negocios%20con%20mejor%20reputaci%C3%B3n%20en%20Google%20Maps%20en%20*Lima*%20(%E2%AD%90%20*5.0*%20con%20excelentes%20opiniones)%20%C2%A1Felicitaciones%20por%20tan%20buen%20trabajo!%20%F0%9F%91%8F%0A%0ARevisamos%20su%20ficha%20y%20notamos%20que%20*a%C3%BAn%20no%20cuentan%20con%20una%20p%C3%A1gina%20web%20oficial*%20donde%20sus%20clientes%20puedan%20consultar%20sus%20servicios%20y%20agendar%20directamente%20por%20WhatsApp.%0A%0AEn%20*Todo%20Lima*%20creamos%20landing%20pages%20ultrarr%C3%A1pidas%20pensadas%20para%20negocios%20locales%3A%0A%E2%9C%85%20Subdominio%20verificado%3A%20*melamina-y-accesorios-camila.carpinteros.todolima.com*%0A%E2%9C%85%20Bot%C3%B3n%20de%20WhatsApp%20directo%20para%20recibir%20pedidos%20y%20citas%20al%20instante%0A%E2%9C%85%20Mapa%20interactivo%20para%20que%20lleguen%20a%20su%20local%20en%20Lima%0A%E2%9C%85%20Carga%20en%20menos%20de%201%20segundo%20en%20celulares%0A%E2%9C%85%20Ficha%20destacada%20en%20el%20directorio%20todolima.com%0A%0APreparamos%20una%20demostraci%C3%B3n%20sin%20costo%20de%20c%C3%B3mo%20se%20ver%C3%ADa%20la%20web%20de%20*MELAMINA%20Y%20ACCESORIOS%20CAMILA*.%20%C2%BFLes%20gustar%C3%ADa%20que%20les%20comparta%20el%20enlace%20de%20prueba%20por%20aqu%C3%AD%3F%20%F0%9F%9A%80"
"Carpinteros en Lima",carpinteros,"Lima",,0,913000738,NEEDS_WEBSITE,carpinteros-en-lima.carpinteros.todolima.com,"https://wa.me/51913000738?text=Hola%20equipo%20de%20*Carpinteros%20en%20Lima*%20%F0%9F%91%8B%2C%20los%20saluda%20el%20equipo%20de%20*Todo%20Lima*%20(todolima.com).%0A%0AVimos%20que%20son%20uno%20de%20los%20negocios%20con%20mejor%20reputaci%C3%B3n%20en%20Google%20Maps%20en%20*Lima*%20(%E2%AD%90%20*5.0*%20con%20excelentes%20opiniones)%20%C2%A1Felicitaciones%20por%20tan%20buen%20trabajo!%20%F0%9F%91%8F%0A%0ARevisamos%20su%20ficha%20y%20notamos%20que%20*a%C3%BAn%20no%20cuentan%20con%20una%20p%C3%A1gina%20web%20oficial*%20donde%20sus%20clientes%20puedan%20consultar%20sus%20servicios%20y%20agendar%20directamente%20por%20WhatsApp.%0A%0AEn%20*Todo%20Lima*%20creamos%20landing%20pages%20ultrarr%C3%A1pidas%20pensadas%20para%20negocios%20locales%3A%0A%E2%9C%85%20Subdominio%20verificado%3A%20*carpinteros-en-lima.carpinteros.todolima.com*%0A%E2%9C%85%20Bot%C3%B3n%20de%20WhatsApp%20directo%20para%20recibir%20pedidos%20y%20citas%20al%20instante%0A%E2%9C%85%20Mapa%20interactivo%20para%20que%20lleguen%20a%20su%20local%20en%20Lima%0A%E2%9C%85%20Carga%20en%20menos%20de%201%20segundo%20en%20celulares%0A%E2%9C%85%20Ficha%20destacada%20en%20el%20directorio%20todolima.com%0A%0APreparamos%20una%20demostraci%C3%B3n%20sin%20costo%20de%20c%C3%B3mo%20se%20ver%C3%ADa%20la%20web%20de%20*Carpinteros%20en%20Lima*.%20%C2%BFLes%20gustar%C3%ADa%20que%20les%20comparta%20el%20enlace%20de%20prueba%20por%20aqu%C3%AD%3F%20%F0%9F%9A%80"
"Huellitas House",carpinteros,"Lima",,0,910894558,REDESIGN_WEBSITE,huellitas-house.carpinteros.todolima.com,"https://wa.me/51910894558?text=Hola%20equipo%20de%20*Huellitas%20House*%20%F0%9F%91%8B%2C%20gusto%20en%20saludarlos.%0A%0ALes%20escribimos%20desde%20*Todo%20Lima*.%20Al%20revisar%20a%20los%20referentes%20de%20*Lima*%20(donde%20ustedes%20destacan%20con%20%E2%AD%90%20*5.0*)%2C%20realizamos%20una%20auditor%C3%ADa%20t%C3%A9cnica%20gratuita%20a%20su%20web%20actual%20(*https%3A%2F%2Fhuellitas-house.ueniweb.com%2F%3Futm_campaign%3Dgmb*).%0A%0ADetectamos%20algunos%20puntos%20cr%C3%ADticos%20que%20podr%C3%ADan%20estar%20frenando%20sus%20consultas%3A%0A%E2%80%A2%20Sin%20etiqueta%20de%20t%C3%ADtulo%20principal%20H1%20para%20posicionamiento%20org%C3%A1nico.%0A%E2%80%A2%20No%20tiene%20bot%C3%B3n%20directo%20a%20WhatsApp%20(pierde%20hasta%2060%25%20de%20contactos%20en%20Lima).%0A%E2%80%A2%20Tel%C3%A9fono%20en%20texto%20plano%3A%20el%20cliente%20no%20puede%20llamar%20con%20un%20solo%20toque%20desde%20el%20celular.%0A%0A%F0%9F%91%89%20*Dato%20clave%3A*%20El%2065%25%20de%20usuarios%20en%20Lima%20abandonan%20una%20web%20si%20no%20encuentran%20un%20bot%C3%B3n%20flotante%20de%20WhatsApp%20para%20consultar%20en%20el%20momento.%0A%0A%0APodemos%20modernizar%20su%20web%20para%20que%20cargue%20al%20instante%20y%20multiplique%20sus%20contactos%20por%20WhatsApp.%20%C2%BFLes%20gustar%C3%ADa%20que%20les%20enviemos%20el%20reporte%20t%C3%A9cnico%20completo%3F%20%F0%9F%93%8A"
"carpinteria alfaro",carpinteros,"San Juan de Lurigancho",,0,916668950,NEEDS_WEBSITE,carpinteria-alfaro.carpinteros.todolima.com,"https://wa.me/51916668950?text=Hola%20equipo%20de%20*carpinteria%20alfaro*%20%F0%9F%91%8B%2C%20los%20saluda%20el%20equipo%20de%20*Todo%20Lima*%20(todolima.com).%0A%0AVimos%20que%20son%20uno%20de%20los%20negocios%20con%20mejor%20reputaci%C3%B3n%20en%20Google%20Maps%20en%20*San%20Juan%20de%20Lurigancho*%20(%E2%AD%90%20*5.0*%20con%20excelentes%20opiniones)%20%C2%A1Felicitaciones%20por%20tan%20buen%20trabajo!%20%F0%9F%91%8F%0A%0ARevisamos%20su%20ficha%20y%20notamos%20que%20*a%C3%BAn%20no%20cuentan%20con%20una%20p%C3%A1gina%20web%20oficial*%20donde%20sus%20clientes%20puedan%20consultar%20sus%20servicios%20y%20agendar%20directamente%20por%20WhatsApp.%0A%0AEn%20*Todo%20Lima*%20creamos%20landing%20pages%20ultrarr%C3%A1pidas%20pensadas%20para%20negocios%20locales%3A%0A%E2%9C%85%20Subdominio%20verificado%3A%20*carpinteria-alfaro.carpinteros.todolima.com*%0A%E2%9C%85%20Bot%C3%B3n%20de%20WhatsApp%20directo%20para%20recibir%20pedidos%20y%20citas%20al%20instante%0A%E2%9C%85%20Mapa%20interactivo%20para%20que%20lleguen%20a%20su%20local%20en%20San%20Juan%20de%20Lurigancho%0A%E2%9C%85%20Carga%20en%20menos%20de%201%20segundo%20en%20celulares%0A%E2%9C%85%20Ficha%20destacada%20en%20el%20directorio%20todolima.com%0A%0APreparamos%20una%20demostraci%C3%B3n%20sin%20costo%20de%20c%C3%B3mo%20se%20ver%C3%ADa%20la%20web%20de%20*carpinteria%20alfaro*.%20%C2%BFLes%20gustar%C3%ADa%20que%20les%20comparta%20el%20enlace%20de%20prueba%20por%20aqu%C3%AD%3F%20%F0%9F%9A%80"
"carpinteria ebanisteria makichacas.sac",carpinteros,"Lima",,0,994468295,UPGRADE_SOCIAL,carpinteria-ebanisteria-makich.carpinteros.todolima.com,"https://wa.me/51994468295?text=Hola%20equipo%20de%20*carpinteria%20ebanisteria%20makichacas.sac*%20%F0%9F%91%8B%2C%20les%20escribe%20el%20equipo%20de%20*Todo%20Lima*.%0A%0ARevisamos%20su%20destacada%20presencia%20en%20Google%20Maps%20en%20*Lima*%20(%E2%AD%90%20*5.0*%20estrellas).%20Notamos%20que%20su%20enlace%20de%20contacto%20actual%20es%20un%20perfil%20de%20*Facebook*.%0A%0AMuchos%20clientes%20que%20buscan%20servicios%20en%20Google%20prefieren%20una%20web%20r%C3%A1pida%20donde%20ver%20cat%C3%A1logo%2C%20fotos%20y%20tarifas%20sin%20tener%20que%20entrar%20a%20una%20red%20social%20o%20ver%20distracciones%20de%20la%20competencia.%0A%0A%C2%BFLes%20interesar%C3%ADa%20complementar%20su%20Facebook%20con%20una%20p%C3%A1gina%20web%20oficial%20(*carpinteria-ebanisteria-makich.carpinteros.todolima.com*)%20con%20bot%C3%B3n%20directo%20a%20WhatsApp%20y%20presencia%20prioritaria%20en%20Todo%20Lima%3F%0A%0ATenemos%20una%20maqueta%20lista%20para%20mostrarles%20sin%20compromiso.%20%C2%BFSe%20las%20comparto%20por%20este%20medio%3F%20%F0%9F%93%B2"
"TEMP Maderas Perú",carpinteros,"Lima",,0,959419795,REDESIGN_WEBSITE,temp-maderas-peru.carpinteros.todolima.com,"https://wa.me/51959419795?text=Hola%20equipo%20de%20*TEMP%20Maderas%20Per%C3%BA*%20%F0%9F%91%8B%2C%20gusto%20en%20saludarlos.%0A%0ALes%20escribimos%20desde%20*Todo%20Lima*.%20Al%20revisar%20a%20los%20referentes%20de%20*Lima*%20(donde%20ustedes%20destacan%20con%20%E2%AD%90%20*5.0*)%2C%20realizamos%20una%20auditor%C3%ADa%20t%C3%A9cnica%20gratuita%20a%20su%20web%20actual%20(*https%3A%2F%2Ftemp-maderas-peru.ueniweb.com%2F%3Futm_campaign%3Dgmb*).%0A%0ADetectamos%20algunos%20puntos%20cr%C3%ADticos%20que%20podr%C3%ADan%20estar%20frenando%20sus%20consultas%3A%0A%E2%80%A2%20Sin%20etiqueta%20de%20t%C3%ADtulo%20principal%20H1%20para%20posicionamiento%20org%C3%A1nico.%0A%E2%80%A2%20No%20tiene%20bot%C3%B3n%20directo%20a%20WhatsApp%20(pierde%20hasta%2060%25%20de%20contactos%20en%20Lima).%0A%E2%80%A2%20Tel%C3%A9fono%20en%20texto%20plano%3A%20el%20cliente%20no%20puede%20llamar%20con%20un%20solo%20toque%20desde%20el%20celular.%0A%0A%F0%9F%91%89%20*Dato%20clave%3A*%20El%2065%25%20de%20usuarios%20en%20Lima%20abandonan%20una%20web%20si%20no%20encuentran%20un%20bot%C3%B3n%20flotante%20de%20WhatsApp%20para%20consultar%20en%20el%20momento.%0A%0A%0APodemos%20modernizar%20su%20web%20para%20que%20cargue%20al%20instante%20y%20multiplique%20sus%20contactos%20por%20WhatsApp.%20%C2%BFLes%20gustar%C3%ADa%20que%20les%20enviemos%20el%20reporte%20t%C3%A9cnico%20completo%3F%20%F0%9F%93%8A"
"carpinteria y ebanisteria "" REN&BERT """,carpinteros,"Santiago de Surco",,0,984507167,REDESIGN_WEBSITE,carpinteria-y-ebanisteria-ren-.carpinteros.todolima.com,"https://wa.me/51984507167?text=Hola%20equipo%20de%20*carpinteria%20y%20ebanisteria%20%22%20REN%26BERT%20%22*%20%F0%9F%91%8B%2C%20gusto%20en%20saludarlos.%0A%0ALes%20escribimos%20desde%20*Todo%20Lima*.%20Al%20revisar%20a%20los%20referentes%20de%20*Santiago%20de%20Surco*%20(donde%20ustedes%20destacan%20con%20%E2%AD%90%20*5.0*)%2C%20realizamos%20una%20auditor%C3%ADa%20t%C3%A9cnica%20gratuita%20a%20su%20web%20actual%20(*http%3A%2F%2Fcarpinteriarenbert2020.wordpress.com%2F*).%0A%0ADetectamos%20algunos%20puntos%20cr%C3%ADticos%20que%20podr%C3%ADan%20estar%20frenando%20sus%20consultas%3A%0A%E2%80%A2%20Carece%20de%20meta-descripci%C3%B3n%20optimizada%20para%20b%C3%BAsquedas%20en%20Google.%0A%E2%80%A2%20Sin%20etiqueta%20de%20t%C3%ADtulo%20principal%20H1%20para%20posicionamiento%20org%C3%A1nico.%0A%E2%80%A2%20No%20tiene%20bot%C3%B3n%20directo%20a%20WhatsApp%20(pierde%20hasta%2060%25%20de%20contactos%20en%20Lima).%0A%0A%F0%9F%91%89%20*Dato%20clave%3A*%20El%2065%25%20de%20usuarios%20en%20Lima%20abandonan%20una%20web%20si%20no%20encuentran%20un%20bot%C3%B3n%20flotante%20de%20WhatsApp%20para%20consultar%20en%20el%20momento.%0A%0A%0APodemos%20modernizar%20su%20web%20para%20que%20cargue%20al%20instante%20y%20multiplique%20sus%20contactos%20por%20WhatsApp.%20%C2%BFLes%20gustar%C3%ADa%20que%20les%20enviemos%20el%20reporte%20t%C3%A9cnico%20completo%3F%20%F0%9F%93%8A"
"Carpintería y melamine ""Walter junior""",carpinteros,"Lima",,0,960295365,NEEDS_WEBSITE,carpinteria-y-melamine-walter-.carpinteros.todolima.com,"https://wa.me/51960295365?text=Hola%20equipo%20de%20*Carpinter%C3%ADa%20y%20melamine%20%22Walter%20junior%22*%20%F0%9F%91%8B%2C%20los%20saluda%20el%20equipo%20de%20*Todo%20Lima*%20(todolima.com).%0A%0AVimos%20que%20son%20uno%20de%20los%20negocios%20con%20mejor%20reputaci%C3%B3n%20en%20Google%20Maps%20en%20*Lima*%20(%E2%AD%90%20*5.0*%20con%20excelentes%20opiniones)%20%C2%A1Felicitaciones%20por%20tan%20buen%20trabajo!%20%F0%9F%91%8F%0A%0ARevisamos%20su%20ficha%20y%20notamos%20que%20*a%C3%BAn%20no%20cuentan%20con%20una%20p%C3%A1gina%20web%20oficial*%20donde%20sus%20clientes%20puedan%20consultar%20sus%20servicios%20y%20agendar%20directamente%20por%20WhatsApp.%0A%0AEn%20*Todo%20Lima*%20creamos%20landing%20pages%20ultrarr%C3%A1pidas%20pensadas%20para%20negocios%20locales%3A%0A%E2%9C%85%20Subdominio%20verificado%3A%20*carpinteria-y-melamine-walter-.carpinteros.todolima.com*%0A%E2%9C%85%20Bot%C3%B3n%20de%20WhatsApp%20directo%20para%20recibir%20pedidos%20y%20citas%20al%20instante%0A%E2%9C%85%20Mapa%20interactivo%20para%20que%20lleguen%20a%20su%20local%20en%20Lima%0A%E2%9C%85%20Carga%20en%20menos%20de%201%20segundo%20en%20celulares%0A%E2%9C%85%20Ficha%20destacada%20en%20el%20directorio%20todolima.com%0A%0APreparamos%20una%20demostraci%C3%B3n%20sin%20costo%20de%20c%C3%B3mo%20se%20ver%C3%ADa%20la%20web%20de%20*Carpinter%C3%ADa%20y%20melamine%20%22Walter%20junior%22*.%20%C2%BFLes%20gustar%C3%ADa%20que%20les%20comparta%20el%20enlace%20de%20prueba%20por%20aqu%C3%AD%3F%20%F0%9F%9A%80"
"Carpinteria y melamina Rafael",carpinteros,"El Agustino",,0,995507946,NEEDS_WEBSITE,carpinteria-y-melamina-rafael.carpinteros.todolima.com,"https://wa.me/51995507946?text=Hola%20equipo%20de%20*Carpinteria%20y%20melamina%20Rafael*%20%F0%9F%91%8B%2C%20los%20saluda%20el%20equipo%20de%20*Todo%20Lima*%20(todolima.com).%0A%0AVimos%20que%20son%20uno%20de%20los%20negocios%20con%20mejor%20reputaci%C3%B3n%20en%20Google%20Maps%20en%20*El%20Agustino*%20(%E2%AD%90%20*5.0*%20con%20excelentes%20opiniones)%20%C2%A1Felicitaciones%20por%20tan%20buen%20trabajo!%20%F0%9F%91%8F%0A%0ARevisamos%20su%20ficha%20y%20notamos%20que%20*a%C3%BAn%20no%20cuentan%20con%20una%20p%C3%A1gina%20web%20oficial*%20donde%20sus%20clientes%20puedan%20consultar%20sus%20servicios%20y%20agendar%20directamente%20por%20WhatsApp.%0A%0AEn%20*Todo%20Lima*%20creamos%20landing%20pages%20ultrarr%C3%A1pidas%20pensadas%20para%20negocios%20locales%3A%0A%E2%9C%85%20Subdominio%20verificado%3A%20*carpinteria-y-melamina-rafael.carpinteros.todolima.com*%0A%E2%9C%85%20Bot%C3%B3n%20de%20WhatsApp%20directo%20para%20recibir%20pedidos%20y%20citas%20al%20instante%0A%E2%9C%85%20Mapa%20interactivo%20para%20que%20lleguen%20a%20su%20local%20en%20El%20Agustino%0A%E2%9C%85%20Carga%20en%20menos%20de%201%20segundo%20en%20celulares%0A%E2%9C%85%20Ficha%20destacada%20en%20el%20directorio%20todolima.com%0A%0APreparamos%20una%20demostraci%C3%B3n%20sin%20costo%20de%20c%C3%B3mo%20se%20ver%C3%ADa%20la%20web%20de%20*Carpinteria%20y%20melamina%20Rafael*.%20%C2%BFLes%20gustar%C3%ADa%20que%20les%20comparta%20el%20enlace%20de%20prueba%20por%20aqu%C3%AD%3F%20%F0%9F%9A%80"
"Lumesa Ebanistas (Carpinteros)",carpinteros,"Cercado de Lima",,0,986033102,NEEDS_WEBSITE,lumesa-ebanistas-carpinteros.carpinteros.todolima.com,"https://wa.me/51986033102?text=Hola%20equipo%20de%20*Lumesa%20Ebanistas%20(Carpinteros)*%20%F0%9F%91%8B%2C%20los%20saluda%20el%20equipo%20de%20*Todo%20Lima*%20(todolima.com).%0A%0AVimos%20que%20son%20uno%20de%20los%20negocios%20con%20mejor%20reputaci%C3%B3n%20en%20Google%20Maps%20en%20*Cercado%20de%20Lima*%20(%E2%AD%90%20*5.0*%20con%20excelentes%20opiniones)%20%C2%A1Felicitaciones%20por%20tan%20buen%20trabajo!%20%F0%9F%91%8F%0A%0ARevisamos%20su%20ficha%20y%20notamos%20que%20*a%C3%BAn%20no%20cuentan%20con%20una%20p%C3%A1gina%20web%20oficial*%20donde%20sus%20clientes%20puedan%20consultar%20sus%20servicios%20y%20agendar%20directamente%20por%20WhatsApp.%0A%0AEn%20*Todo%20Lima*%20creamos%20landing%20pages%20ultrarr%C3%A1pidas%20pensadas%20para%20negocios%20locales%3A%0A%E2%9C%85%20Subdominio%20verificado%3A%20*lumesa-ebanistas-carpinteros.carpinteros.todolima.com*%0A%E2%9C%85%20Bot%C3%B3n%20de%20WhatsApp%20directo%20para%20recibir%20pedidos%20y%20citas%20al%20instante%0A%E2%9C%85%20Mapa%20interactivo%20para%20que%20lleguen%20a%20su%20local%20en%20Cercado%20de%20Lima%0A%E2%9C%85%20Carga%20en%20menos%20de%201%20segundo%20en%20celulares%0A%E2%9C%85%20Ficha%20destacada%20en%20el%20directorio%20todolima.com%0A%0APreparamos%20una%20demostraci%C3%B3n%20sin%20costo%20de%20c%C3%B3mo%20se%20ver%C3%ADa%20la%20web%20de%20*Lumesa%20Ebanistas%20(Carpinteros)*.%20%C2%BFLes%20gustar%C3%ADa%20que%20les%20comparta%20el%20enlace%20de%20prueba%20por%20aqu%C3%AD%3F%20%F0%9F%9A%80"
"catering y eventos",catering,"Miraflores",,0,993443212,NEEDS_WEBSITE,catering-y-eventos.catering.todolima.com,"https://wa.me/51993443212?text=Hola%20equipo%20de%20*catering%20y%20eventos*%20%F0%9F%91%8B%2C%20los%20saluda%20el%20equipo%20de%20*Todo%20Lima*%20(todolima.com).%0A%0AVimos%20que%20son%20uno%20de%20los%20negocios%20con%20mejor%20reputaci%C3%B3n%20en%20Google%20Maps%20en%20*Miraflores*%20(%E2%AD%90%20*5.0*%20con%20excelentes%20opiniones)%20%C2%A1Felicitaciones%20por%20tan%20buen%20trabajo!%20%F0%9F%91%8F%0A%0ARevisamos%20su%20ficha%20y%20notamos%20que%20*a%C3%BAn%20no%20cuentan%20con%20una%20p%C3%A1gina%20web%20oficial*%20donde%20sus%20clientes%20puedan%20consultar%20sus%20servicios%20y%20agendar%20directamente%20por%20WhatsApp.%0A%0AEn%20*Todo%20Lima*%20creamos%20landing%20pages%20ultrarr%C3%A1pidas%20pensadas%20para%20negocios%20locales%3A%0A%E2%9C%85%20Subdominio%20verificado%3A%20*catering-y-eventos.catering.todolima.com*%0A%E2%9C%85%20Bot%C3%B3n%20de%20WhatsApp%20directo%20para%20recibir%20pedidos%20y%20citas%20al%20instante%0A%E2%9C%85%20Mapa%20interactivo%20para%20que%20lleguen%20a%20su%20local%20en%20Miraflores%0A%E2%9C%85%20Carga%20en%20menos%20de%201%20segundo%20en%20celulares%0A%E2%9C%85%20Ficha%20destacada%20en%20el%20directorio%20todolima.com%0A%0APreparamos%20una%20demostraci%C3%B3n%20sin%20costo%20de%20c%C3%B3mo%20se%20ver%C3%ADa%20la%20web%20de%20*catering%20y%20eventos*.%20%C2%BFLes%20gustar%C3%ADa%20que%20les%20comparta%20el%20enlace%20de%20prueba%20por%20aqu%C3%AD%3F%20%F0%9F%9A%80"
"Cerrajero en Pueblo libre C.",cerrajeros,"Pueblo Libre",,0,919551149,NEEDS_WEBSITE,cerrajero-en-pueblo-libre-c.cerrajeros.todolima.com,"https://wa.me/51919551149?text=Hola%20equipo%20de%20*Cerrajero%20en%20Pueblo%20libre%20C.*%20%F0%9F%91%8B%2C%20los%20saluda%20el%20equipo%20de%20*Todo%20Lima*%20(todolima.com).%0A%0AVimos%20que%20son%20uno%20de%20los%20negocios%20con%20mejor%20reputaci%C3%B3n%20en%20Google%20Maps%20en%20*Pueblo%20Libre*%20(%E2%AD%90%20*5.0*%20con%20excelentes%20opiniones)%20%C2%A1Felicitaciones%20por%20tan%20buen%20trabajo!%20%F0%9F%91%8F%0A%0ARevisamos%20su%20ficha%20y%20notamos%20que%20*a%C3%BAn%20no%20cuentan%20con%20una%20p%C3%A1gina%20web%20oficial*%20donde%20sus%20clientes%20puedan%20consultar%20sus%20servicios%20y%20agendar%20directamente%20por%20WhatsApp.%0A%0AEn%20*Todo%20Lima*%20creamos%20landing%20pages%20ultrarr%C3%A1pidas%20pensadas%20para%20negocios%20locales%3A%0A%E2%9C%85%20Subdominio%20verificado%3A%20*cerrajero-en-pueblo-libre-c.cerrajeros.todolima.com*%0A%E2%9C%85%20Bot%C3%B3n%20de%20WhatsApp%20directo%20para%20recibir%20pedidos%20y%20citas%20al%20instante%0A%E2%9C%85%20Mapa%20interactivo%20para%20que%20lleguen%20a%20su%20local%20en%20Pueblo%20Libre%0A%E2%9C%85%20Carga%20en%20menos%20de%201%20segundo%20en%20celulares%0A%E2%9C%85%20Ficha%20destacada%20en%20el%20directorio%20todolima.com%0A%0APreparamos%20una%20demostraci%C3%B3n%20sin%20costo%20de%20c%C3%B3mo%20se%20ver%C3%ADa%20la%20web%20de%20*Cerrajero%20en%20Pueblo%20libre%20C.*.%20%C2%BFLes%20gustar%C3%ADa%20que%20les%20comparta%20el%20enlace%20de%20prueba%20por%20aqu%C3%AD%3F%20%F0%9F%9A%80"
"Duplicado de llaves 2",cerrajeros,"San Martín de Porres",,0,991994717,NEEDS_WEBSITE,duplicado-de-llaves-2.cerrajeros.todolima.com,"https://wa.me/51991994717?text=Hola%20equipo%20de%20*Duplicado%20de%20llaves%202*%20%F0%9F%91%8B%2C%20los%20saluda%20el%20equipo%20de%20*Todo%20Lima*%20(todolima.com).%0A%0AVimos%20que%20son%20uno%20de%20los%20negocios%20con%20mejor%20reputaci%C3%B3n%20en%20Google%20Maps%20en%20*San%20Mart%C3%ADn%20de%20Porres*%20(%E2%AD%90%20*5.0*%20con%20excelentes%20opiniones)%20%C2%A1Felicitaciones%20por%20tan%20buen%20trabajo!%20%F0%9F%91%8F%0A%0ARevisamos%20su%20ficha%20y%20notamos%20que%20*a%C3%BAn%20no%20cuentan%20con%20una%20p%C3%A1gina%20web%20oficial*%20donde%20sus%20clientes%20puedan%20consultar%20sus%20servicios%20y%20agendar%20directamente%20por%20WhatsApp.%0A%0AEn%20*Todo%20Lima*%20creamos%20landing%20pages%20ultrarr%C3%A1pidas%20pensadas%20para%20negocios%20locales%3A%0A%E2%9C%85%20Subdominio%20verificado%3A%20*duplicado-de-llaves-2.cerrajeros.todolima.com*%0A%E2%9C%85%20Bot%C3%B3n%20de%20WhatsApp%20directo%20para%20recibir%20pedidos%20y%20citas%20al%20instante%0A%E2%9C%85%20Mapa%20interactivo%20para%20que%20lleguen%20a%20su%20local%20en%20San%20Mart%C3%ADn%20de%20Porres%0A%E2%9C%85%20Carga%20en%20menos%20de%201%20segundo%20en%20celulares%0A%E2%9C%85%20Ficha%20destacada%20en%20el%20directorio%20todolima.com%0A%0APreparamos%20una%20demostraci%C3%B3n%20sin%20costo%20de%20c%C3%B3mo%20se%20ver%C3%ADa%20la%20web%20de%20*Duplicado%20de%20llaves%202*.%20%C2%BFLes%20gustar%C3%ADa%20que%20les%20comparta%20el%20enlace%20de%20prueba%20por%20aqu%C3%AD%3F%20%F0%9F%9A%80"
"Llaves en general",cerrajeros,"Lince",,0,957780479,NEEDS_WEBSITE,llaves-en-general.cerrajeros.todolima.com,"https://wa.me/51957780479?text=Hola%20equipo%20de%20*Llaves%20en%20general*%20%F0%9F%91%8B%2C%20los%20saluda%20el%20equipo%20de%20*Todo%20Lima*%20(todolima.com).%0A%0AVimos%20que%20son%20uno%20de%20los%20negocios%20con%20mejor%20reputaci%C3%B3n%20en%20Google%20Maps%20en%20*Lince*%20(%E2%AD%90%20*5.0*%20con%20excelentes%20opiniones)%20%C2%A1Felicitaciones%20por%20tan%20buen%20trabajo!%20%F0%9F%91%8F%0A%0ARevisamos%20su%20ficha%20y%20notamos%20que%20*a%C3%BAn%20no%20cuentan%20con%20una%20p%C3%A1gina%20web%20oficial*%20donde%20sus%20clientes%20puedan%20consultar%20sus%20servicios%20y%20agendar%20directamente%20por%20WhatsApp.%0A%0AEn%20*Todo%20Lima*%20creamos%20landing%20pages%20ultrarr%C3%A1pidas%20pensadas%20para%20negocios%20locales%3A%0A%E2%9C%85%20Subdominio%20verificado%3A%20*llaves-en-general.cerrajeros.todolima.com*%0A%E2%9C%85%20Bot%C3%B3n%20de%20WhatsApp%20directo%20para%20recibir%20pedidos%20y%20citas%20al%20instante%0A%E2%9C%85%20Mapa%20interactivo%20para%20que%20lleguen%20a%20su%20local%20en%20Lince%0A%E2%9C%85%20Carga%20en%20menos%20de%201%20segundo%20en%20celulares%0A%E2%9C%85%20Ficha%20destacada%20en%20el%20directorio%20todolima.com%0A%0APreparamos%20una%20demostraci%C3%B3n%20sin%20costo%20de%20c%C3%B3mo%20se%20ver%C3%ADa%20la%20web%20de%20*Llaves%20en%20general*.%20%C2%BFLes%20gustar%C3%ADa%20que%20les%20comparta%20el%20enlace%20de%20prueba%20por%20aqu%C3%AD%3F%20%F0%9F%9A%80"
"Duplicado de Llaves 1",cerrajeros,"San Martín de Porres",,0,915168966,NEEDS_WEBSITE,duplicado-de-llaves-1.cerrajeros.todolima.com,"https://wa.me/51915168966?text=Hola%20equipo%20de%20*Duplicado%20de%20Llaves%201*%20%F0%9F%91%8B%2C%20los%20saluda%20el%20equipo%20de%20*Todo%20Lima*%20(todolima.com).%0A%0AVimos%20que%20son%20uno%20de%20los%20negocios%20con%20mejor%20reputaci%C3%B3n%20en%20Google%20Maps%20en%20*San%20Mart%C3%ADn%20de%20Porres*%20(%E2%AD%90%20*5.0*%20con%20excelentes%20opiniones)%20%C2%A1Felicitaciones%20por%20tan%20buen%20trabajo!%20%F0%9F%91%8F%0A%0ARevisamos%20su%20ficha%20y%20notamos%20que%20*a%C3%BAn%20no%20cuentan%20con%20una%20p%C3%A1gina%20web%20oficial*%20donde%20sus%20clientes%20puedan%20consultar%20sus%20servicios%20y%20agendar%20directamente%20por%20WhatsApp.%0A%0AEn%20*Todo%20Lima*%20creamos%20landing%20pages%20ultrarr%C3%A1pidas%20pensadas%20para%20negocios%20locales%3A%0A%E2%9C%85%20Subdominio%20verificado%3A%20*duplicado-de-llaves-1.cerrajeros.todolima.com*%0A%E2%9C%85%20Bot%C3%B3n%20de%20WhatsApp%20directo%20para%20recibir%20pedidos%20y%20citas%20al%20instante%0A%E2%9C%85%20Mapa%20interactivo%20para%20que%20lleguen%20a%20su%20local%20en%20San%20Mart%C3%ADn%20de%20Porres%0A%E2%9C%85%20Carga%20en%20menos%20de%201%20segundo%20en%20celulares%0A%E2%9C%85%20Ficha%20destacada%20en%20el%20directorio%20todolima.com%0A%0APreparamos%20una%20demostraci%C3%B3n%20sin%20costo%20de%20c%C3%B3mo%20se%20ver%C3%ADa%20la%20web%20de%20*Duplicado%20de%20Llaves%201*.%20%C2%BFLes%20gustar%C3%ADa%20que%20les%20comparta%20el%20enlace%20de%20prueba%20por%20aqu%C3%AD%3F%20%F0%9F%9A%80"
"Cerrajero a domicilio pueblolibre",cerrajeros,"Pueblo Libre",,0,919551149,NEEDS_WEBSITE,cerrajero-a-domicilio-puebloli.cerrajeros.todolima.com,"https://wa.me/51919551149?text=Hola%20equipo%20de%20*Cerrajero%20a%20domicilio%20pueblolibre*%20%F0%9F%91%8B%2C%20los%20saluda%20el%20equipo%20de%20*Todo%20Lima*%20(todolima.com).%0A%0AVimos%20que%20son%20uno%20de%20los%20negocios%20con%20mejor%20reputaci%C3%B3n%20en%20Google%20Maps%20en%20*Pueblo%20Libre*%20(%E2%AD%90%20*5.0*%20con%20excelentes%20opiniones)%20%C2%A1Felicitaciones%20por%20tan%20buen%20trabajo!%20%F0%9F%91%8F%0A%0ARevisamos%20su%20ficha%20y%20notamos%20que%20*a%C3%BAn%20no%20cuentan%20con%20una%20p%C3%A1gina%20web%20oficial*%20donde%20sus%20clientes%20puedan%20consultar%20sus%20servicios%20y%20agendar%20directamente%20por%20WhatsApp.%0A%0AEn%20*Todo%20Lima*%20creamos%20landing%20pages%20ultrarr%C3%A1pidas%20pensadas%20para%20negocios%20locales%3A%0A%E2%9C%85%20Subdominio%20verificado%3A%20*cerrajero-a-domicilio-puebloli.cerrajeros.todolima.com*%0A%E2%9C%85%20Bot%C3%B3n%20de%20WhatsApp%20directo%20para%20recibir%20pedidos%20y%20citas%20al%20instante%0A%E2%9C%85%20Mapa%20interactivo%20para%20que%20lleguen%20a%20su%20local%20en%20Pueblo%20Libre%0A%E2%9C%85%20Carga%20en%20menos%20de%201%20segundo%20en%20celulares%0A%E2%9C%85%20Ficha%20destacada%20en%20el%20directorio%20todolima.com%0A%0APreparamos%20una%20demostraci%C3%B3n%20sin%20costo%20de%20c%C3%B3mo%20se%20ver%C3%ADa%20la%20web%20de%20*Cerrajero%20a%20domicilio%20pueblolibre*.%20%C2%BFLes%20gustar%C3%ADa%20que%20les%20comparta%20el%20enlace%20de%20prueba%20por%20aqu%C3%AD%3F%20%F0%9F%9A%80"
"CERRAJERO ELECTRICISTA A DOMICILIO LAS 24 H",cerrajeros,"Lima",,0,955574634,NEEDS_WEBSITE,cerrajero-electricista-a-domic.cerrajeros.todolima.com,"https://wa.me/51955574634?text=Hola%20equipo%20de%20*CERRAJERO%20ELECTRICISTA%20A%20DOMICILIO%20LAS%2024%20H*%20%F0%9F%91%8B%2C%20los%20saluda%20el%20equipo%20de%20*Todo%20Lima*%20(todolima.com).%0A%0AVimos%20que%20son%20uno%20de%20los%20negocios%20con%20mejor%20reputaci%C3%B3n%20en%20Google%20Maps%20en%20*Lima*%20(%E2%AD%90%20*5.0*%20con%20excelentes%20opiniones)%20%C2%A1Felicitaciones%20por%20tan%20buen%20trabajo!%20%F0%9F%91%8F%0A%0ARevisamos%20su%20ficha%20y%20notamos%20que%20*a%C3%BAn%20no%20cuentan%20con%20una%20p%C3%A1gina%20web%20oficial*%20donde%20sus%20clientes%20puedan%20consultar%20sus%20servicios%20y%20agendar%20directamente%20por%20WhatsApp.%0A%0AEn%20*Todo%20Lima*%20creamos%20landing%20pages%20ultrarr%C3%A1pidas%20pensadas%20para%20negocios%20locales%3A%0A%E2%9C%85%20Subdominio%20verificado%3A%20*cerrajero-electricista-a-domic.cerrajeros.todolima.com*%0A%E2%9C%85%20Bot%C3%B3n%20de%20WhatsApp%20directo%20para%20recibir%20pedidos%20y%20citas%20al%20instante%0A%E2%9C%85%20Mapa%20interactivo%20para%20que%20lleguen%20a%20su%20local%20en%20Lima%0A%E2%9C%85%20Carga%20en%20menos%20de%201%20segundo%20en%20celulares%0A%E2%9C%85%20Ficha%20destacada%20en%20el%20directorio%20todolima.com%0A%0APreparamos%20una%20demostraci%C3%B3n%20sin%20costo%20de%20c%C3%B3mo%20se%20ver%C3%ADa%20la%20web%20de%20*CERRAJERO%20ELECTRICISTA%20A%20DOMICILIO%20LAS%2024%20H*.%20%C2%BFLes%20gustar%C3%ADa%20que%20les%20comparta%20el%20enlace%20de%20prueba%20por%20aqu%C3%AD%3F%20%F0%9F%9A%80"
"Multiservicios Luis Paredes",cerrajeros,"Pueblo Libre",,0,977666096,NEEDS_WEBSITE,multiservicios-luis-paredes.cerrajeros.todolima.com,"https://wa.me/51977666096?text=Hola%20equipo%20de%20*Multiservicios%20Luis%20Paredes*%20%F0%9F%91%8B%2C%20los%20saluda%20el%20equipo%20de%20*Todo%20Lima*%20(todolima.com).%0A%0AVimos%20que%20son%20uno%20de%20los%20negocios%20con%20mejor%20reputaci%C3%B3n%20en%20Google%20Maps%20en%20*Pueblo%20Libre*%20(%E2%AD%90%20*5.0*%20con%20excelentes%20opiniones)%20%C2%A1Felicitaciones%20por%20tan%20buen%20trabajo!%20%F0%9F%91%8F%0A%0ARevisamos%20su%20ficha%20y%20notamos%20que%20*a%C3%BAn%20no%20cuentan%20con%20una%20p%C3%A1gina%20web%20oficial*%20donde%20sus%20clientes%20puedan%20consultar%20sus%20servicios%20y%20agendar%20directamente%20por%20WhatsApp.%0A%0AEn%20*Todo%20Lima*%20creamos%20landing%20pages%20ultrarr%C3%A1pidas%20pensadas%20para%20negocios%20locales%3A%0A%E2%9C%85%20Subdominio%20verificado%3A%20*multiservicios-luis-paredes.cerrajeros.todolima.com*%0A%E2%9C%85%20Bot%C3%B3n%20de%20WhatsApp%20directo%20para%20recibir%20pedidos%20y%20citas%20al%20instante%0A%E2%9C%85%20Mapa%20interactivo%20para%20que%20lleguen%20a%20su%20local%20en%20Pueblo%20Libre%0A%E2%9C%85%20Carga%20en%20menos%20de%201%20segundo%20en%20celulares%0A%E2%9C%85%20Ficha%20destacada%20en%20el%20directorio%20todolima.com%0A%0APreparamos%20una%20demostraci%C3%B3n%20sin%20costo%20de%20c%C3%B3mo%20se%20ver%C3%ADa%20la%20web%20de%20*Multiservicios%20Luis%20Paredes*.%20%C2%BFLes%20gustar%C3%ADa%20que%20les%20comparta%20el%20enlace%20de%20prueba%20por%20aqu%C3%AD%3F%20%F0%9F%9A%80"
"Cerrajería Automotriz Lima",cerrajeros,"Lima",,0,993179282,NEEDS_WEBSITE,cerrajeria-automotriz-lima.cerrajeros.todolima.com,"https://wa.me/51993179282?text=Hola%20equipo%20de%20*Cerrajer%C3%ADa%20Automotriz%20Lima*%20%F0%9F%91%8B%2C%20los%20saluda%20el%20equipo%20de%20*Todo%20Lima*%20(todolima.com).%0A%0AVimos%20que%20son%20uno%20de%20los%20negocios%20con%20mejor%20reputaci%C3%B3n%20en%20Google%20Maps%20en%20*Lima*%20(%E2%AD%90%20*5.0*%20con%20excelentes%20opiniones)%20%C2%A1Felicitaciones%20por%20tan%20buen%20trabajo!%20%F0%9F%91%8F%0A%0ARevisamos%20su%20ficha%20y%20notamos%20que%20*a%C3%BAn%20no%20cuentan%20con%20una%20p%C3%A1gina%20web%20oficial*%20donde%20sus%20clientes%20puedan%20consultar%20sus%20servicios%20y%20agendar%20directamente%20por%20WhatsApp.%0A%0AEn%20*Todo%20Lima*%20creamos%20landing%20pages%20ultrarr%C3%A1pidas%20pensadas%20para%20negocios%20locales%3A%0A%E2%9C%85%20Subdominio%20verificado%3A%20*cerrajeria-automotriz-lima.cerrajeros.todolima.com*%0A%E2%9C%85%20Bot%C3%B3n%20de%20WhatsApp%20directo%20para%20recibir%20pedidos%20y%20citas%20al%20instante%0A%E2%9C%85%20Mapa%20interactivo%20para%20que%20lleguen%20a%20su%20local%20en%20Lima%0A%E2%9C%85%20Carga%20en%20menos%20de%201%20segundo%20en%20celulares%0A%E2%9C%85%20Ficha%20destacada%20en%20el%20directorio%20todolima.com%0A%0APreparamos%20una%20demostraci%C3%B3n%20sin%20costo%20de%20c%C3%B3mo%20se%20ver%C3%ADa%20la%20web%20de%20*Cerrajer%C3%ADa%20Automotriz%20Lima*.%20%C2%BFLes%20gustar%C3%ADa%20que%20les%20comparta%20el%20enlace%20de%20prueba%20por%20aqu%C3%AD%3F%20%F0%9F%9A%80"
"APAQ Soluciones SAC",fumigacion,"Lima",,0,943503744,NEEDS_WEBSITE,apaq-soluciones-sac.fumigacion.todolima.com,"https://wa.me/51943503744?text=Hola%20equipo%20de%20*APAQ%20Soluciones%20SAC*%20%F0%9F%91%8B%2C%20los%20saluda%20el%20equipo%20de%20*Todo%20Lima*%20(todolima.com).%0A%0AVimos%20que%20son%20uno%20de%20los%20negocios%20con%20mejor%20reputaci%C3%B3n%20en%20Google%20Maps%20en%20*Lima*%20(%E2%AD%90%20*5.0*%20con%20excelentes%20opiniones)%20%C2%A1Felicitaciones%20por%20tan%20buen%20trabajo!%20%F0%9F%91%8F%0A%0ARevisamos%20su%20ficha%20y%20notamos%20que%20*a%C3%BAn%20no%20cuentan%20con%20una%20p%C3%A1gina%20web%20oficial*%20donde%20sus%20clientes%20puedan%20consultar%20sus%20servicios%20y%20agendar%20directamente%20por%20WhatsApp.%0A%0AEn%20*Todo%20Lima*%20creamos%20landing%20pages%20ultrarr%C3%A1pidas%20pensadas%20para%20negocios%20locales%3A%0A%E2%9C%85%20Subdominio%20verificado%3A%20*apaq-soluciones-sac.fumigacion.todolima.com*%0A%E2%9C%85%20Bot%C3%B3n%20de%20WhatsApp%20directo%20para%20recibir%20pedidos%20y%20citas%20al%20instante%0A%E2%9C%85%20Mapa%20interactivo%20para%20que%20lleguen%20a%20su%20local%20en%20Lima%0A%E2%9C%85%20Carga%20en%20menos%20de%201%20segundo%20en%20celulares%0A%E2%9C%85%20Ficha%20destacada%20en%20el%20directorio%20todolima.com%0A%0APreparamos%20una%20demostraci%C3%B3n%20sin%20costo%20de%20c%C3%B3mo%20se%20ver%C3%ADa%20la%20web%20de%20*APAQ%20Soluciones%20SAC*.%20%C2%BFLes%20gustar%C3%ADa%20que%20les%20comparta%20el%20enlace%20de%20prueba%20por%20aqu%C3%AD%3F%20%F0%9F%9A%80"
"Mochilas fumigadoras. ( Maquin Perú )",fumigacion,"Lima",,0,966157752,REDESIGN_WEBSITE,mochilas-fumigadoras-maquin-pe.fumigacion.todolima.com,"https://wa.me/51966157752?text=Hola%20equipo%20de%20*Mochilas%20fumigadoras.%20(%20Maquin%20Per%C3%BA%20)*%20%F0%9F%91%8B%2C%20gusto%20en%20saludarlos.%0A%0ALes%20escribimos%20desde%20*Todo%20Lima*.%20Al%20revisar%20a%20los%20referentes%20de%20*Lima*%20(donde%20ustedes%20destacan%20con%20%E2%AD%90%20*5.0*)%2C%20realizamos%20una%20auditor%C3%ADa%20t%C3%A9cnica%20gratuita%20a%20su%20web%20actual%20(*https%3A%2F%2Fmochilas-fumigadoras.maquinperu.com%2F*).%0A%0ADetectamos%20algunos%20puntos%20cr%C3%ADticos%20que%20podr%C3%ADan%20estar%20frenando%20sus%20consultas%3A%0A%E2%80%A2%20M%C3%BAltiples%20etiquetas%20H1%20detectadas%20(2)%2C%20diluyendo%20la%20fuerza%20SEO.%0A%E2%80%A2%20No%20tiene%20bot%C3%B3n%20directo%20a%20WhatsApp%20(pierde%20hasta%2060%25%20de%20contactos%20en%20Lima).%0A%E2%80%A2%20Copyright%20desactualizado%20(2022)%2C%20transmitiendo%20imagen%20de%20negocio%20abandonado.%0A%0A%F0%9F%91%89%20*Dato%20clave%3A*%20El%2065%25%20de%20usuarios%20en%20Lima%20abandonan%20una%20web%20si%20no%20encuentran%20un%20bot%C3%B3n%20flotante%20de%20WhatsApp%20para%20consultar%20en%20el%20momento.%0A%0A%0APodemos%20modernizar%20su%20web%20para%20que%20cargue%20al%20instante%20y%20multiplique%20sus%20contactos%20por%20WhatsApp.%20%C2%BFLes%20gustar%C3%ADa%20que%20les%20enviemos%20el%20reporte%20t%C3%A9cnico%20completo%3F%20%F0%9F%93%8A"
"Find Perú SAC",fumigacion,"Lima",,0,993082683,UPGRADE_SOCIAL,find-peru-sac.fumigacion.todolima.com,"https://wa.me/51993082683?text=Hola%20equipo%20de%20*Find%20Per%C3%BA%20SAC*%20%F0%9F%91%8B%2C%20les%20escribe%20el%20equipo%20de%20*Todo%20Lima*.%0A%0ARevisamos%20su%20destacada%20presencia%20en%20Google%20Maps%20en%20*Lima*%20(%E2%AD%90%20*5.0*%20estrellas).%20Notamos%20que%20su%20enlace%20de%20contacto%20actual%20es%20un%20perfil%20de%20*Facebook*.%0A%0AMuchos%20clientes%20que%20buscan%20servicios%20en%20Google%20prefieren%20una%20web%20r%C3%A1pida%20donde%20ver%20cat%C3%A1logo%2C%20fotos%20y%20tarifas%20sin%20tener%20que%20entrar%20a%20una%20red%20social%20o%20ver%20distracciones%20de%20la%20competencia.%0A%0A%C2%BFLes%20interesar%C3%ADa%20complementar%20su%20Facebook%20con%20una%20p%C3%A1gina%20web%20oficial%20(*find-peru-sac.fumigacion.todolima.com*)%20con%20bot%C3%B3n%20directo%20a%20WhatsApp%20y%20presencia%20prioritaria%20en%20Todo%20Lima%3F%0A%0ATenemos%20una%20maqueta%20lista%20para%20mostrarles%20sin%20compromiso.%20%C2%BFSe%20las%20comparto%20por%20este%20medio%3F%20%F0%9F%93%B2"
"EXTINTORES Y FUMIGACIONES - Exit Max SAC.",fumigacion,"Lima",,0,999947995,REDESIGN_WEBSITE,extintores-y-fumigaciones-exit.fumigacion.todolima.com,"https://wa.me/51999947995?text=Hola%20equipo%20de%20*EXTINTORES%20Y%20FUMIGACIONES%20-%20Exit%20Max%20SAC.*%20%F0%9F%91%8B%2C%20gusto%20en%20saludarlos.%0A%0ALes%20escribimos%20desde%20*Todo%20Lima*.%20Al%20revisar%20a%20los%20referentes%20de%20*Lima*%20(donde%20ustedes%20destacan%20con%20%E2%AD%90%20*5.0*)%2C%20realizamos%20una%20auditor%C3%ADa%20t%C3%A9cnica%20gratuita%20a%20su%20web%20actual%20(*https%3A%2F%2Fwww.exitmaxsac.com%2F*).%0A%0ADetectamos%20algunos%20puntos%20cr%C3%ADticos%20que%20podr%C3%ADan%20estar%20frenando%20sus%20consultas%3A%0A%E2%80%A2%20No%20tiene%20bot%C3%B3n%20directo%20a%20WhatsApp%20(pierde%20hasta%2060%25%20de%20contactos%20en%20Lima).%0A%0A%F0%9F%91%89%20*Dato%20clave%3A*%20El%2065%25%20de%20usuarios%20en%20Lima%20abandonan%20una%20web%20si%20no%20encuentran%20un%20bot%C3%B3n%20flotante%20de%20WhatsApp%20para%20consultar%20en%20el%20momento.%0A%0A%0APodemos%20modernizar%20su%20web%20para%20que%20cargue%20al%20instante%20y%20multiplique%20sus%20contactos%20por%20WhatsApp.%20%C2%BFLes%20gustar%C3%ADa%20que%20les%20enviemos%20el%20reporte%20t%C3%A9cnico%20completo%3F%20%F0%9F%93%8A"
"Gasfiteros y Desatoros ayadz",gasfiteros,"San Borja",,0,987287284,NEEDS_WEBSITE,gasfiteros-y-desatoros-ayadz.gasfiteros.todolima.com,"https://wa.me/51987287284?text=Hola%20equipo%20de%20*Gasfiteros%20y%20Desatoros%20ayadz*%20%F0%9F%91%8B%2C%20los%20saluda%20el%20equipo%20de%20*Todo%20Lima*%20(todolima.com).%0A%0AVimos%20que%20son%20uno%20de%20los%20negocios%20con%20mejor%20reputaci%C3%B3n%20en%20Google%20Maps%20en%20*San%20Borja*%20(%E2%AD%90%20*5.0*%20con%20excelentes%20opiniones)%20%C2%A1Felicitaciones%20por%20tan%20buen%20trabajo!%20%F0%9F%91%8F%0A%0ARevisamos%20su%20ficha%20y%20notamos%20que%20*a%C3%BAn%20no%20cuentan%20con%20una%20p%C3%A1gina%20web%20oficial*%20donde%20sus%20clientes%20puedan%20consultar%20sus%20servicios%20y%20agendar%20directamente%20por%20WhatsApp.%0A%0AEn%20*Todo%20Lima*%20creamos%20landing%20pages%20ultrarr%C3%A1pidas%20pensadas%20para%20negocios%20locales%3A%0A%E2%9C%85%20Subdominio%20verificado%3A%20*gasfiteros-y-desatoros-ayadz.gasfiteros.todolima.com*%0A%E2%9C%85%20Bot%C3%B3n%20de%20WhatsApp%20directo%20para%20recibir%20pedidos%20y%20citas%20al%20instante%0A%E2%9C%85%20Mapa%20interactivo%20para%20que%20lleguen%20a%20su%20local%20en%20San%20Borja%0A%E2%9C%85%20Carga%20en%20menos%20de%201%20segundo%20en%20celulares%0A%E2%9C%85%20Ficha%20destacada%20en%20el%20directorio%20todolima.com%0A%0APreparamos%20una%20demostraci%C3%B3n%20sin%20costo%20de%20c%C3%B3mo%20se%20ver%C3%ADa%20la%20web%20de%20*Gasfiteros%20y%20Desatoros%20ayadz*.%20%C2%BFLes%20gustar%C3%ADa%20que%20les%20comparta%20el%20enlace%20de%20prueba%20por%20aqu%C3%AD%3F%20%F0%9F%9A%80"
"SERVICIOS GENERALES, ELÉCTRICISTA GASFITERO, ENCHAPADOR, PINTORES ETC",gasfiteros,"Jesús María",,0,927749485,REDESIGN_WEBSITE,servicios-generales-electricis.gasfiteros.todolima.com,"https://wa.me/51927749485?text=Hola%20equipo%20de%20*SERVICIOS%20GENERALES%2C%20EL%C3%89CTRICISTA%20GASFITERO%2C%20ENCHAPADOR%2C%20PINTORES%20ETC*%20%F0%9F%91%8B%2C%20gusto%20en%20saludarlos.%0A%0ALes%20escribimos%20desde%20*Todo%20Lima*.%20Al%20revisar%20a%20los%20referentes%20de%20*Jes%C3%BAs%20Mar%C3%ADa*%20(donde%20ustedes%20destacan%20con%20%E2%AD%90%20*5.0*)%2C%20realizamos%20una%20auditor%C3%ADa%20t%C3%A9cnica%20gratuita%20a%20su%20web%20actual%20(*https%3A%2F%2Fcasyjim.rf.gd%2F*).%0A%0ADetectamos%20algunos%20puntos%20cr%C3%ADticos%20que%20podr%C3%ADan%20estar%20frenando%20sus%20consultas%3A%0A%E2%80%A2%20No%20tiene%20etiqueta%20viewport%3A%20se%20ve%20diminuto%20y%20roto%20en%20tel%C3%A9fonos%20celulares.%0A%E2%80%A2%20No%20tiene%20etiqueta%20%3Ctitle%3E%3A%20Google%20no%20puede%20indexar%20el%20negocio%20correctamente.%0A%E2%80%A2%20Carece%20de%20meta-descripci%C3%B3n%20optimizada%20para%20b%C3%BAsquedas%20en%20Google.%0A%0A%F0%9F%91%89%20*Dato%20clave%3A*%20El%2065%25%20de%20usuarios%20en%20Lima%20abandonan%20una%20web%20si%20no%20encuentran%20un%20bot%C3%B3n%20flotante%20de%20WhatsApp%20para%20consultar%20en%20el%20momento.%0A%0A%0APodemos%20modernizar%20su%20web%20para%20que%20cargue%20al%20instante%20y%20multiplique%20sus%20contactos%20por%20WhatsApp.%20%C2%BFLes%20gustar%C3%ADa%20que%20les%20enviemos%20el%20reporte%20t%C3%A9cnico%20completo%3F%20%F0%9F%93%8A"
"Abel Gasfiteria",gasfiteros,"Lima",,0,993075604,NEEDS_WEBSITE,abel-gasfiteria.gasfiteros.todolima.com,"https://wa.me/51993075604?text=Hola%20equipo%20de%20*Abel%20Gasfiteria*%20%F0%9F%91%8B%2C%20los%20saluda%20el%20equipo%20de%20*Todo%20Lima*%20(todolima.com).%0A%0AVimos%20que%20son%20uno%20de%20los%20negocios%20con%20mejor%20reputaci%C3%B3n%20en%20Google%20Maps%20en%20*Lima*%20(%E2%AD%90%20*5.0*%20con%20excelentes%20opiniones)%20%C2%A1Felicitaciones%20por%20tan%20buen%20trabajo!%20%F0%9F%91%8F%0A%0ARevisamos%20su%20ficha%20y%20notamos%20que%20*a%C3%BAn%20no%20cuentan%20con%20una%20p%C3%A1gina%20web%20oficial*%20donde%20sus%20clientes%20puedan%20consultar%20sus%20servicios%20y%20agendar%20directamente%20por%20WhatsApp.%0A%0AEn%20*Todo%20Lima*%20creamos%20landing%20pages%20ultrarr%C3%A1pidas%20pensadas%20para%20negocios%20locales%3A%0A%E2%9C%85%20Subdominio%20verificado%3A%20*abel-gasfiteria.gasfiteros.todolima.com*%0A%E2%9C%85%20Bot%C3%B3n%20de%20WhatsApp%20directo%20para%20recibir%20pedidos%20y%20citas%20al%20instante%0A%E2%9C%85%20Mapa%20interactivo%20para%20que%20lleguen%20a%20su%20local%20en%20Lima%0A%E2%9C%85%20Carga%20en%20menos%20de%201%20segundo%20en%20celulares%0A%E2%9C%85%20Ficha%20destacada%20en%20el%20directorio%20todolima.com%0A%0APreparamos%20una%20demostraci%C3%B3n%20sin%20costo%20de%20c%C3%B3mo%20se%20ver%C3%ADa%20la%20web%20de%20*Abel%20Gasfiteria*.%20%C2%BFLes%20gustar%C3%ADa%20que%20les%20comparta%20el%20enlace%20de%20prueba%20por%20aqu%C3%AD%3F%20%F0%9F%9A%80"
"Gasfiteros y Desatoros AYADZ",gasfiteros,"San Martín de Porres",,0,987287284,NEEDS_WEBSITE,gasfiteros-y-desatoros-ayadz.gasfiteros.todolima.com,"https://wa.me/51987287284?text=Hola%20equipo%20de%20*Gasfiteros%20y%20Desatoros%20AYADZ*%20%F0%9F%91%8B%2C%20los%20saluda%20el%20equipo%20de%20*Todo%20Lima*%20(todolima.com).%0A%0AVimos%20que%20son%20uno%20de%20los%20negocios%20con%20mejor%20reputaci%C3%B3n%20en%20Google%20Maps%20en%20*San%20Mart%C3%ADn%20de%20Porres*%20(%E2%AD%90%20*5.0*%20con%20excelentes%20opiniones)%20%C2%A1Felicitaciones%20por%20tan%20buen%20trabajo!%20%F0%9F%91%8F%0A%0ARevisamos%20su%20ficha%20y%20notamos%20que%20*a%C3%BAn%20no%20cuentan%20con%20una%20p%C3%A1gina%20web%20oficial*%20donde%20sus%20clientes%20puedan%20consultar%20sus%20servicios%20y%20agendar%20directamente%20por%20WhatsApp.%0A%0AEn%20*Todo%20Lima*%20creamos%20landing%20pages%20ultrarr%C3%A1pidas%20pensadas%20para%20negocios%20locales%3A%0A%E2%9C%85%20Subdominio%20verificado%3A%20*gasfiteros-y-desatoros-ayadz.gasfiteros.todolima.com*%0A%E2%9C%85%20Bot%C3%B3n%20de%20WhatsApp%20directo%20para%20recibir%20pedidos%20y%20citas%20al%20instante%0A%E2%9C%85%20Mapa%20interactivo%20para%20que%20lleguen%20a%20su%20local%20en%20San%20Mart%C3%ADn%20de%20Porres%0A%E2%9C%85%20Carga%20en%20menos%20de%201%20segundo%20en%20celulares%0A%E2%9C%85%20Ficha%20destacada%20en%20el%20directorio%20todolima.com%0A%0APreparamos%20una%20demostraci%C3%B3n%20sin%20costo%20de%20c%C3%B3mo%20se%20ver%C3%ADa%20la%20web%20de%20*Gasfiteros%20y%20Desatoros%20AYADZ*.%20%C2%BFLes%20gustar%C3%ADa%20que%20les%20comparta%20el%20enlace%20de%20prueba%20por%20aqu%C3%AD%3F%20%F0%9F%9A%80"
"Gasfiteros Abanto SRL",gasfiteros,"Miraflores",,0,955130877,NEEDS_WEBSITE,gasfiteros-abanto-srl.gasfiteros.todolima.com,"https://wa.me/51955130877?text=Hola%20equipo%20de%20*Gasfiteros%20Abanto%20SRL*%20%F0%9F%91%8B%2C%20los%20saluda%20el%20equipo%20de%20*Todo%20Lima*%20(todolima.com).%0A%0AVimos%20que%20son%20uno%20de%20los%20negocios%20con%20mejor%20reputaci%C3%B3n%20en%20Google%20Maps%20en%20*Miraflores*%20(%E2%AD%90%20*5.0*%20con%20excelentes%20opiniones)%20%C2%A1Felicitaciones%20por%20tan%20buen%20trabajo!%20%F0%9F%91%8F%0A%0ARevisamos%20su%20ficha%20y%20notamos%20que%20*a%C3%BAn%20no%20cuentan%20con%20una%20p%C3%A1gina%20web%20oficial*%20donde%20sus%20clientes%20puedan%20consultar%20sus%20servicios%20y%20agendar%20directamente%20por%20WhatsApp.%0A%0AEn%20*Todo%20Lima*%20creamos%20landing%20pages%20ultrarr%C3%A1pidas%20pensadas%20para%20negocios%20locales%3A%0A%E2%9C%85%20Subdominio%20verificado%3A%20*gasfiteros-abanto-srl.gasfiteros.todolima.com*%0A%E2%9C%85%20Bot%C3%B3n%20de%20WhatsApp%20directo%20para%20recibir%20pedidos%20y%20citas%20al%20instante%0A%E2%9C%85%20Mapa%20interactivo%20para%20que%20lleguen%20a%20su%20local%20en%20Miraflores%0A%E2%9C%85%20Carga%20en%20menos%20de%201%20segundo%20en%20celulares%0A%E2%9C%85%20Ficha%20destacada%20en%20el%20directorio%20todolima.com%0A%0APreparamos%20una%20demostraci%C3%B3n%20sin%20costo%20de%20c%C3%B3mo%20se%20ver%C3%ADa%20la%20web%20de%20*Gasfiteros%20Abanto%20SRL*.%20%C2%BFLes%20gustar%C3%ADa%20que%20les%20comparta%20el%20enlace%20de%20prueba%20por%20aqu%C3%AD%3F%20%F0%9F%9A%80"
"GASFITERIA MAESTRO",gasfiteros,"Miraflores",,0,987131301,NEEDS_WEBSITE,gasfiteria-maestro.gasfiteros.todolima.com,"https://wa.me/51987131301?text=Hola%20equipo%20de%20*GASFITERIA%20MAESTRO*%20%F0%9F%91%8B%2C%20los%20saluda%20el%20equipo%20de%20*Todo%20Lima*%20(todolima.com).%0A%0AVimos%20que%20son%20uno%20de%20los%20negocios%20con%20mejor%20reputaci%C3%B3n%20en%20Google%20Maps%20en%20*Miraflores*%20(%E2%AD%90%20*5.0*%20con%20excelentes%20opiniones)%20%C2%A1Felicitaciones%20por%20tan%20buen%20trabajo!%20%F0%9F%91%8F%0A%0ARevisamos%20su%20ficha%20y%20notamos%20que%20*a%C3%BAn%20no%20cuentan%20con%20una%20p%C3%A1gina%20web%20oficial*%20donde%20sus%20clientes%20puedan%20consultar%20sus%20servicios%20y%20agendar%20directamente%20por%20WhatsApp.%0A%0AEn%20*Todo%20Lima*%20creamos%20landing%20pages%20ultrarr%C3%A1pidas%20pensadas%20para%20negocios%20locales%3A%0A%E2%9C%85%20Subdominio%20verificado%3A%20*gasfiteria-maestro.gasfiteros.todolima.com*%0A%E2%9C%85%20Bot%C3%B3n%20de%20WhatsApp%20directo%20para%20recibir%20pedidos%20y%20citas%20al%20instante%0A%E2%9C%85%20Mapa%20interactivo%20para%20que%20lleguen%20a%20su%20local%20en%20Miraflores%0A%E2%9C%85%20Carga%20en%20menos%20de%201%20segundo%20en%20celulares%0A%E2%9C%85%20Ficha%20destacada%20en%20el%20directorio%20todolima.com%0A%0APreparamos%20una%20demostraci%C3%B3n%20sin%20costo%20de%20c%C3%B3mo%20se%20ver%C3%ADa%20la%20web%20de%20*GASFITERIA%20MAESTRO*.%20%C2%BFLes%20gustar%C3%ADa%20que%20les%20comparta%20el%20enlace%20de%20prueba%20por%20aqu%C3%AD%3F%20%F0%9F%9A%80"
"ELECTRICISTA, GASFITERO, PINTOR, ENCHAPADOR,",gasfiteros,"Jesús María",,0,927749485,NEEDS_WEBSITE,electricista-gasfitero-pintor-.gasfiteros.todolima.com,"https://wa.me/51927749485?text=Hola%20equipo%20de%20*ELECTRICISTA%2C%20GASFITERO%2C%20PINTOR%2C%20ENCHAPADOR%2C*%20%F0%9F%91%8B%2C%20los%20saluda%20el%20equipo%20de%20*Todo%20Lima*%20(todolima.com).%0A%0AVimos%20que%20son%20uno%20de%20los%20negocios%20con%20mejor%20reputaci%C3%B3n%20en%20Google%20Maps%20en%20*Jes%C3%BAs%20Mar%C3%ADa*%20(%E2%AD%90%20*5.0*%20con%20excelentes%20opiniones)%20%C2%A1Felicitaciones%20por%20tan%20buen%20trabajo!%20%F0%9F%91%8F%0A%0ARevisamos%20su%20ficha%20y%20notamos%20que%20*a%C3%BAn%20no%20cuentan%20con%20una%20p%C3%A1gina%20web%20oficial*%20donde%20sus%20clientes%20puedan%20consultar%20sus%20servicios%20y%20agendar%20directamente%20por%20WhatsApp.%0A%0AEn%20*Todo%20Lima*%20creamos%20landing%20pages%20ultrarr%C3%A1pidas%20pensadas%20para%20negocios%20locales%3A%0A%E2%9C%85%20Subdominio%20verificado%3A%20*electricista-gasfitero-pintor-.gasfiteros.todolima.com*%0A%E2%9C%85%20Bot%C3%B3n%20de%20WhatsApp%20directo%20para%20recibir%20pedidos%20y%20citas%20al%20instante%0A%E2%9C%85%20Mapa%20interactivo%20para%20que%20lleguen%20a%20su%20local%20en%20Jes%C3%BAs%20Mar%C3%ADa%0A%E2%9C%85%20Carga%20en%20menos%20de%201%20segundo%20en%20celulares%0A%E2%9C%85%20Ficha%20destacada%20en%20el%20directorio%20todolima.com%0A%0APreparamos%20una%20demostraci%C3%B3n%20sin%20costo%20de%20c%C3%B3mo%20se%20ver%C3%ADa%20la%20web%20de%20*ELECTRICISTA%2C%20GASFITERO%2C%20PINTOR%2C%20ENCHAPADOR%2C*.%20%C2%BFLes%20gustar%C3%ADa%20que%20les%20comparta%20el%20enlace%20de%20prueba%20por%20aqu%C3%AD%3F%20%F0%9F%9A%80"
"KAGL Store",pintores,"Ate",,0,974318428,NEEDS_WEBSITE,kagl-store.pintores.todolima.com,"https://wa.me/51974318428?text=Hola%20equipo%20de%20*KAGL%20Store*%20%F0%9F%91%8B%2C%20los%20saluda%20el%20equipo%20de%20*Todo%20Lima*%20(todolima.com).%0A%0AVimos%20que%20son%20uno%20de%20los%20negocios%20con%20mejor%20reputaci%C3%B3n%20en%20Google%20Maps%20en%20*Ate*%20(%E2%AD%90%20*5.0*%20con%20excelentes%20opiniones)%20%C2%A1Felicitaciones%20por%20tan%20buen%20trabajo!%20%F0%9F%91%8F%0A%0ARevisamos%20su%20ficha%20y%20notamos%20que%20*a%C3%BAn%20no%20cuentan%20con%20una%20p%C3%A1gina%20web%20oficial*%20donde%20sus%20clientes%20puedan%20consultar%20sus%20servicios%20y%20agendar%20directamente%20por%20WhatsApp.%0A%0AEn%20*Todo%20Lima*%20creamos%20landing%20pages%20ultrarr%C3%A1pidas%20pensadas%20para%20negocios%20locales%3A%0A%E2%9C%85%20Subdominio%20verificado%3A%20*kagl-store.pintores.todolima.com*%0A%E2%9C%85%20Bot%C3%B3n%20de%20WhatsApp%20directo%20para%20recibir%20pedidos%20y%20citas%20al%20instante%0A%E2%9C%85%20Mapa%20interactivo%20para%20que%20lleguen%20a%20su%20local%20en%20Ate%0A%E2%9C%85%20Carga%20en%20menos%20de%201%20segundo%20en%20celulares%0A%E2%9C%85%20Ficha%20destacada%20en%20el%20directorio%20todolima.com%0A%0APreparamos%20una%20demostraci%C3%B3n%20sin%20costo%20de%20c%C3%B3mo%20se%20ver%C3%ADa%20la%20web%20de%20*KAGL%20Store*.%20%C2%BFLes%20gustar%C3%ADa%20que%20les%20comparta%20el%20enlace%20de%20prueba%20por%20aqu%C3%AD%3F%20%F0%9F%9A%80"
"TALLER AUTOGLOW O & Y calidad y confianza",pintores,"Ate",,0,997988619,NEEDS_WEBSITE,taller-autoglow-o-y-calidad-y-.pintores.todolima.com,"https://wa.me/51997988619?text=Hola%20equipo%20de%20*TALLER%20AUTOGLOW%20O%20%26%20Y%20calidad%20y%20confianza*%20%F0%9F%91%8B%2C%20los%20saluda%20el%20equipo%20de%20*Todo%20Lima*%20(todolima.com).%0A%0AVimos%20que%20son%20uno%20de%20los%20negocios%20con%20mejor%20reputaci%C3%B3n%20en%20Google%20Maps%20en%20*Ate*%20(%E2%AD%90%20*5.0*%20con%20excelentes%20opiniones)%20%C2%A1Felicitaciones%20por%20tan%20buen%20trabajo!%20%F0%9F%91%8F%0A%0ARevisamos%20su%20ficha%20y%20notamos%20que%20*a%C3%BAn%20no%20cuentan%20con%20una%20p%C3%A1gina%20web%20oficial*%20donde%20sus%20clientes%20puedan%20consultar%20sus%20servicios%20y%20agendar%20directamente%20por%20WhatsApp.%0A%0AEn%20*Todo%20Lima*%20creamos%20landing%20pages%20ultrarr%C3%A1pidas%20pensadas%20para%20negocios%20locales%3A%0A%E2%9C%85%20Subdominio%20verificado%3A%20*taller-autoglow-o-y-calidad-y-.pintores.todolima.com*%0A%E2%9C%85%20Bot%C3%B3n%20de%20WhatsApp%20directo%20para%20recibir%20pedidos%20y%20citas%20al%20instante%0A%E2%9C%85%20Mapa%20interactivo%20para%20que%20lleguen%20a%20su%20local%20en%20Ate%0A%E2%9C%85%20Carga%20en%20menos%20de%201%20segundo%20en%20celulares%0A%E2%9C%85%20Ficha%20destacada%20en%20el%20directorio%20todolima.com%0A%0APreparamos%20una%20demostraci%C3%B3n%20sin%20costo%20de%20c%C3%B3mo%20se%20ver%C3%ADa%20la%20web%20de%20*TALLER%20AUTOGLOW%20O%20%26%20Y%20calidad%20y%20confianza*.%20%C2%BFLes%20gustar%C3%ADa%20que%20les%20comparta%20el%20enlace%20de%20prueba%20por%20aqu%C3%AD%3F%20%F0%9F%9A%80"
"Clyn Car - PLANCHADO Y PINTURA",pintores,"Ate",,0,984334042,NEEDS_WEBSITE,clyn-car-planchado-y-pintura.pintores.todolima.com,"https://wa.me/51984334042?text=Hola%20equipo%20de%20*Clyn%20Car%20-%20PLANCHADO%20Y%20PINTURA*%20%F0%9F%91%8B%2C%20los%20saluda%20el%20equipo%20de%20*Todo%20Lima*%20(todolima.com).%0A%0AVimos%20que%20son%20uno%20de%20los%20negocios%20con%20mejor%20reputaci%C3%B3n%20en%20Google%20Maps%20en%20*Ate*%20(%E2%AD%90%20*5.0*%20con%20excelentes%20opiniones)%20%C2%A1Felicitaciones%20por%20tan%20buen%20trabajo!%20%F0%9F%91%8F%0A%0ARevisamos%20su%20ficha%20y%20notamos%20que%20*a%C3%BAn%20no%20cuentan%20con%20una%20p%C3%A1gina%20web%20oficial*%20donde%20sus%20clientes%20puedan%20consultar%20sus%20servicios%20y%20agendar%20directamente%20por%20WhatsApp.%0A%0AEn%20*Todo%20Lima*%20creamos%20landing%20pages%20ultrarr%C3%A1pidas%20pensadas%20para%20negocios%20locales%3A%0A%E2%9C%85%20Subdominio%20verificado%3A%20*clyn-car-planchado-y-pintura.pintores.todolima.com*%0A%E2%9C%85%20Bot%C3%B3n%20de%20WhatsApp%20directo%20para%20recibir%20pedidos%20y%20citas%20al%20instante%0A%E2%9C%85%20Mapa%20interactivo%20para%20que%20lleguen%20a%20su%20local%20en%20Ate%0A%E2%9C%85%20Carga%20en%20menos%20de%201%20segundo%20en%20celulares%0A%E2%9C%85%20Ficha%20destacada%20en%20el%20directorio%20todolima.com%0A%0APreparamos%20una%20demostraci%C3%B3n%20sin%20costo%20de%20c%C3%B3mo%20se%20ver%C3%ADa%20la%20web%20de%20*Clyn%20Car%20-%20PLANCHADO%20Y%20PINTURA*.%20%C2%BFLes%20gustar%C3%ADa%20que%20les%20comparta%20el%20enlace%20de%20prueba%20por%20aqu%C3%AD%3F%20%F0%9F%9A%80"
"VG Servicios Generales",pintores,"Lima",,0,944462360,REDESIGN_WEBSITE,vg-servicios-generales.pintores.todolima.com,"https://wa.me/51944462360?text=Hola%20equipo%20de%20*VG%20Servicios%20Generales*%20%F0%9F%91%8B%2C%20gusto%20en%20saludarlos.%0A%0ALes%20escribimos%20desde%20*Todo%20Lima*.%20Al%20revisar%20a%20los%20referentes%20de%20*Lima*%20(donde%20ustedes%20destacan%20con%20%E2%AD%90%20*5.0*)%2C%20realizamos%20una%20auditor%C3%ADa%20t%C3%A9cnica%20gratuita%20a%20su%20web%20actual%20(*https%3A%2F%2Fvgserviciosgenerales.com%2F*).%0A%0ADetectamos%20algunos%20puntos%20cr%C3%ADticos%20que%20podr%C3%ADan%20estar%20frenando%20sus%20consultas%3A%0A%E2%80%A2%20El%20servidor%20tard%C3%B3%20m%C3%A1s%20de%204s%20en%20responder%20(Timeout).%20El%20sitio%20est%C3%A1%20pr%C3%A1cticamente%20inoperativo%20para%20usuarios%20m%C3%B3viles.%0A%0A%F0%9F%91%89%20*Dato%20clave%3A*%20El%2065%25%20de%20usuarios%20en%20Lima%20abandonan%20una%20web%20si%20no%20encuentran%20un%20bot%C3%B3n%20flotante%20de%20WhatsApp%20para%20consultar%20en%20el%20momento.%0A%F0%9F%91%89%20*Velocidad%3A*%20Su%20web%20tarda%204.0s%20en%20responder%2C%20cuando%20el%20est%C3%A1ndar%20recomendado%20para%20m%C3%B3viles%20es%20menor%20a%201.5s.%0A%0APodemos%20modernizar%20su%20web%20para%20que%20cargue%20al%20instante%20y%20multiplique%20sus%20contactos%20por%20WhatsApp.%20%C2%BFLes%20gustar%C3%ADa%20que%20les%20enviemos%20el%20reporte%20t%C3%A9cnico%20completo%3F%20%F0%9F%93%8A"
"Servicios generales de pintura AM - Trabajos de pintura",pintores,"Villa El Salvador",,0,989009681,REDESIGN_WEBSITE,servicios-generales-de-pintura.pintores.todolima.com,"https://wa.me/51989009681?text=Hola%20equipo%20de%20*Servicios%20generales%20de%20pintura%20AM%20-%20Trabajos%20de%20pintura*%20%F0%9F%91%8B%2C%20gusto%20en%20saludarlos.%0A%0ALes%20escribimos%20desde%20*Todo%20Lima*.%20Al%20revisar%20a%20los%20referentes%20de%20*Villa%20El%20Salvador*%20(donde%20ustedes%20destacan%20con%20%E2%AD%90%20*5.0*)%2C%20realizamos%20una%20auditor%C3%ADa%20t%C3%A9cnica%20gratuita%20a%20su%20web%20actual%20(*https%3A%2F%2Fwww.serviciosgeneralesdepintura.com%2F*).%0A%0ADetectamos%20algunos%20puntos%20cr%C3%ADticos%20que%20podr%C3%ADan%20estar%20frenando%20sus%20consultas%3A%0A%E2%80%A2%20Error%20de%20conexi%C3%B3n%20al%20cargar%20la%20p%C3%A1gina%3A%20fetch%20failed.%20El%20sitio%20se%20encuentra%20ca%C3%ADdo%20o%20inaccesible.%0A%0A%F0%9F%91%89%20*Dato%20clave%3A*%20El%2065%25%20de%20usuarios%20en%20Lima%20abandonan%20una%20web%20si%20no%20encuentran%20un%20bot%C3%B3n%20flotante%20de%20WhatsApp%20para%20consultar%20en%20el%20momento.%0A%0A%0APodemos%20modernizar%20su%20web%20para%20que%20cargue%20al%20instante%20y%20multiplique%20sus%20contactos%20por%20WhatsApp.%20%C2%BFLes%20gustar%C3%ADa%20que%20les%20enviemos%20el%20reporte%20t%C3%A9cnico%20completo%3F%20%F0%9F%93%8A"
"SERVICIOS GENERALES ART",pintores,"Lima",,0,983279677,UPGRADE_SOCIAL,servicios-generales-art.pintores.todolima.com,"https://wa.me/51983279677?text=Hola%20equipo%20de%20*SERVICIOS%20GENERALES%20ART*%20%F0%9F%91%8B%2C%20les%20escribe%20el%20equipo%20de%20*Todo%20Lima*.%0A%0ARevisamos%20su%20destacada%20presencia%20en%20Google%20Maps%20en%20*Lima*%20(%E2%AD%90%20*5.0*%20estrellas).%20Notamos%20que%20su%20enlace%20de%20contacto%20actual%20es%20un%20perfil%20de%20*Facebook*.%0A%0AMuchos%20clientes%20que%20buscan%20servicios%20en%20Google%20prefieren%20una%20web%20r%C3%A1pida%20donde%20ver%20cat%C3%A1logo%2C%20fotos%20y%20tarifas%20sin%20tener%20que%20entrar%20a%20una%20red%20social%20o%20ver%20distracciones%20de%20la%20competencia.%0A%0A%C2%BFLes%20interesar%C3%ADa%20complementar%20su%20Facebook%20con%20una%20p%C3%A1gina%20web%20oficial%20(*servicios-generales-art.pintores.todolima.com*)%20con%20bot%C3%B3n%20directo%20a%20WhatsApp%20y%20presencia%20prioritaria%20en%20Todo%20Lima%3F%0A%0ATenemos%20una%20maqueta%20lista%20para%20mostrarles%20sin%20compromiso.%20%C2%BFSe%20las%20comparto%20por%20este%20medio%3F%20%F0%9F%93%B2"
"Venta de Cuadros Decorativos, Cuzqueños, Oleo en Lima",pintores,"Lima",,0,947151881,NEEDS_WEBSITE,venta-de-cuadros-decorativos-c.pintores.todolima.com,"https://wa.me/51947151881?text=Hola%20equipo%20de%20*Venta%20de%20Cuadros%20Decorativos%2C%20Cuzque%C3%B1os%2C%20Oleo%20en%20Lima*%20%F0%9F%91%8B%2C%20los%20saluda%20el%20equipo%20de%20*Todo%20Lima*%20(todolima.com).%0A%0AVimos%20que%20son%20uno%20de%20los%20negocios%20con%20mejor%20reputaci%C3%B3n%20en%20Google%20Maps%20en%20*Lima*%20(%E2%AD%90%20*5.0*%20con%20excelentes%20opiniones)%20%C2%A1Felicitaciones%20por%20tan%20buen%20trabajo!%20%F0%9F%91%8F%0A%0ARevisamos%20su%20ficha%20y%20notamos%20que%20*a%C3%BAn%20no%20cuentan%20con%20una%20p%C3%A1gina%20web%20oficial*%20donde%20sus%20clientes%20puedan%20consultar%20sus%20servicios%20y%20agendar%20directamente%20por%20WhatsApp.%0A%0AEn%20*Todo%20Lima*%20creamos%20landing%20pages%20ultrarr%C3%A1pidas%20pensadas%20para%20negocios%20locales%3A%0A%E2%9C%85%20Subdominio%20verificado%3A%20*venta-de-cuadros-decorativos-c.pintores.todolima.com*%0A%E2%9C%85%20Bot%C3%B3n%20de%20WhatsApp%20directo%20para%20recibir%20pedidos%20y%20citas%20al%20instante%0A%E2%9C%85%20Mapa%20interactivo%20para%20que%20lleguen%20a%20su%20local%20en%20Lima%0A%E2%9C%85%20Carga%20en%20menos%20de%201%20segundo%20en%20celulares%0A%E2%9C%85%20Ficha%20destacada%20en%20el%20directorio%20todolima.com%0A%0APreparamos%20una%20demostraci%C3%B3n%20sin%20costo%20de%20c%C3%B3mo%20se%20ver%C3%ADa%20la%20web%20de%20*Venta%20de%20Cuadros%20Decorativos%2C%20Cuzque%C3%B1os%2C%20Oleo%20en%20Lima*.%20%C2%BFLes%20gustar%C3%ADa%20que%20les%20comparta%20el%20enlace%20de%20prueba%20por%20aqu%C3%AD%3F%20%F0%9F%9A%80"
"Planchado y Pintura Harry Potter",pintores,"Lima",,0,964011946,NEEDS_WEBSITE,planchado-y-pintura-harry-pott.pintores.todolima.com,"https://wa.me/51964011946?text=Hola%20equipo%20de%20*Planchado%20y%20Pintura%20Harry%20Potter*%20%F0%9F%91%8B%2C%20los%20saluda%20el%20equipo%20de%20*Todo%20Lima*%20(todolima.com).%0A%0AVimos%20que%20son%20uno%20de%20los%20negocios%20con%20mejor%20reputaci%C3%B3n%20en%20Google%20Maps%20en%20*Lima*%20(%E2%AD%90%20*5.0*%20con%20excelentes%20opiniones)%20%C2%A1Felicitaciones%20por%20tan%20buen%20trabajo!%20%F0%9F%91%8F%0A%0ARevisamos%20su%20ficha%20y%20notamos%20que%20*a%C3%BAn%20no%20cuentan%20con%20una%20p%C3%A1gina%20web%20oficial*%20donde%20sus%20clientes%20puedan%20consultar%20sus%20servicios%20y%20agendar%20directamente%20por%20WhatsApp.%0A%0AEn%20*Todo%20Lima*%20creamos%20landing%20pages%20ultrarr%C3%A1pidas%20pensadas%20para%20negocios%20locales%3A%0A%E2%9C%85%20Subdominio%20verificado%3A%20*planchado-y-pintura-harry-pott.pintores.todolima.com*%0A%E2%9C%85%20Bot%C3%B3n%20de%20WhatsApp%20directo%20para%20recibir%20pedidos%20y%20citas%20al%20instante%0A%E2%9C%85%20Mapa%20interactivo%20para%20que%20lleguen%20a%20su%20local%20en%20Lima%0A%E2%9C%85%20Carga%20en%20menos%20de%201%20segundo%20en%20celulares%0A%E2%9C%85%20Ficha%20destacada%20en%20el%20directorio%20todolima.com%0A%0APreparamos%20una%20demostraci%C3%B3n%20sin%20costo%20de%20c%C3%B3mo%20se%20ver%C3%ADa%20la%20web%20de%20*Planchado%20y%20Pintura%20Harry%20Potter*.%20%C2%BFLes%20gustar%C3%ADa%20que%20les%20comparta%20el%20enlace%20de%20prueba%20por%20aqu%C3%AD%3F%20%F0%9F%9A%80"
"PACKHOGAR",pintores,"Lima",,0,962281997,REDESIGN_WEBSITE,packhogar.pintores.todolima.com,"https://wa.me/51962281997?text=Hola%20equipo%20de%20*PACKHOGAR*%20%F0%9F%91%8B%2C%20gusto%20en%20saludarlos.%0A%0ALes%20escribimos%20desde%20*Todo%20Lima*.%20Al%20revisar%20a%20los%20referentes%20de%20*Lima*%20(donde%20ustedes%20destacan%20con%20%E2%AD%90%20*5.0*)%2C%20realizamos%20una%20auditor%C3%ADa%20t%C3%A9cnica%20gratuita%20a%20su%20web%20actual%20(*http%3A%2F%2Fpackhogar.org%2F*).%0A%0ADetectamos%20algunos%20puntos%20cr%C3%ADticos%20que%20podr%C3%ADan%20estar%20frenando%20sus%20consultas%3A%0A%E2%80%A2%20Tiempo%20de%20carga%20lento%20(2778ms).%20En%20m%C3%B3viles%20el%20usuario%20abandona%20tras%203%20segundos.%0A%E2%80%A2%20Carece%20de%20meta-descripci%C3%B3n%20optimizada%20para%20b%C3%BAsquedas%20en%20Google.%0A%E2%80%A2%20No%20tiene%20bot%C3%B3n%20directo%20a%20WhatsApp%20(pierde%20hasta%2060%25%20de%20contactos%20en%20Lima).%0A%0A%F0%9F%91%89%20*Dato%20clave%3A*%20El%2065%25%20de%20usuarios%20en%20Lima%20abandonan%20una%20web%20si%20no%20encuentran%20un%20bot%C3%B3n%20flotante%20de%20WhatsApp%20para%20consultar%20en%20el%20momento.%0A%0A%0APodemos%20modernizar%20su%20web%20para%20que%20cargue%20al%20instante%20y%20multiplique%20sus%20contactos%20por%20WhatsApp.%20%C2%BFLes%20gustar%C3%ADa%20que%20les%20enviemos%20el%20reporte%20t%C3%A9cnico%20completo%3F%20%F0%9F%93%8A"
"Eprodis Edificaciones s.a.c.",pintores,"Breña",,0,941951386,NEEDS_WEBSITE,eprodis-edificaciones-s-a-c.pintores.todolima.com,"https://wa.me/51941951386?text=Hola%20equipo%20de%20*Eprodis%20Edificaciones%20s.a.c.*%20%F0%9F%91%8B%2C%20los%20saluda%20el%20equipo%20de%20*Todo%20Lima*%20(todolima.com).%0A%0AVimos%20que%20son%20uno%20de%20los%20negocios%20con%20mejor%20reputaci%C3%B3n%20en%20Google%20Maps%20en%20*Bre%C3%B1a*%20(%E2%AD%90%20*5.0*%20con%20excelentes%20opiniones)%20%C2%A1Felicitaciones%20por%20tan%20buen%20trabajo!%20%F0%9F%91%8F%0A%0ARevisamos%20su%20ficha%20y%20notamos%20que%20*a%C3%BAn%20no%20cuentan%20con%20una%20p%C3%A1gina%20web%20oficial*%20donde%20sus%20clientes%20puedan%20consultar%20sus%20servicios%20y%20agendar%20directamente%20por%20WhatsApp.%0A%0AEn%20*Todo%20Lima*%20creamos%20landing%20pages%20ultrarr%C3%A1pidas%20pensadas%20para%20negocios%20locales%3A%0A%E2%9C%85%20Subdominio%20verificado%3A%20*eprodis-edificaciones-s-a-c.pintores.todolima.com*%0A%E2%9C%85%20Bot%C3%B3n%20de%20WhatsApp%20directo%20para%20recibir%20pedidos%20y%20citas%20al%20instante%0A%E2%9C%85%20Mapa%20interactivo%20para%20que%20lleguen%20a%20su%20local%20en%20Bre%C3%B1a%0A%E2%9C%85%20Carga%20en%20menos%20de%201%20segundo%20en%20celulares%0A%E2%9C%85%20Ficha%20destacada%20en%20el%20directorio%20todolima.com%0A%0APreparamos%20una%20demostraci%C3%B3n%20sin%20costo%20de%20c%C3%B3mo%20se%20ver%C3%ADa%20la%20web%20de%20*Eprodis%20Edificaciones%20s.a.c.*.%20%C2%BFLes%20gustar%C3%ADa%20que%20les%20comparta%20el%20enlace%20de%20prueba%20por%20aqu%C3%AD%3F%20%F0%9F%9A%80"
"XTRACRIL PUBLICIDAD",pintores,"Lima",,0,944263377,UPGRADE_SOCIAL,xtracril-publicidad.pintores.todolima.com,"https://wa.me/51944263377?text=Hola%20equipo%20de%20*XTRACRIL%20PUBLICIDAD*%20%F0%9F%91%8B%2C%20les%20escribe%20el%20equipo%20de%20*Todo%20Lima*.%0A%0ARevisamos%20su%20destacada%20presencia%20en%20Google%20Maps%20en%20*Lima*%20(%E2%AD%90%20*5.0*%20estrellas).%20Notamos%20que%20su%20enlace%20de%20contacto%20actual%20es%20un%20perfil%20de%20*Facebook*.%0A%0AMuchos%20clientes%20que%20buscan%20servicios%20en%20Google%20prefieren%20una%20web%20r%C3%A1pida%20donde%20ver%20cat%C3%A1logo%2C%20fotos%20y%20tarifas%20sin%20tener%20que%20entrar%20a%20una%20red%20social%20o%20ver%20distracciones%20de%20la%20competencia.%0A%0A%C2%BFLes%20interesar%C3%ADa%20complementar%20su%20Facebook%20con%20una%20p%C3%A1gina%20web%20oficial%20(*xtracril-publicidad.pintores.todolima.com*)%20con%20bot%C3%B3n%20directo%20a%20WhatsApp%20y%20presencia%20prioritaria%20en%20Todo%20Lima%3F%0A%0ATenemos%20una%20maqueta%20lista%20para%20mostrarles%20sin%20compromiso.%20%C2%BFSe%20las%20comparto%20por%20este%20medio%3F%20%F0%9F%93%B2"
"DISTRIBUIDORA CLAFLARLY E.I.R.L.",pintores,"Lima",,0,980949365,REDESIGN_WEBSITE,distribuidora-claflarly-e-i-r-.pintores.todolima.com,"https://wa.me/51980949365?text=Hola%20equipo%20de%20*DISTRIBUIDORA%20CLAFLARLY%20E.I.R.L.*%20%F0%9F%91%8B%2C%20gusto%20en%20saludarlos.%0A%0ALes%20escribimos%20desde%20*Todo%20Lima*.%20Al%20revisar%20a%20los%20referentes%20de%20*Lima*%20(donde%20ustedes%20destacan%20con%20%E2%AD%90%20*5.0*)%2C%20realizamos%20una%20auditor%C3%ADa%20t%C3%A9cnica%20gratuita%20a%20su%20web%20actual%20(*https%3A%2F%2Fclaflarly.com%2F*).%0A%0ADetectamos%20algunos%20puntos%20cr%C3%ADticos%20que%20podr%C3%ADan%20estar%20frenando%20sus%20consultas%3A%0A%E2%80%A2%20Error%20de%20conexi%C3%B3n%20al%20cargar%20la%20p%C3%A1gina%3A%20fetch%20failed.%20El%20sitio%20se%20encuentra%20ca%C3%ADdo%20o%20inaccesible.%0A%0A%F0%9F%91%89%20*Dato%20clave%3A*%20El%2065%25%20de%20usuarios%20en%20Lima%20abandonan%20una%20web%20si%20no%20encuentran%20un%20bot%C3%B3n%20flotante%20de%20WhatsApp%20para%20consultar%20en%20el%20momento.%0A%0A%0APodemos%20modernizar%20su%20web%20para%20que%20cargue%20al%20instante%20y%20multiplique%20sus%20contactos%20por%20WhatsApp.%20%C2%BFLes%20gustar%C3%ADa%20que%20les%20enviemos%20el%20reporte%20t%C3%A9cnico%20completo%3F%20%F0%9F%93%8A"
"MAS QUE BONITA",pintores,"Lima",,0,959654103,NEEDS_WEBSITE,mas-que-bonita.pintores.todolima.com,"https://wa.me/51959654103?text=Hola%20equipo%20de%20*MAS%20QUE%20BONITA*%20%F0%9F%91%8B%2C%20los%20saluda%20el%20equipo%20de%20*Todo%20Lima*%20(todolima.com).%0A%0AVimos%20que%20son%20uno%20de%20los%20negocios%20con%20mejor%20reputaci%C3%B3n%20en%20Google%20Maps%20en%20*Lima*%20(%E2%AD%90%20*5.0*%20con%20excelentes%20opiniones)%20%C2%A1Felicitaciones%20por%20tan%20buen%20trabajo!%20%F0%9F%91%8F%0A%0ARevisamos%20su%20ficha%20y%20notamos%20que%20*a%C3%BAn%20no%20cuentan%20con%20una%20p%C3%A1gina%20web%20oficial*%20donde%20sus%20clientes%20puedan%20consultar%20sus%20servicios%20y%20agendar%20directamente%20por%20WhatsApp.%0A%0AEn%20*Todo%20Lima*%20creamos%20landing%20pages%20ultrarr%C3%A1pidas%20pensadas%20para%20negocios%20locales%3A%0A%E2%9C%85%20Subdominio%20verificado%3A%20*mas-que-bonita.pintores.todolima.com*%0A%E2%9C%85%20Bot%C3%B3n%20de%20WhatsApp%20directo%20para%20recibir%20pedidos%20y%20citas%20al%20instante%0A%E2%9C%85%20Mapa%20interactivo%20para%20que%20lleguen%20a%20su%20local%20en%20Lima%0A%E2%9C%85%20Carga%20en%20menos%20de%201%20segundo%20en%20celulares%0A%E2%9C%85%20Ficha%20destacada%20en%20el%20directorio%20todolima.com%0A%0APreparamos%20una%20demostraci%C3%B3n%20sin%20costo%20de%20c%C3%B3mo%20se%20ver%C3%ADa%20la%20web%20de%20*MAS%20QUE%20BONITA*.%20%C2%BFLes%20gustar%C3%ADa%20que%20les%20comparta%20el%20enlace%20de%20prueba%20por%20aqu%C3%AD%3F%20%F0%9F%9A%80"
"Pintado de celulares El Veloz",pintores,"Lima",,0,999966823,NEEDS_WEBSITE,pintado-de-celulares-el-veloz.pintores.todolima.com,"https://wa.me/51999966823?text=Hola%20equipo%20de%20*Pintado%20de%20celulares%20El%20Veloz*%20%F0%9F%91%8B%2C%20los%20saluda%20el%20equipo%20de%20*Todo%20Lima*%20(todolima.com).%0A%0AVimos%20que%20son%20uno%20de%20los%20negocios%20con%20mejor%20reputaci%C3%B3n%20en%20Google%20Maps%20en%20*Lima*%20(%E2%AD%90%20*5.0*%20con%20excelentes%20opiniones)%20%C2%A1Felicitaciones%20por%20tan%20buen%20trabajo!%20%F0%9F%91%8F%0A%0ARevisamos%20su%20ficha%20y%20notamos%20que%20*a%C3%BAn%20no%20cuentan%20con%20una%20p%C3%A1gina%20web%20oficial*%20donde%20sus%20clientes%20puedan%20consultar%20sus%20servicios%20y%20agendar%20directamente%20por%20WhatsApp.%0A%0AEn%20*Todo%20Lima*%20creamos%20landing%20pages%20ultrarr%C3%A1pidas%20pensadas%20para%20negocios%20locales%3A%0A%E2%9C%85%20Subdominio%20verificado%3A%20*pintado-de-celulares-el-veloz.pintores.todolima.com*%0A%E2%9C%85%20Bot%C3%B3n%20de%20WhatsApp%20directo%20para%20recibir%20pedidos%20y%20citas%20al%20instante%0A%E2%9C%85%20Mapa%20interactivo%20para%20que%20lleguen%20a%20su%20local%20en%20Lima%0A%E2%9C%85%20Carga%20en%20menos%20de%201%20segundo%20en%20celulares%0A%E2%9C%85%20Ficha%20destacada%20en%20el%20directorio%20todolima.com%0A%0APreparamos%20una%20demostraci%C3%B3n%20sin%20costo%20de%20c%C3%B3mo%20se%20ver%C3%ADa%20la%20web%20de%20*Pintado%20de%20celulares%20El%20Veloz*.%20%C2%BFLes%20gustar%C3%ADa%20que%20les%20comparta%20el%20enlace%20de%20prueba%20por%20aqu%C3%AD%3F%20%F0%9F%9A%80"
"Pinturas Velsalit y Velsa",pintores,"Lima",,0,995528192,UPGRADE_SOCIAL,pinturas-velsalit-y-velsa.pintores.todolima.com,"https://wa.me/51995528192?text=Hola%20equipo%20de%20*Pinturas%20Velsalit%20y%20Velsa*%20%F0%9F%91%8B%2C%20les%20escribe%20el%20equipo%20de%20*Todo%20Lima*.%0A%0ARevisamos%20su%20destacada%20presencia%20en%20Google%20Maps%20en%20*Lima*%20(%E2%AD%90%20*5.0*%20estrellas).%20Notamos%20que%20su%20enlace%20de%20contacto%20actual%20es%20un%20perfil%20de%20*Facebook*.%0A%0AMuchos%20clientes%20que%20buscan%20servicios%20en%20Google%20prefieren%20una%20web%20r%C3%A1pida%20donde%20ver%20cat%C3%A1logo%2C%20fotos%20y%20tarifas%20sin%20tener%20que%20entrar%20a%20una%20red%20social%20o%20ver%20distracciones%20de%20la%20competencia.%0A%0A%C2%BFLes%20interesar%C3%ADa%20complementar%20su%20Facebook%20con%20una%20p%C3%A1gina%20web%20oficial%20(*pinturas-velsalit-y-velsa.pintores.todolima.com*)%20con%20bot%C3%B3n%20directo%20a%20WhatsApp%20y%20presencia%20prioritaria%20en%20Todo%20Lima%3F%0A%0ATenemos%20una%20maqueta%20lista%20para%20mostrarles%20sin%20compromiso.%20%C2%BFSe%20las%20comparto%20por%20este%20medio%3F%20%F0%9F%93%B2"
"Multiservicios generales construcion",pintores,"Lima",,0,989679070,NEEDS_WEBSITE,multiservicios-generales-const.pintores.todolima.com,"https://wa.me/51989679070?text=Hola%20equipo%20de%20*Multiservicios%20generales%20construcion*%20%F0%9F%91%8B%2C%20los%20saluda%20el%20equipo%20de%20*Todo%20Lima*%20(todolima.com).%0A%0AVimos%20que%20son%20uno%20de%20los%20negocios%20con%20mejor%20reputaci%C3%B3n%20en%20Google%20Maps%20en%20*Lima*%20(%E2%AD%90%20*5.0*%20con%20excelentes%20opiniones)%20%C2%A1Felicitaciones%20por%20tan%20buen%20trabajo!%20%F0%9F%91%8F%0A%0ARevisamos%20su%20ficha%20y%20notamos%20que%20*a%C3%BAn%20no%20cuentan%20con%20una%20p%C3%A1gina%20web%20oficial*%20donde%20sus%20clientes%20puedan%20consultar%20sus%20servicios%20y%20agendar%20directamente%20por%20WhatsApp.%0A%0AEn%20*Todo%20Lima*%20creamos%20landing%20pages%20ultrarr%C3%A1pidas%20pensadas%20para%20negocios%20locales%3A%0A%E2%9C%85%20Subdominio%20verificado%3A%20*multiservicios-generales-const.pintores.todolima.com*%0A%E2%9C%85%20Bot%C3%B3n%20de%20WhatsApp%20directo%20para%20recibir%20pedidos%20y%20citas%20al%20instante%0A%E2%9C%85%20Mapa%20interactivo%20para%20que%20lleguen%20a%20su%20local%20en%20Lima%0A%E2%9C%85%20Carga%20en%20menos%20de%201%20segundo%20en%20celulares%0A%E2%9C%85%20Ficha%20destacada%20en%20el%20directorio%20todolima.com%0A%0APreparamos%20una%20demostraci%C3%B3n%20sin%20costo%20de%20c%C3%B3mo%20se%20ver%C3%ADa%20la%20web%20de%20*Multiservicios%20generales%20construcion*.%20%C2%BFLes%20gustar%C3%ADa%20que%20les%20comparta%20el%20enlace%20de%20prueba%20por%20aqu%C3%AD%3F%20%F0%9F%9A%80"